ISO-10303-21;
HEADER;
FILE_DESCRIPTION(('ViewDefinition[DesignTransferView]'),'2;1');
FILE_NAME('s03-activity.ifc','2026-10-07T15:25:38+08:00',(''),(''),'IfcOpenShell 0.8.5-post1','Bonsai 0.8.5-post1','Nobody');
FILE_SCHEMA(('IFC4'));
ENDSEC;
DATA;
#1=IFCPROJECT('0osC3vcIvA6e6AXs7pqIp1',$,'My Project',$,$,$,$,(#10,#22),#5);
#2=IFCSIUNIT(*,.LENGTHUNIT.,$,.METRE.);
#3=IFCSIUNIT(*,.AREAUNIT.,$,.SQUARE_METRE.);
#4=IFCSIUNIT(*,.VOLUMEUNIT.,$,.CUBIC_METRE.);
#5=IFCUNITASSIGNMENT((#4,#2,#3));
#6=IFCCARTESIANPOINT((0.,0.,0.));
#7=IFCDIRECTION((0.,0.,1.));
#8=IFCDIRECTION((1.,0.,0.));
#9=IFCAXIS2PLACEMENT3D(#6,#7,#8);
#10=IFCGEOMETRICREPRESENTATIONCONTEXT($,'Model',3,1.0000000000000001E-05,#9,$);
#11=IFCGEOMETRICREPRESENTATIONSUBCONTEXT('Body','Model',*,*,*,*,#10,$,.MODEL_VIEW.,$);
#12=IFCGEOMETRICREPRESENTATIONSUBCONTEXT('Axis','Model',*,*,*,*,#10,$,.GRAPH_VIEW.,$);
#13=IFCGEOMETRICREPRESENTATIONSUBCONTEXT('Box','Model',*,*,*,*,#10,$,.MODEL_VIEW.,$);
#14=IFCGEOMETRICREPRESENTATIONSUBCONTEXT('Annotation','Model',*,*,*,*,#10,$,.SECTION_VIEW.,$);
#15=IFCGEOMETRICREPRESENTATIONSUBCONTEXT('Annotation','Model',*,*,*,*,#10,$,.ELEVATION_VIEW.,$);
#16=IFCGEOMETRICREPRESENTATIONSUBCONTEXT('Annotation','Model',*,*,*,*,#10,$,.MODEL_VIEW.,$);
#17=IFCGEOMETRICREPRESENTATIONSUBCONTEXT('Annotation','Model',*,*,*,*,#10,$,.PLAN_VIEW.,$);
#18=IFCGEOMETRICREPRESENTATIONSUBCONTEXT('Profile','Model',*,*,*,*,#10,$,.ELEVATION_VIEW.,$);
#19=IFCCARTESIANPOINT((0.,0.));
#20=IFCDIRECTION((1.,0.));
#21=IFCAXIS2PLACEMENT2D(#19,#20);
#22=IFCGEOMETRICREPRESENTATIONCONTEXT($,'Plan',2,1.0000000000000001E-05,#21,$);
#23=IFCGEOMETRICREPRESENTATIONSUBCONTEXT('Axis','Plan',*,*,*,*,#22,$,.GRAPH_VIEW.,$);
#24=IFCGEOMETRICREPRESENTATIONSUBCONTEXT('Body','Plan',*,*,*,*,#22,$,.PLAN_VIEW.,$);
#25=IFCGEOMETRICREPRESENTATIONSUBCONTEXT('Annotation','Plan',*,*,*,*,#22,$,.PLAN_VIEW.,$);
#26=IFCGEOMETRICREPRESENTATIONSUBCONTEXT('Annotation','Plan',*,*,*,*,#22,$,.REFLECTED_PLAN_VIEW.,$);
#27=IFCSITE('3JcV7jAL9BWhE_dYa2RXhf',$,'My Site',$,$,#50,$,$,$,$,$,$,$,$);
#33=IFCBUILDING('2AMUMQzYf9WPsn_vkinR8G',$,'My Building',$,$,#56,$,$,$,$,$,$);
#39=IFCBUILDINGSTOREY('11CvMR79XAOP8GZN7lW6OV',$,'GF',$,$,#101,$,$,$,$);
#45=IFCRELAGGREGATES('3O1jk95TTCzAb5kp_PzeaS',$,$,$,#1,(#27));
#46=IFCCARTESIANPOINT((0.,0.,0.));
#47=IFCDIRECTION((0.,0.,1.));
#48=IFCDIRECTION((1.,0.,0.));
#49=IFCAXIS2PLACEMENT3D(#46,#47,#48);
#50=IFCLOCALPLACEMENT($,#49);
#51=IFCRELAGGREGATES('2mjLaSSPL2b9zsponaalIn',$,$,$,#27,(#33));
#52=IFCCARTESIANPOINT((0.,0.,0.));
#53=IFCDIRECTION((0.,0.,1.));
#54=IFCDIRECTION((1.,0.,0.));
#55=IFCAXIS2PLACEMENT3D(#52,#53,#54);
#56=IFCLOCALPLACEMENT(#50,#55);
#57=IFCRELAGGREGATES('1AfeyAOB9C8QO6sYpRJ5Ny',$,$,$,#33,(#80,#39,#63));
#63=IFCBUILDINGSTOREY('00h8n0az949w1RwUsnTBjj',$,'2F',$,$,#106,$,$,$,$);
#80=IFCBUILDINGSTOREY('2N$_chRBX4LuJsuaik_e62',$,'ROOF',$,$,#111,$,$,$,$);
#97=IFCCARTESIANPOINT((0.,0.,0.));
#98=IFCDIRECTION((0.,0.,1.));
#99=IFCDIRECTION((1.,0.,0.));
#100=IFCAXIS2PLACEMENT3D(#97,#98,#99);
#101=IFCLOCALPLACEMENT(#56,#100);
#102=IFCCARTESIANPOINT((0.,0.,3.));
#103=IFCDIRECTION((0.,0.,1.));
#104=IFCDIRECTION((1.,0.,0.));
#105=IFCAXIS2PLACEMENT3D(#102,#103,#104);
#106=IFCLOCALPLACEMENT(#56,#105);
#107=IFCCARTESIANPOINT((0.,0.,6.));
#108=IFCDIRECTION((0.,0.,1.));
#109=IFCDIRECTION((1.,0.,0.));
#110=IFCAXIS2PLACEMENT3D(#107,#108,#109);
#111=IFCLOCALPLACEMENT(#56,#110);
#112=IFCWALLTYPE('0sGUGTA3XE1x2RBaT0P_k0',$,'GF-Wall',$,$,(#117),$,$,$,.SOLIDWALL.);
#113=IFCMATERIAL('Unknown',$,$);
#114=IFCMATERIALLAYERSET((#116),$,$);
#115=IFCRELASSOCIATESMATERIAL('05eMlUcVjFyual4BX$tROq',$,$,$,(#112),#114);
#116=IFCMATERIALLAYER(#113,0.10000000000000001,$,$,$,$,$);
#117=IFCPROPERTYSET('2YNO1c4gD9RAG2JbMhUHaH',$,'EPset_Parametric',$,(#118));
#118=IFCPROPERTYSINGLEVALUE('LayerSetDirection',$,IFCLABEL('AXIS2'),$);
#119=IFCWALL('0i5a1ylqT0c8Y0028As4Y2',$,'Wall',$,$,#11491,#127,$,$);
#120=IFCRELCONTAINEDINSPATIALSTRUCTURE('0XyAPqS8DEXemco82lk$aP',$,$,$,(#671,#246,#171,#1540,#4016,#1962,#2369,#221,#3707,#146,#1233,#806,#696,#271,#119,#3400,#4250,#2650,#940,#1010,#196,#15208),#39);
#121=IFCRELDEFINESBYTYPE('3Cy1ZZC4r678G0jshASsmS',$,$,$,(#940,#246,#146,#806,#196,#696,#221,#271,#171,#1010,#671,#119,#15208),#112);
#122=IFCMATERIALLAYERSETUSAGE(#114,.AXIS2.,.POSITIVE.,0.,$);
#123=IFCRELASSOCIATESMATERIAL('1Yd_NBZQnFpQdJI5P4e5ku',$,$,$,(#119),#122);
#127=IFCPRODUCTDEFINITIONSHAPE($,$,(#11486,#11483));
#143=IFCPROPERTYSET('3jnpfl3bTBAQ$e3v4eLp9U',$,'EPset_Parametric',$,(#145));
#144=IFCRELDEFINESBYPROPERTIES('2D_TifCVfFOujRkkkQdJxh',$,$,$,(#119),#143);
#145=IFCPROPERTYSINGLEVALUE('Engine',$,IFCLABEL('Bonsai.DumbLayer2'),$);
#146=IFCWALL('3gXP6qfob8sw1PFElnLRjD',$,'Wall',$,$,#157,#152,$,$);
#147=IFCMATERIALLAYERSETUSAGE(#114,.AXIS2.,.POSITIVE.,0.,$);
#148=IFCRELASSOCIATESMATERIAL('2cj5bm26f5$ffO_la7u5OU',$,$,$,(#146),#147);
#152=IFCPRODUCTDEFINITIONSHAPE($,$,(#483,#480));
#153=IFCCARTESIANPOINT((4.2266049385070801,-2.5901062488555908,0.));
#154=IFCDIRECTION((0.,0.,1.));
#155=IFCDIRECTION((7.5497901264043109E-08,0.99999999999999711,0.));
#156=IFCAXIS2PLACEMENT3D(#153,#154,#155);
#157=IFCLOCALPLACEMENT(#101,#156);
#168=IFCPROPERTYSET('3vKAkxJ8P2qerdK5sacg7e',$,'EPset_Parametric',$,(#170));
#169=IFCRELDEFINESBYPROPERTIES('3mpJdwzX92CfbnDSMyJaZk',$,$,$,(#146),#168);
#170=IFCPROPERTYSINGLEVALUE('Engine',$,IFCLABEL('Bonsai.DumbLayer2'),$);
#171=IFCWALL('2BCoMT4cXDSOEqtpMTS$yu',$,'Wall',$,$,#470,#177,$,$);
#172=IFCMATERIALLAYERSETUSAGE(#114,.AXIS2.,.POSITIVE.,0.,$);
#173=IFCRELASSOCIATESMATERIAL('1_o0K5Jgz6ZBgdDGv4_pLV',$,$,$,(#171),#172);
#177=IFCPRODUCTDEFINITIONSHAPE($,$,(#515,#512));
#193=IFCPROPERTYSET('0Vj8VVzkXBwutjZ9vXquhp',$,'EPset_Parametric',$,(#195));
#194=IFCRELDEFINESBYPROPERTIES('1lm3fyoQzEgQRxOvZCkl4G',$,$,$,(#171),#193);
#195=IFCPROPERTYSINGLEVALUE('Engine',$,IFCLABEL('Bonsai.DumbLayer2'),$);
#196=IFCWALL('3a$RT5YEDBpRcc71RFVBo5',$,'Wall',$,$,#502,#202,$,$);
#197=IFCMATERIALLAYERSETUSAGE(#114,.AXIS2.,.POSITIVE.,0.,$);
#198=IFCRELASSOCIATESMATERIAL('3DdZDt1aX7584XfinDSZv9',$,$,$,(#196),#197);
#202=IFCPRODUCTDEFINITIONSHAPE($,$,(#542,#539));
#218=IFCPROPERTYSET('2rX4zZNxT7C8LMh_Tt8W5J',$,'EPset_Parametric',$,(#220));
#219=IFCRELDEFINESBYPROPERTIES('1N9lWhBRjF$BZKtVyI5IF3',$,$,$,(#196),#218);
#220=IFCPROPERTYSINGLEVALUE('Engine',$,IFCLABEL('Bonsai.DumbLayer2'),$);
#221=IFCWALL('0fASZ_V$XETPn8CLGtS9QK',$,'Wall',$,$,#232,#227,$,$);
#222=IFCMATERIALLAYERSETUSAGE(#114,.AXIS2.,.POSITIVE.,0.,$);
#223=IFCRELASSOCIATESMATERIAL('0rSDTuCur45vkbxpGkINUq',$,$,$,(#221),#222);
#227=IFCPRODUCTDEFINITIONSHAPE($,$,(#875,#872));
#228=IFCCARTESIANPOINT((0.77660453319549561,5.0598936080932617,0.));
#229=IFCDIRECTION((0.,0.,1.));
#230=IFCDIRECTION((-0.99999999999992428,3.8941436741876494E-07,0.));
#231=IFCAXIS2PLACEMENT3D(#228,#229,#230);
#232=IFCLOCALPLACEMENT(#101,#231);
#243=IFCPROPERTYSET('08bIzOp75A2utQD8d_KLU4',$,'EPset_Parametric',$,(#245));
#244=IFCRELDEFINESBYPROPERTIES('05qRoxrdb8fftJFc6PCDox',$,$,$,(#221),#243);
#245=IFCPROPERTYSINGLEVALUE('Engine',$,IFCLABEL('Bonsai.DumbLayer2'),$);
#246=IFCWALL('0yXj3mwSX1q8k9Fyixi4mq',$,'Wall',$,$,#561,#252,$,$);
#247=IFCMATERIALLAYERSETUSAGE(#114,.AXIS2.,.POSITIVE.,0.,$);
#248=IFCRELASSOCIATESMATERIAL('3INt7PMRbESAnTXVf7Fbd7',$,$,$,(#246),#247);
#252=IFCPRODUCTDEFINITIONSHAPE($,$,(#10279,#10276));
#268=IFCPROPERTYSET('0MFL91hJr0P8JGDHrZLicZ',$,'EPset_Parametric',$,(#270));
#269=IFCRELDEFINESBYPROPERTIES('1y52Xo9tD2TgYDeoqUyzbl',$,$,$,(#246),#268);
#270=IFCPROPERTYSINGLEVALUE('Engine',$,IFCLABEL('Bonsai.DumbLayer2'),$);
#271=IFCWALL('3TqAeqemv0rwGMi6MfF_hN',$,'Wall',$,$,#593,#277,$,$);
#272=IFCMATERIALLAYERSETUSAGE(#114,.AXIS2.,.POSITIVE.,0.,$);
#273=IFCRELASSOCIATESMATERIAL('0csEDSJvP6$f1f8Wbx1Rpn',$,$,$,(#271),#272);
#277=IFCPRODUCTDEFINITIONSHAPE($,$,(#15332,#15329));
#293=IFCPROPERTYSET('0ZtbjyVsH7pBHGRWsnZVQx',$,'EPset_Parametric',$,(#295));
#294=IFCRELDEFINESBYPROPERTIES('2BLrSRjrjEj8rholhdkTiX',$,$,$,(#271),#293);
#295=IFCPROPERTYSINGLEVALUE('Engine',$,IFCLABEL('Bonsai.DumbLayer2'),$);
#425=IFCRELCONNECTSPATHELEMENTS('2Ogve_P6XBHuN5r8R5gRnp',$,$,$,$,#146,#119,(),(),.ATEND.,.ATSTART.);
#452=IFCRELCONNECTSPATHELEMENTS('2_pxRh7KX1GBSTViU8jqct',$,$,$,$,#171,#146,(),(),.ATEND.,.ATSTART.);
#466=IFCCARTESIANPOINT((4.2266056255380287,6.5098943710328907,0.));
#467=IFCDIRECTION((0.,0.,1.));
#468=IFCDIRECTION((-0.99999999999998868,-1.5099580252808492E-07,0.));
#469=IFCAXIS2PLACEMENT3D(#466,#467,#468);
#470=IFCLOCALPLACEMENT(#101,#469);
#471=IFCCARTESIANPOINTLIST2D(((0.,0.),(0.099999992450210157,0.10000000000000001),(9.0000005972391328,0.10000000000000001),(9.1000006198885064,0.)));
#472=IFCINDEXEDPOLYCURVE(#471,(IFCLINEINDEX((1,2,3,4,1))),$);
#473=IFCARBITRARYCLOSEDPROFILEDEF(.AREA.,$,#472);
#474=IFCCARTESIANPOINT((0.,0.,0.));
#475=IFCDIRECTION((0.,0.,1.));
#476=IFCDIRECTION((1.,0.,0.));
#477=IFCAXIS2PLACEMENT3D(#474,#475,#476);
#478=IFCDIRECTION((0.,0.,1.));
#479=IFCEXTRUDEDAREASOLID(#473,#477,#478,3.);
#480=IFCSHAPEREPRESENTATION(#11,'Body','SweptSolid',(#479));
#481=IFCCARTESIANPOINTLIST2D(((0.,0.),(9.1000006198885064,0.)));
#482=IFCINDEXEDPOLYCURVE(#481,$,$);
#483=IFCSHAPEREPRESENTATION(#23,'Axis','Curve2D',(#482));
#484=IFCRELCONNECTSPATHELEMENTS('3pwodFnQD9cuUI5Ih0$G$v',$,$,$,$,#196,#171,(),(),.ATEND.,.ATSTART.);
#498=IFCCARTESIANPOINT((0.77660441398620939,6.5098938500971899,0.));
#499=IFCDIRECTION((0.,0.,1.));
#500=IFCDIRECTION((7.5497901264043123E-08,-0.99999999999999722,0.));
#501=IFCAXIS2PLACEMENT3D(#498,#499,#500);
#502=IFCLOCALPLACEMENT(#101,#501);
#503=IFCCARTESIANPOINTLIST2D(((0.,0.),(0.10000002264937295,0.10000000000000001),(3.3500012191016491,0.10000000000000001),(3.450001211551859,0.)));
#504=IFCINDEXEDPOLYCURVE(#503,(IFCLINEINDEX((1,2,3,4,1))),$);
#505=IFCARBITRARYCLOSEDPROFILEDEF(.AREA.,$,#504);
#506=IFCCARTESIANPOINT((0.,0.,0.));
#507=IFCDIRECTION((0.,0.,1.));
#508=IFCDIRECTION((1.,0.,0.));
#509=IFCAXIS2PLACEMENT3D(#506,#507,#508);
#510=IFCDIRECTION((0.,0.,1.));
#511=IFCEXTRUDEDAREASOLID(#505,#509,#510,3.);
#512=IFCSHAPEREPRESENTATION(#11,'Body','SweptSolid',(#511));
#513=IFCCARTESIANPOINTLIST2D(((0.,0.),(3.450001211551859,0.)));
#514=IFCINDEXEDPOLYCURVE(#513,$,$);
#515=IFCSHAPEREPRESENTATION(#23,'Axis','Curve2D',(#514));
#516=IFCRELCONNECTSPATHELEMENTS('2FT$0V8212pQiZiQWaJO2U',$,$,$,$,#221,#196,(),(),.ATEND.,.ATSTART.);
#530=IFCCARTESIANPOINTLIST2D(((0.,0.),(0.099999992450210171,0.10000000000000001),(1.5500002884951649,0.10000000000000001),(1.4500002420039273,0.)));
#531=IFCINDEXEDPOLYCURVE(#530,(IFCLINEINDEX((1,2,3,4,1))),$);
#532=IFCARBITRARYCLOSEDPROFILEDEF(.AREA.,$,#531);
#533=IFCCARTESIANPOINT((0.,0.,0.));
#534=IFCDIRECTION((0.,0.,1.));
#535=IFCDIRECTION((1.,0.,0.));
#536=IFCAXIS2PLACEMENT3D(#533,#534,#535);
#537=IFCDIRECTION((0.,0.,1.));
#538=IFCEXTRUDEDAREASOLID(#532,#536,#537,3.);
#539=IFCSHAPEREPRESENTATION(#11,'Body','SweptSolid',(#538));
#540=IFCCARTESIANPOINTLIST2D(((0.,0.),(1.4500002420039273,0.)));
#541=IFCINDEXEDPOLYCURVE(#540,$,$);
#542=IFCSHAPEREPRESENTATION(#23,'Axis','Curve2D',(#541));
#543=IFCRELCONNECTSPATHELEMENTS('22DjerDJD4quIgWSrMCuK_',$,$,$,$,#246,#221,(),(),.ATEND.,.ATSTART.);
#557=IFCCARTESIANPOINT((-2.7733950614929883,5.0598949905141088,0.));
#558=IFCDIRECTION((0.,0.,1.));
#559=IFCDIRECTION((7.5497901264043123E-08,-0.99999999999999722,0.));
#560=IFCAXIS2PLACEMENT3D(#557,#558,#559);
#561=IFCLOCALPLACEMENT(#101,#560);
#589=IFCCARTESIANPOINT((-2.7733946726787213,-0.090106010437011719,0.));
#590=IFCDIRECTION((0.,0.,1.));
#591=IFCDIRECTION((1.,0.,0.));
#592=IFCAXIS2PLACEMENT3D(#589,#590,#591);
#593=IFCLOCALPLACEMENT(#101,#592);
#671=IFCWALL('2oz9Qw0Qr9hBLeTy1zeSEH',$,'Wall',$,$,#11441,#677,$,$);
#672=IFCMATERIALLAYERSETUSAGE(#114,.AXIS2.,.POSITIVE.,0.,$);
#673=IFCRELASSOCIATESMATERIAL('3hj51uppfFn9mQ0zOedD$h',$,$,$,(#671),#672);
#677=IFCPRODUCTDEFINITIONSHAPE($,$,(#15319,#15316));
#693=IFCPROPERTYSET('1QsriOzyj4rfbbpRwrDXfD',$,'EPset_Parametric',$,(#695));
#694=IFCRELDEFINESBYPROPERTIES('3EaU3Cye9AdwNIC0XTn6ht',$,$,$,(#671),#693);
#695=IFCPROPERTYSINGLEVALUE('Engine',$,IFCLABEL('Bonsai.DumbLayer2'),$);
#696=IFCWALL('3TFuVvpE5CkhPYQf0n78Pz',$,'Wall',$,$,#11520,#702,$,$);
#697=IFCMATERIALLAYERSETUSAGE(#114,.AXIS2.,.POSITIVE.,0.,$);
#698=IFCRELASSOCIATESMATERIAL('26klIavfn7DQfz6Wnyd7TD',$,$,$,(#696),#697);
#702=IFCPRODUCTDEFINITIONSHAPE($,$,(#11515,#11512));
#718=IFCPROPERTYSET('2IgcQ2TSn55xUNJqdCm3Wz',$,'EPset_Parametric',$,(#720));
#719=IFCRELDEFINESBYPROPERTIES('2U4qVQpFP0yPQ776gZFLk8',$,$,$,(#696),#718);
#720=IFCPROPERTYSINGLEVALUE('Engine',$,IFCLABEL('Bonsai.DumbLayer2'),$);
#779=IFCRELCONNECTSPATHELEMENTS('30bR9QuKH5TR5jN1MdVmac',$,$,$,$,#696,#246,(),(),.ATPATH.,.ATEND.);
#806=IFCWALL('1HAHr9y0XCT9EeJ65I5G0H',$,'Wall',$,$,#926,#812,$,$);
#807=IFCMATERIALLAYERSETUSAGE(#114,.AXIS2.,.POSITIVE.,0.,$);
#808=IFCRELASSOCIATESMATERIAL('3Ac_0mJmX318OFDlSI6hnY',$,$,$,(#806),#807);
#812=IFCPRODUCTDEFINITIONSHAPE($,$,(#1009,#1006));
#828=IFCPROPERTYSET('2BaBJiiLP4QwMUbL3lBlz6',$,'EPset_Parametric',$,(#830));
#829=IFCRELDEFINESBYPROPERTIES('1xhhP4Vwz9VAr2nr072rA6',$,$,$,(#806),#828);
#830=IFCPROPERTYSINGLEVALUE('Engine',$,IFCLABEL('Bonsai.DumbLayer2'),$);
#849=IFCRELCONNECTSPATHELEMENTS('0lkgPBXpn2owia3W7GuiJT',$,$,$,$,#806,#221,(),(),.ATPATH.,.ATEND.);
#863=IFCCARTESIANPOINTLIST2D(((0.,0.),(-0.10000004649123767,0.10000000000000001),(3.4499995384602045,0.10000000000000001),(3.5499995849514421,0.)));
#864=IFCINDEXEDPOLYCURVE(#863,(IFCLINEINDEX((1,2,3,4,1))),$);
#865=IFCARBITRARYCLOSEDPROFILEDEF(.AREA.,$,#864);
#866=IFCCARTESIANPOINT((0.,0.,0.));
#867=IFCDIRECTION((0.,0.,1.));
#868=IFCDIRECTION((1.,0.,0.));
#869=IFCAXIS2PLACEMENT3D(#866,#867,#868);
#870=IFCDIRECTION((0.,0.,1.));
#871=IFCEXTRUDEDAREASOLID(#865,#869,#870,3.);
#872=IFCSHAPEREPRESENTATION(#11,'Body','SweptSolid',(#871));
#873=IFCCARTESIANPOINTLIST2D(((0.,0.),(3.5499995849514421,0.)));
#874=IFCINDEXEDPOLYCURVE(#873,$,$);
#875=IFCSHAPEREPRESENTATION(#23,'Axis','Curve2D',(#874));
#908=IFCRELCONNECTSPATHELEMENTS('3oYSi_Fnz1vvd10JVaw8Uc',$,$,$,$,#806,#696,(),(),.ATPATH.,.ATSTART.);
#922=IFCCARTESIANPOINT((-1.1777733717734509,2.6398937814815571,0.));
#923=IFCDIRECTION((0.,0.,1.));
#924=IFCDIRECTION((1.9470718370939353E-07,0.99999999999998113,0.));
#925=IFCAXIS2PLACEMENT3D(#922,#923,#924);
#926=IFCLOCALPLACEMENT(#101,#925);
#940=IFCWALL('1ZryxXt1H8jv7CmzW6vOgV',$,'Wall',$,$,#1071,#946,$,$);
#941=IFCMATERIALLAYERSETUSAGE(#114,.AXIS2.,.POSITIVE.,0.,$);
#942=IFCRELASSOCIATESMATERIAL('35ArRrmtL2thIU5Jy6NC$r',$,$,$,(#940),#941);
#946=IFCPRODUCTDEFINITIONSHAPE($,$,(#1066,#1063));
#962=IFCPROPERTYSET('3XA$dWxSf6zPmd8Vrd3Vx6',$,'EPset_Parametric',$,(#964));
#963=IFCRELDEFINESBYPROPERTIES('0FX3_JgfjFNghQ4533wlL$',$,$,$,(#940),#962);
#964=IFCPROPERTYSINGLEVALUE('Engine',$,IFCLABEL('Bonsai.DumbLayer2'),$);
#983=IFCRELCONNECTSPATHELEMENTS('2oYIOPq9LFcBcYuADRXfyZ',$,$,$,$,#940,#806,(),(),.ATPATH.,.ATEND.);
#997=IFCCARTESIANPOINTLIST2D(((0.,0.),(-3.457029862374955E-08,0.10000000000000001),(2.3200006071451189,0.10000000000000001),(2.3200005876744005,0.)));
#998=IFCINDEXEDPOLYCURVE(#997,(IFCLINEINDEX((1,2,3,4,1))),$);
#999=IFCARBITRARYCLOSEDPROFILEDEF(.AREA.,$,#998);
#1000=IFCCARTESIANPOINT((0.,0.,0.));
#1001=IFCDIRECTION((0.,0.,1.));
#1002=IFCDIRECTION((1.,0.,0.));
#1003=IFCAXIS2PLACEMENT3D(#1000,#1001,#1002);
#1004=IFCDIRECTION((0.,0.,1.));
#1005=IFCEXTRUDEDAREASOLID(#999,#1003,#1004,3.);
#1006=IFCSHAPEREPRESENTATION(#11,'Body','SweptSolid',(#1005));
#1007=IFCCARTESIANPOINTLIST2D(((0.,0.),(2.4200005876744024,0.)));
#1008=IFCINDEXEDPOLYCURVE(#1007,$,$);
#1009=IFCSHAPEREPRESENTATION(#23,'Axis','Curve2D',(#1008));
#1010=IFCWALL('05DOxVTMjDIuYwflen1tAG',$,'Wall',$,$,#1089,#1016,$,$);
#1011=IFCMATERIALLAYERSETUSAGE(#114,.AXIS2.,.POSITIVE.,0.,$);
#1012=IFCRELASSOCIATESMATERIAL('364PYJKDnF9eXwgMElKCbE',$,$,$,(#1010),#1011);
#1016=IFCPRODUCTDEFINITIONSHAPE($,$,(#1084,#1081));
#1032=IFCPROPERTYSET('0$SjZS_fj659qoMhmYYMZp',$,'EPset_Parametric',$,(#1034));
#1033=IFCRELDEFINESBYPROPERTIES('3uJqlHlezDEekXKuRdL9pC',$,$,$,(#1010),#1032);
#1034=IFCPROPERTYSINGLEVALUE('Engine',$,IFCLABEL('Bonsai.DumbLayer2'),$);
#1053=IFCRELCONNECTSPATHELEMENTS('0Kt5RsanTCm8uW5dSBHsQP',$,$,$,$,#940,#1010,(),(),.ATSTART.,.ATSTART.);
#1054=IFCCARTESIANPOINTLIST2D(((0.10000000000000012,0.),(4.3711381181310571E-09,0.10000000000000001),(2.0543774560281065,0.10000000000000001),(2.0543774516569684,0.)));
#1055=IFCINDEXEDPOLYCURVE(#1054,(IFCLINEINDEX((1,2,3,4,1))),$);
#1056=IFCARBITRARYCLOSEDPROFILEDEF(.AREA.,$,#1055);
#1057=IFCCARTESIANPOINT((0.,0.,0.));
#1058=IFCDIRECTION((0.,0.,1.));
#1059=IFCDIRECTION((1.,0.,0.));
#1060=IFCAXIS2PLACEMENT3D(#1057,#1058,#1059);
#1061=IFCDIRECTION((0.,0.,1.));
#1062=IFCEXTRUDEDAREASOLID(#1056,#1060,#1061,3.);
#1063=IFCSHAPEREPRESENTATION(#11,'Body','SweptSolid',(#1062));
#1064=IFCCARTESIANPOINTLIST2D(((0.,0.),(2.0543774516569684,0.)));
#1065=IFCINDEXEDPOLYCURVE(#1064,$,$);
#1066=IFCSHAPEREPRESENTATION(#23,'Axis','Curve2D',(#1065));
#1067=IFCCARTESIANPOINT((0.87660425949032594,3.5623393134226444,0.));
#1068=IFCDIRECTION((0.,0.,1.));
#1069=IFCDIRECTION((-0.99999999999998868,1.5099580252808492E-07,0.));
#1070=IFCAXIS2PLACEMENT3D(#1067,#1068,#1069);
#1071=IFCLOCALPLACEMENT(#101,#1070);
#1072=IFCCARTESIANPOINTLIST2D(((-0.10000000000000012,0.),(-4.3711381181310571E-09,0.10000000000000001),(1.3975543934440298,0.10000000000000001),(1.3975543934440298,0.)));
#1073=IFCINDEXEDPOLYCURVE(#1072,(IFCLINEINDEX((1,2,3,4,1))),$);
#1074=IFCARBITRARYCLOSEDPROFILEDEF(.AREA.,$,#1073);
#1075=IFCCARTESIANPOINT((0.,0.,0.));
#1076=IFCDIRECTION((0.,0.,1.));
#1077=IFCDIRECTION((1.,0.,0.));
#1078=IFCAXIS2PLACEMENT3D(#1075,#1076,#1077);
#1079=IFCDIRECTION((0.,0.,1.));
#1080=IFCEXTRUDEDAREASOLID(#1074,#1078,#1079,3.);
#1081=IFCSHAPEREPRESENTATION(#11,'Body','SweptSolid',(#1080));
#1082=IFCCARTESIANPOINTLIST2D(((0.,0.),(1.3975543934440298,0.)));
#1083=IFCINDEXEDPOLYCURVE(#1082,$,$);
#1084=IFCSHAPEREPRESENTATION(#23,'Axis','Curve2D',(#1083));
#1085=IFCCARTESIANPOINT((0.87660425949032605,3.5623393134226449,0.));
#1086=IFCDIRECTION((0.,0.,1.));
#1087=IFCDIRECTION((1.9470718370939353E-07,0.99999999999998113,0.));
#1088=IFCAXIS2PLACEMENT3D(#1085,#1086,#1087);
#1089=IFCLOCALPLACEMENT(#101,#1088);
#1090=IFCSLABTYPE('0RGiZexMn2bRibqaWf5wBq',$,'GF-Slab',$,$,(#1094),$,$,$,.FLOOR.);
#1091=IFCMATERIALLAYERSET((#1093),$,$);
#1092=IFCRELASSOCIATESMATERIAL('10xaR64xvAFwPn4nmZDR2c',$,$,$,(#1090),#1091);
#1093=IFCMATERIALLAYER(#113,0.10000000000000001,$,$,$,$,$);
#1094=IFCPROPERTYSET('2Sf2AJ3uX1kvoHweUZRrUA',$,'EPset_Parametric',$,(#1095));
#1095=IFCPROPERTYSINGLEVALUE('LayerSetDirection',$,IFCLABEL('AXIS3'),$);
#1097=IFCRELDEFINESBYTYPE('1v0ofxNZrBwg_9SKGtev6V',$,$,$,(#4250),#1090);
#1120=IFCMATERIALLAYERSET((#1122),$,$);
#1122=IFCMATERIALLAYER(#113,0.10000000000000001,$,$,$,$,$);
#1125=IFCDOORTYPE('02QEpbdxbFpOKlSwRvWxIw',$,'GF-Main',$,$,(#1126),(#1135,#1213,#1232),$,$,.DOOR.,.SINGLE_SWING_LEFT.,$,$);
#1126=IFCPROPERTYSET('1XTSxNQ2z7fempfgD1Imx3',$,'BBIM_Door',$,(#1127));
#1127=IFCPROPERTYSINGLEVALUE('Data',$,IFCTEXT('{"door_type": "SINGLE_SWING_LEFT", "overall_height": 2.0, "overall_width": 0.988938570022583, "lining_properties": {"lining_depth": 0.05000000074505806, "lining_thickness": 0.05000000074505806, "lining_offset": 0.0, "lining_to_panel_offset_x": 0.02500000037252903, "lining_to_panel_offset_y": 0.02500000037252903, "transom_thickness": 0.0, "casing_thickness": 0.07500000298023224, "casing_depth": 0.004999999888241291, "threshold_thickness": 0.02500000037252903, "threshold_depth": 0.10000000149011612, "threshold_offset": 0.0}, "panel_properties": {"panel_depth": 0.03500000014901161, "panel_width_ratio": 1.0}}'),$);
#1131=IFCCARTESIANPOINT((0.,0.,0.));
#1132=IFCDIRECTION((1.,0.,0.));
#1133=IFCDIRECTION((0.,0.,1.));
#1134=IFCAXIS2PLACEMENT3D(#1131,#1133,#1132);
#1135=IFCREPRESENTATIONMAP(#1134,#1315);
#1209=IFCCARTESIANPOINT((0.,0.,0.));
#1210=IFCDIRECTION((1.,0.,0.));
#1211=IFCDIRECTION((0.,0.,1.));
#1212=IFCAXIS2PLACEMENT3D(#1209,#1211,#1210);
#1213=IFCREPRESENTATIONMAP(#1212,#1388);
#1228=IFCCARTESIANPOINT((0.,0.,0.));
#1229=IFCDIRECTION((1.,0.,0.));
#1230=IFCDIRECTION((0.,0.,1.));
#1231=IFCAXIS2PLACEMENT3D(#1228,#1230,#1229);
#1232=IFCREPRESENTATIONMAP(#1231,#1406);
#1233=IFCDOOR('0Z_inXaOLCZONFd3ty3VsP',$,'Door',$,$,#1431,#1242,$,2.,0.98893857002258301,$,.SINGLE_SWING_LEFT.,$);
#1234=IFCRELDEFINESBYTYPE('1LSOxfRen11gSM_NaSOtkH',$,$,$,(#1233),#1125);
#1235=IFCCARTESIANPOINT((0.,0.,0.));
#1236=IFCDIRECTION((1.,0.,0.));
#1237=IFCDIRECTION((0.,1.,0.));
#1238=IFCDIRECTION((0.,0.,1.));
#1239=IFCCARTESIANTRANSFORMATIONOPERATOR3D(#1236,#1237,#1235,1.,#1238);
#1240=IFCMAPPEDITEM(#1135,#1239);
#1241=IFCSHAPEREPRESENTATION(#18,'Profile','MappedRepresentation',(#1240));
#1242=IFCPRODUCTDEFINITIONSHAPE($,$,(#1241,#1249,#1256));
#1243=IFCCARTESIANPOINT((0.,0.,0.));
#1244=IFCDIRECTION((1.,0.,0.));
#1245=IFCDIRECTION((0.,1.,0.));
#1246=IFCDIRECTION((0.,0.,1.));
#1247=IFCCARTESIANTRANSFORMATIONOPERATOR3D(#1244,#1245,#1243,1.,#1246);
#1248=IFCMAPPEDITEM(#1213,#1247);
#1249=IFCSHAPEREPRESENTATION(#11,'Body','MappedRepresentation',(#1248));
#1250=IFCCARTESIANPOINT((0.,0.,0.));
#1251=IFCDIRECTION((1.,0.,0.));
#1252=IFCDIRECTION((0.,1.,0.));
#1253=IFCDIRECTION((0.,0.,1.));
#1254=IFCCARTESIANTRANSFORMATIONOPERATOR3D(#1251,#1252,#1250,1.,#1253);
#1255=IFCMAPPEDITEM(#1232,#1254);
#1256=IFCSHAPEREPRESENTATION(#24,'Body','MappedRepresentation',(#1255));
#1257=IFCOPENINGELEMENT('396cVHnu91AeISpK9bypSj',$,'Opening',$,$,#11496,#1285,$,.OPENING.);
#1273=IFCCARTESIANPOINT((0.,0.,0.));
#1274=IFCDIRECTION((1.,0.,0.));
#1275=IFCDIRECTION((0.,0.,1.));
#1276=IFCAXIS2PLACEMENT3D(#1273,#1275,#1274);
#1277=IFCREPRESENTATIONMAP(#1276,#1416);
#1278=IFCCARTESIANPOINT((0.,0.,0.));
#1279=IFCDIRECTION((1.,0.,0.));
#1280=IFCDIRECTION((0.,1.,0.));
#1281=IFCDIRECTION((0.,0.,1.));
#1282=IFCCARTESIANTRANSFORMATIONOPERATOR3D(#1279,#1280,#1278,1.,#1281);
#1283=IFCMAPPEDITEM(#1277,#1282);
#1284=IFCSHAPEREPRESENTATION(#11,'Body','MappedRepresentation',(#1283));
#1285=IFCPRODUCTDEFINITIONSHAPE($,$,(#1284));
#1286=IFCRELVOIDSELEMENT('206EdOHqfBIerJzex4vFiS',$,$,$,#119,#1257);
#1292=IFCRELFILLSELEMENT('3qdzGWhmXBieR_4os4K5X6',$,$,$,#1257,#1233);
#1313=IFCCARTESIANPOINTLIST3D(((0.,0.,0.),(0.98893857002258301,0.,0.),(0.98893857002258301,0.,2.),(0.,0.,2.)));
#1314=IFCINDEXEDPOLYCURVE(#1313,(IFCLINEINDEX((1,2,3,4,1))),$);
#1315=IFCSHAPEREPRESENTATION(#18,'Profile','Curve3D',(#1314));
#1316=IFCCARTESIANPOINTLIST2D(((0.,0.),(0.,2.),(0.98893857002258301,2.),(0.98893857002258301,0.),(0.96393856965005398,0.),(0.96393856965005398,1.974999999627471),(0.02500000037252903,1.974999999627471),(0.02500000037252903,0.)));
#1317=IFCINDEXEDPOLYCURVE(#1316,(IFCLINEINDEX((1,2,3,4,5,6,7,8,1))),$);
#1318=IFCARBITRARYCLOSEDPROFILEDEF(.AREA.,$,#1317);
#1319=IFCCARTESIANPOINT((0.,0.02500000037252903,0.));
#1320=IFCDIRECTION((0.,-1.,0.));
#1321=IFCDIRECTION((1.,0.,0.));
#1322=IFCAXIS2PLACEMENT3D(#1319,#1320,#1321);
#1323=IFCDIRECTION((0.,0.,-1.));
#1324=IFCEXTRUDEDAREASOLID(#1318,#1322,#1323,0.02500000037252903);
#1325=IFCCARTESIANPOINTLIST2D(((0.,0.),(0.,2.),(0.98893857002258301,2.),(0.98893857002258301,0.),(0.93893856927752495,0.),(0.93893856927752495,1.9499999992549419),(0.05000000074505806,1.9499999992549419),(0.05000000074505806,0.)));
#1326=IFCINDEXEDPOLYCURVE(#1325,(IFCLINEINDEX((1,2,3,4,5,6,7,8,1))),$);
#1327=IFCARBITRARYCLOSEDPROFILEDEF(.AREA.,$,#1326);
#1328=IFCCARTESIANPOINT((0.,0.,0.));
#1329=IFCDIRECTION((0.,-1.,0.));
#1330=IFCDIRECTION((1.,0.,0.));
#1331=IFCAXIS2PLACEMENT3D(#1328,#1329,#1330);
#1332=IFCDIRECTION((0.,0.,-1.));
#1333=IFCEXTRUDEDAREASOLID(#1327,#1331,#1332,0.02500000037252903);
#1334=IFCCARTESIANPOINTLIST2D(((0.,0.),(0.88893856853246689,0.),(0.88893856853246689,0.10000000149011612),(0.,0.10000000149011612)));
#1335=IFCINDEXEDPOLYCURVE(#1334,(IFCLINEINDEX((1,2,3,4,1))),$);
#1336=IFCARBITRARYCLOSEDPROFILEDEF(.AREA.,$,#1335);
#1337=IFCCARTESIANPOINT((0.05000000074505806,0.,0.));
#1338=IFCDIRECTION((0.,0.,1.));
#1339=IFCDIRECTION((1.,0.,0.));
#1340=IFCAXIS2PLACEMENT3D(#1337,#1338,#1339);
#1341=IFCDIRECTION((0.,0.,1.));
#1342=IFCEXTRUDEDAREASOLID(#1336,#1340,#1341,0.02500000037252903);
#1343=IFCCARTESIANPOINTLIST2D(((0.,0.),(0.,2.0250000022351742),(1.0389385744929314,2.0250000022351742),(1.0389385744929314,0.),(0.96393857151269913,0.),(0.96393857151269913,1.9499999992549419),(0.075000002980232239,1.9499999992549419),(0.075000002980232239,0.)));
#1344=IFCINDEXEDPOLYCURVE(#1343,(IFCLINEINDEX((1,2,3,4,5,6,7,8,1))),$);
#1345=IFCARBITRARYCLOSEDPROFILEDEF(.AREA.,$,#1344);
#1346=IFCCARTESIANPOINT((-0.025000002235174179,-0.004999999888241291,0.));
#1347=IFCDIRECTION((0.,-1.,0.));
#1348=IFCDIRECTION((1.,0.,0.));
#1349=IFCAXIS2PLACEMENT3D(#1346,#1347,#1348);
#1350=IFCDIRECTION((0.,0.,-1.));
#1351=IFCEXTRUDEDAREASOLID(#1345,#1349,#1350,0.004999999888241291);
#1352=IFCCARTESIANPOINTLIST2D(((0.,0.),(0.,2.0250000022351742),(1.0389385744929314,2.0250000022351742),(1.0389385744929314,0.),(0.98893857188522816,0.),(0.98893857188522816,1.974999999627471),(0.050000002607703209,1.974999999627471),(0.050000002607703209,0.)));
#1353=IFCINDEXEDPOLYCURVE(#1352,(IFCLINEINDEX((1,2,3,4,5,6,7,8,1))),$);
#1354=IFCARBITRARYCLOSEDPROFILEDEF(.AREA.,$,#1353);
#1355=IFCCARTESIANPOINT((-0.025000002235174179,0.05000000074505806,0.));
#1356=IFCDIRECTION((0.,-1.,0.));
#1357=IFCDIRECTION((1.,0.,0.));
#1358=IFCAXIS2PLACEMENT3D(#1355,#1356,#1357);
#1359=IFCDIRECTION((0.,0.,-1.));
#1360=IFCEXTRUDEDAREASOLID(#1354,#1358,#1359,0.004999999888241291);
#1361=IFCCARTESIANPOINTLIST2D(((0.,0.),(0.93893856927752495,0.),(0.93893856927752495,0.035000000149011612),(0.,0.035000000149011612)));
#1362=IFCINDEXEDPOLYCURVE(#1361,(IFCLINEINDEX((1,2,3,4,1))),$);
#1363=IFCARBITRARYCLOSEDPROFILEDEF(.AREA.,$,#1362);
#1364=IFCCARTESIANPOINT((0.02500000037252903,0.02500000037252903,0.02500000037252903));
#1365=IFCDIRECTION((0.,0.,1.));
#1366=IFCDIRECTION((1.,0.,0.));
#1367=IFCAXIS2PLACEMENT3D(#1364,#1365,#1366);
#1368=IFCDIRECTION((0.,0.,1.));
#1369=IFCEXTRUDEDAREASOLID(#1363,#1367,#1368,1.9499999992549419);
#1370=IFCCARTESIANPOINTLIST2D(((0.,0.),(0.,-0.040000000000000001),(-0.11999999999999988,-0.040000000000000001),(-0.11999999999999988,-0.02),(-0.020000000000000018,-0.02),(-0.020000000000000018,0.)));
#1371=IFCINDEXEDPOLYCURVE(#1370,(IFCLINEINDEX((1,2,3,4,5,6,1))),$);
#1372=IFCARBITRARYCLOSEDPROFILEDEF(.AREA.,$,#1371);
#1373=IFCCARTESIANPOINT((0.91393856965005393,0.02500000037252903,1.015000000372529));
#1374=IFCDIRECTION((0.,0.,1.));
#1375=IFCDIRECTION((1.,0.,0.));
#1376=IFCAXIS2PLACEMENT3D(#1373,#1374,#1375);
#1377=IFCDIRECTION((0.,0.,1.));
#1378=IFCEXTRUDEDAREASOLID(#1372,#1376,#1377,0.02);
#1379=IFCEXTRUDEDAREASOLID(#1380,#1383,#1387,0.02);
#1380=IFCARBITRARYCLOSEDPROFILEDEF(.AREA.,$,#1381);
#1381=IFCINDEXEDPOLYCURVE(#1382,(IFCLINEINDEX((1,2,3,4,5,6,1))),$);
#1382=IFCCARTESIANPOINTLIST2D(((0.,0.),(0.,0.040000000000000008),(-0.11999999999999988,0.040000000000000008),(-0.11999999999999988,0.020000000000000004),(-0.020000000000000018,0.020000000000000004),(-0.020000000000000018,0.)));
#1383=IFCAXIS2PLACEMENT3D(#1384,#1385,#1386);
#1384=IFCCARTESIANPOINT((0.91393856965005393,0.060000000521540642,1.015000000372529));
#1385=IFCDIRECTION((0.,0.,1.));
#1386=IFCDIRECTION((1.,0.,0.));
#1387=IFCDIRECTION((0.,0.,1.));
#1388=IFCSHAPEREPRESENTATION(#11,'Body','SweptSolid',(#1324,#1333,#1369,#1378,#1379,#1342,#1351,#1360));
#1389=IFCSHAPEREPRESENTATION(#11,'Body','SweptSolid',(#1324,#1333,#1342,#1351,#1360));
#1390=IFCSHAPEASPECT((#1389),'Lining',$,.T.,#1242);
#1391=IFCSHAPEREPRESENTATION(#11,'Body','SweptSolid',(#1369,#1378,#1379));
#1392=IFCSHAPEASPECT((#1391),'Framing',$,.T.,#1242);
#1393=IFCCARTESIANPOINTLIST2D(((0.,0.),(0.,0.05000000074505806),(0.02500000037252903,0.05000000074505806),(0.02500000037252903,0.02500000037252903),(0.05000000074505806,0.02500000037252903),(0.05000000074505806,0.)));
#1394=IFCINDEXEDPOLYCURVE(#1393,(IFCLINEINDEX((1,2,3,4,5,6,1))),$);
#1395=IFCINDEXEDPOLYCURVE(#1396,(IFCLINEINDEX((1,2,3,4,5,6,1))),$);
#1396=IFCCARTESIANPOINTLIST2D(((0.98893857002258301,0.),(0.98893857002258301,0.05000000074505806),(0.96393856965005398,0.05000000074505806),(0.96393856965005398,0.02500000037252903),(0.93893856927752495,0.02500000037252903),(0.93893856927752495,0.)));
#1397=IFCDIRECTION((1.,0.));
#1398=IFCCARTESIANPOINT((0.060000000521540642,0.05000000074505806));
#1399=IFCAXIS2PLACEMENT2D(#1398,#1397);
#1400=IFCELLIPSE(#1399,0.90393856912851334,0.93893856927752495);
#1401=IFCCARTESIANPOINT((0.96393856965005398,0.05000000074505806));
#1402=IFCCARTESIANPOINT((0.060000000521540642,0.98893857002258301));
#1403=IFCTRIMMEDCURVE(#1400,(#1401),(#1402),.T.,.CARTESIAN.);
#1404=IFCCARTESIANPOINTLIST2D(((0.02500000037252903,0.05000000074505806),(0.060000000521540642,0.05000000074505806),(0.060000000521540642,0.98893857002258301),(0.02500000037252903,0.98893857002258301)));
#1405=IFCINDEXEDPOLYCURVE(#1404,(IFCLINEINDEX((1,2,3,4,1))),$);
#1406=IFCSHAPEREPRESENTATION(#24,'Body','Curve2D',(#1394,#1395,#1403,#1405));
#1407=IFCCARTESIANPOINTLIST2D(((0.,0.),(0.98893857002258301,0.),(0.98893857002258301,2.),(0.,2.)));
#1408=IFCINDEXEDPOLYCURVE(#1407,(IFCLINEINDEX((1,2,3,4,1))),$);
#1409=IFCARBITRARYCLOSEDPROFILEDEF(.AREA.,$,#1408);
#1410=IFCCARTESIANPOINT((0.,-0.60000002384185791,0.));
#1411=IFCDIRECTION((0.,-1.,0.));
#1412=IFCDIRECTION((1.,0.,0.));
#1413=IFCAXIS2PLACEMENT3D(#1410,#1411,#1412);
#1414=IFCDIRECTION((0.,0.,-1.));
#1415=IFCEXTRUDEDAREASOLID(#1409,#1413,#1414,1.2);
#1416=IFCSHAPEREPRESENTATION(#11,'Body','SweptSolid',(#1415));
#1427=IFCCARTESIANPOINT((2.2204460492503131E-16,0.,0.));
#1428=IFCDIRECTION((0.,0.,1.));
#1429=IFCDIRECTION((1.,0.,0.));
#1430=IFCAXIS2PLACEMENT3D(#1427,#1428,#1429);
#1431=IFCLOCALPLACEMENT(#11496,#1430);
#1432=IFCDOORTYPE('3qvE$B$ubA7g9opjBeIOdd',$,'GF-Guest room',$,$,(#1433),(#1435,#1443,#1521),$,$,.DOOR.,.SINGLE_SWING_LEFT.,$,$);
#1433=IFCPROPERTYSET('3oaLgCl7LCUe3CdYi1E0kU',$,'BBIM_Door',$,(#1434));
#1434=IFCPROPERTYSINGLEVALUE('Data',$,IFCTEXT('{"door_type": "SINGLE_SWING_RIGHT", "overall_height": 2.0, "overall_width": 0.9044497013092041, "lining_properties": {"lining_depth": 0.05000000074505806, "lining_thickness": 0.05000000074505806, "lining_offset": 0.0, "lining_to_panel_offset_x": 0.02500000037252903, "lining_to_panel_offset_y": 0.02500000037252903, "transom_thickness": 0.0, "casing_thickness": 0.07500000298023224, "casing_depth": 0.004999999888241291, "threshold_thickness": 0.02500000037252903, "threshold_depth": 0.10000000149011612, "threshold_offset": 0.0}, "panel_properties": {"panel_depth": 0.03500000014901161, "panel_width_ratio": 1.0}}'),$);
#1435=IFCREPRESENTATIONMAP(#1436,#11310);
#1436=IFCAXIS2PLACEMENT3D(#1437,#1438,#1439);
#1437=IFCCARTESIANPOINT((0.,0.,0.));
#1438=IFCDIRECTION((0.,0.,1.));
#1439=IFCDIRECTION((1.,0.,0.));
#1443=IFCREPRESENTATIONMAP(#1444,#11383);
#1444=IFCAXIS2PLACEMENT3D(#1445,#1446,#1447);
#1445=IFCCARTESIANPOINT((0.,0.,0.));
#1446=IFCDIRECTION((0.,0.,1.));
#1447=IFCDIRECTION((1.,0.,0.));
#1521=IFCREPRESENTATIONMAP(#1522,#11397);
#1522=IFCAXIS2PLACEMENT3D(#1523,#1524,#1525);
#1523=IFCCARTESIANPOINT((0.,0.,0.));
#1524=IFCDIRECTION((0.,0.,1.));
#1525=IFCDIRECTION((1.,0.,0.));
#1540=IFCDOOR('0qTuw3FXnBrhEXnP3HjPmC',$,'Door',$,$,#11422,#1549,$,2.,0.9044497013092041,$,.SINGLE_SWING_RIGHT.,$);
#1541=IFCRELDEFINESBYTYPE('0L9$2i1MrD98awY1j9j4n7',$,$,$,(#1540),#1432);
#1542=IFCCARTESIANPOINT((0.,0.,0.));
#1543=IFCDIRECTION((1.,0.,0.));
#1544=IFCDIRECTION((0.,1.,0.));
#1545=IFCDIRECTION((0.,0.,1.));
#1546=IFCCARTESIANTRANSFORMATIONOPERATOR3D(#1543,#1544,#1542,1.,#1545);
#1547=IFCMAPPEDITEM(#1435,#1546);
#1548=IFCSHAPEREPRESENTATION(#18,'Profile','MappedRepresentation',(#1547));
#1549=IFCPRODUCTDEFINITIONSHAPE($,$,(#1548,#1556,#1563));
#1550=IFCCARTESIANPOINT((0.,0.,0.));
#1551=IFCDIRECTION((1.,0.,0.));
#1552=IFCDIRECTION((0.,1.,0.));
#1553=IFCDIRECTION((0.,0.,1.));
#1554=IFCCARTESIANTRANSFORMATIONOPERATOR3D(#1551,#1552,#1550,1.,#1553);
#1555=IFCMAPPEDITEM(#1443,#1554);
#1556=IFCSHAPEREPRESENTATION(#11,'Body','MappedRepresentation',(#1555));
#1557=IFCCARTESIANPOINT((0.,0.,0.));
#1558=IFCDIRECTION((1.,0.,0.));
#1559=IFCDIRECTION((0.,1.,0.));
#1560=IFCDIRECTION((0.,0.,1.));
#1561=IFCCARTESIANTRANSFORMATIONOPERATOR3D(#1558,#1559,#1557,1.,#1560);
#1562=IFCMAPPEDITEM(#1521,#1561);
#1563=IFCSHAPEREPRESENTATION(#24,'Body','MappedRepresentation',(#1562));
#1623=IFCCARTESIANPOINTLIST2D(((0.,0.),(0.,2.),(0.9044497013092041,2.),(0.9044497013092041,0.),(0.87944970093667507,0.),(0.87944970093667507,1.974999999627471),(0.02500000037252903,1.974999999627471),(0.02500000037252903,0.)));
#1624=IFCINDEXEDPOLYCURVE(#1623,(IFCLINEINDEX((1,2,3,4,5,6,7,8,1))),$);
#1625=IFCARBITRARYCLOSEDPROFILEDEF(.AREA.,$,#1624);
#1626=IFCCARTESIANPOINT((0.,0.02500000037252903,0.));
#1627=IFCDIRECTION((0.,-1.,0.));
#1628=IFCDIRECTION((1.,0.,0.));
#1629=IFCAXIS2PLACEMENT3D(#1626,#1627,#1628);
#1630=IFCDIRECTION((0.,0.,-1.));
#1631=IFCEXTRUDEDAREASOLID(#1625,#1629,#1630,0.02500000037252903);
#1632=IFCCARTESIANPOINTLIST2D(((0.,0.),(0.,2.),(0.9044497013092041,2.),(0.9044497013092041,0.),(0.85444970056414604,0.),(0.85444970056414604,1.9499999992549419),(0.05000000074505806,1.9499999992549419),(0.05000000074505806,0.)));
#1633=IFCINDEXEDPOLYCURVE(#1632,(IFCLINEINDEX((1,2,3,4,5,6,7,8,1))),$);
#1634=IFCARBITRARYCLOSEDPROFILEDEF(.AREA.,$,#1633);
#1635=IFCCARTESIANPOINT((0.,0.,0.));
#1636=IFCDIRECTION((0.,-1.,0.));
#1637=IFCDIRECTION((1.,0.,0.));
#1638=IFCAXIS2PLACEMENT3D(#1635,#1636,#1637);
#1639=IFCDIRECTION((0.,0.,-1.));
#1640=IFCEXTRUDEDAREASOLID(#1634,#1638,#1639,0.02500000037252903);
#1641=IFCCARTESIANPOINTLIST2D(((0.,0.),(0.80444969981908798,0.),(0.80444969981908798,0.10000000149011612),(0.,0.10000000149011612)));
#1642=IFCINDEXEDPOLYCURVE(#1641,(IFCLINEINDEX((1,2,3,4,1))),$);
#1643=IFCARBITRARYCLOSEDPROFILEDEF(.AREA.,$,#1642);
#1644=IFCCARTESIANPOINT((0.05000000074505806,0.,0.));
#1645=IFCDIRECTION((0.,0.,1.));
#1646=IFCDIRECTION((1.,0.,0.));
#1647=IFCAXIS2PLACEMENT3D(#1644,#1645,#1646);
#1648=IFCDIRECTION((0.,0.,1.));
#1649=IFCEXTRUDEDAREASOLID(#1643,#1647,#1648,0.02500000037252903);
#1650=IFCCARTESIANPOINTLIST2D(((0.,0.),(0.,2.0250000022351742),(0.95444970577955246,2.0250000022351742),(0.95444970577955246,0.),(0.87944970279932022,0.),(0.87944970279932022,1.9499999992549419),(0.075000002980232239,1.9499999992549419),(0.075000002980232239,0.)));
#1651=IFCINDEXEDPOLYCURVE(#1650,(IFCLINEINDEX((1,2,3,4,5,6,7,8,1))),$);
#1652=IFCARBITRARYCLOSEDPROFILEDEF(.AREA.,$,#1651);
#1653=IFCCARTESIANPOINT((-0.025000002235174179,-0.004999999888241291,0.));
#1654=IFCDIRECTION((0.,-1.,0.));
#1655=IFCDIRECTION((1.,0.,0.));
#1656=IFCAXIS2PLACEMENT3D(#1653,#1654,#1655);
#1657=IFCDIRECTION((0.,0.,-1.));
#1658=IFCEXTRUDEDAREASOLID(#1652,#1656,#1657,0.004999999888241291);
#1659=IFCCARTESIANPOINTLIST2D(((0.,0.),(0.,2.0250000022351742),(0.95444970577955246,2.0250000022351742),(0.95444970577955246,0.),(0.90444970317184925,0.),(0.90444970317184925,1.974999999627471),(0.050000002607703209,1.974999999627471),(0.050000002607703209,0.)));
#1660=IFCINDEXEDPOLYCURVE(#1659,(IFCLINEINDEX((1,2,3,4,5,6,7,8,1))),$);
#1661=IFCARBITRARYCLOSEDPROFILEDEF(.AREA.,$,#1660);
#1662=IFCCARTESIANPOINT((-0.025000002235174179,0.05000000074505806,0.));
#1663=IFCDIRECTION((0.,-1.,0.));
#1664=IFCDIRECTION((1.,0.,0.));
#1665=IFCAXIS2PLACEMENT3D(#1662,#1663,#1664);
#1666=IFCDIRECTION((0.,0.,-1.));
#1667=IFCEXTRUDEDAREASOLID(#1661,#1665,#1666,0.004999999888241291);
#1668=IFCCARTESIANPOINTLIST2D(((0.,0.),(0.85444970056414604,0.),(0.85444970056414604,0.035000000149011612),(0.,0.035000000149011612)));
#1669=IFCINDEXEDPOLYCURVE(#1668,(IFCLINEINDEX((1,2,3,4,1))),$);
#1670=IFCARBITRARYCLOSEDPROFILEDEF(.AREA.,$,#1669);
#1671=IFCCARTESIANPOINT((0.02500000037252903,0.02500000037252903,0.02500000037252903));
#1672=IFCDIRECTION((0.,0.,1.));
#1673=IFCDIRECTION((1.,0.,0.));
#1674=IFCAXIS2PLACEMENT3D(#1671,#1672,#1673);
#1675=IFCDIRECTION((0.,0.,1.));
#1676=IFCEXTRUDEDAREASOLID(#1670,#1674,#1675,1.9499999992549419);
#1677=IFCCARTESIANPOINTLIST2D(((0.,0.),(0.,-0.040000000000000001),(0.12,-0.040000000000000001),(0.12,-0.02),(0.02,-0.02),(0.02,0.)));
#1678=IFCINDEXEDPOLYCURVE(#1677,(IFCLINEINDEX((1,2,3,4,5,6,1))),$);
#1679=IFCARBITRARYCLOSEDPROFILEDEF(.AREA.,$,#1678);
#1680=IFCCARTESIANPOINT((0.075000000372529033,0.02500000037252903,1.015000000372529));
#1681=IFCDIRECTION((0.,0.,1.));
#1682=IFCDIRECTION((1.,0.,0.));
#1683=IFCAXIS2PLACEMENT3D(#1680,#1681,#1682);
#1684=IFCDIRECTION((0.,0.,1.));
#1685=IFCEXTRUDEDAREASOLID(#1679,#1683,#1684,0.02);
#1686=IFCEXTRUDEDAREASOLID(#1687,#1690,#1694,0.02);
#1687=IFCARBITRARYCLOSEDPROFILEDEF(.AREA.,$,#1688);
#1688=IFCINDEXEDPOLYCURVE(#1689,(IFCLINEINDEX((1,2,3,4,5,6,1))),$);
#1689=IFCCARTESIANPOINTLIST2D(((0.,0.),(0.,0.040000000000000008),(0.11999999999999998,0.040000000000000008),(0.11999999999999998,0.020000000000000004),(0.020000000000000004,0.020000000000000004),(0.020000000000000004,0.)));
#1690=IFCAXIS2PLACEMENT3D(#1691,#1692,#1693);
#1691=IFCCARTESIANPOINT((0.075000000372529033,0.060000000521540642,1.015000000372529));
#1692=IFCDIRECTION((0.,0.,1.));
#1693=IFCDIRECTION((1.,0.,0.));
#1694=IFCDIRECTION((0.,0.,1.));
#1696=IFCSHAPEREPRESENTATION(#11,'Body','SweptSolid',(#1649,#1786,#1658,#1667,#1640,#1759,#1777,#11355,#11328,#1768,#11319,#11346,#11337,#1750,#1631));
#1697=IFCSHAPEASPECT((#1696),'Lining',$,.T.,#1549);
#1698=IFCSHAPEREPRESENTATION(#11,'Body','SweptSolid',(#1795,#1676,#1685,#1805,#11373,#11374,#11364,#1804,#1686));
#1699=IFCSHAPEASPECT((#1698),'Framing',$,.T.,#1549);
#1742=IFCCARTESIANPOINTLIST2D(((0.,0.),(0.,2.),(0.9044497013092041,2.),(0.9044497013092041,0.),(0.87944970093667507,0.),(0.87944970093667507,1.974999999627471),(0.02500000037252903,1.974999999627471),(0.02500000037252903,0.)));
#1743=IFCINDEXEDPOLYCURVE(#1742,(IFCLINEINDEX((1,2,3,4,5,6,7,8,1))),$);
#1744=IFCARBITRARYCLOSEDPROFILEDEF(.AREA.,$,#1743);
#1745=IFCCARTESIANPOINT((0.,0.02500000037252903,0.));
#1746=IFCDIRECTION((0.,-1.,0.));
#1747=IFCDIRECTION((1.,0.,0.));
#1748=IFCAXIS2PLACEMENT3D(#1745,#1746,#1747);
#1749=IFCDIRECTION((0.,0.,-1.));
#1750=IFCEXTRUDEDAREASOLID(#1744,#1748,#1749,0.02500000037252903);
#1751=IFCCARTESIANPOINTLIST2D(((0.,0.),(0.,2.),(0.9044497013092041,2.),(0.9044497013092041,0.),(0.85444970056414604,0.),(0.85444970056414604,1.9499999992549419),(0.05000000074505806,1.9499999992549419),(0.05000000074505806,0.)));
#1752=IFCINDEXEDPOLYCURVE(#1751,(IFCLINEINDEX((1,2,3,4,5,6,7,8,1))),$);
#1753=IFCARBITRARYCLOSEDPROFILEDEF(.AREA.,$,#1752);
#1754=IFCCARTESIANPOINT((0.,0.,0.));
#1755=IFCDIRECTION((0.,-1.,0.));
#1756=IFCDIRECTION((1.,0.,0.));
#1757=IFCAXIS2PLACEMENT3D(#1754,#1755,#1756);
#1758=IFCDIRECTION((0.,0.,-1.));
#1759=IFCEXTRUDEDAREASOLID(#1753,#1757,#1758,0.02500000037252903);
#1760=IFCCARTESIANPOINTLIST2D(((0.,0.),(0.80444969981908798,0.),(0.80444969981908798,0.10000000149011612),(0.,0.10000000149011612)));
#1761=IFCINDEXEDPOLYCURVE(#1760,(IFCLINEINDEX((1,2,3,4,1))),$);
#1762=IFCARBITRARYCLOSEDPROFILEDEF(.AREA.,$,#1761);
#1763=IFCCARTESIANPOINT((0.05000000074505806,0.,0.));
#1764=IFCDIRECTION((0.,0.,1.));
#1765=IFCDIRECTION((1.,0.,0.));
#1766=IFCAXIS2PLACEMENT3D(#1763,#1764,#1765);
#1767=IFCDIRECTION((0.,0.,1.));
#1768=IFCEXTRUDEDAREASOLID(#1762,#1766,#1767,0.02500000037252903);
#1769=IFCCARTESIANPOINTLIST2D(((0.,0.),(0.,2.0250000022351742),(0.95444970577955246,2.0250000022351742),(0.95444970577955246,0.),(0.87944970279932022,0.),(0.87944970279932022,1.9499999992549419),(0.075000002980232239,1.9499999992549419),(0.075000002980232239,0.)));
#1770=IFCINDEXEDPOLYCURVE(#1769,(IFCLINEINDEX((1,2,3,4,5,6,7,8,1))),$);
#1771=IFCARBITRARYCLOSEDPROFILEDEF(.AREA.,$,#1770);
#1772=IFCCARTESIANPOINT((-0.025000002235174179,-0.004999999888241291,0.));
#1773=IFCDIRECTION((0.,-1.,0.));
#1774=IFCDIRECTION((1.,0.,0.));
#1775=IFCAXIS2PLACEMENT3D(#1772,#1773,#1774);
#1776=IFCDIRECTION((0.,0.,-1.));
#1777=IFCEXTRUDEDAREASOLID(#1771,#1775,#1776,0.004999999888241291);
#1778=IFCCARTESIANPOINTLIST2D(((0.,0.),(0.,2.0250000022351742),(0.95444970577955246,2.0250000022351742),(0.95444970577955246,0.),(0.90444970317184925,0.),(0.90444970317184925,1.974999999627471),(0.050000002607703209,1.974999999627471),(0.050000002607703209,0.)));
#1779=IFCINDEXEDPOLYCURVE(#1778,(IFCLINEINDEX((1,2,3,4,5,6,7,8,1))),$);
#1780=IFCARBITRARYCLOSEDPROFILEDEF(.AREA.,$,#1779);
#1781=IFCCARTESIANPOINT((-0.025000002235174179,0.05000000074505806,0.));
#1782=IFCDIRECTION((0.,-1.,0.));
#1783=IFCDIRECTION((1.,0.,0.));
#1784=IFCAXIS2PLACEMENT3D(#1781,#1782,#1783);
#1785=IFCDIRECTION((0.,0.,-1.));
#1786=IFCEXTRUDEDAREASOLID(#1780,#1784,#1785,0.004999999888241291);
#1787=IFCCARTESIANPOINTLIST2D(((0.,0.),(0.85444970056414604,0.),(0.85444970056414604,0.035000000149011612),(0.,0.035000000149011612)));
#1788=IFCINDEXEDPOLYCURVE(#1787,(IFCLINEINDEX((1,2,3,4,1))),$);
#1789=IFCARBITRARYCLOSEDPROFILEDEF(.AREA.,$,#1788);
#1790=IFCCARTESIANPOINT((0.02500000037252903,0.02500000037252903,0.02500000037252903));
#1791=IFCDIRECTION((0.,0.,1.));
#1792=IFCDIRECTION((1.,0.,0.));
#1793=IFCAXIS2PLACEMENT3D(#1790,#1791,#1792);
#1794=IFCDIRECTION((0.,0.,1.));
#1795=IFCEXTRUDEDAREASOLID(#1789,#1793,#1794,1.9499999992549419);
#1796=IFCCARTESIANPOINTLIST2D(((0.,0.),(0.,-0.040000000000000001),(0.12,-0.040000000000000001),(0.12,-0.02),(0.02,-0.02),(0.02,0.)));
#1797=IFCINDEXEDPOLYCURVE(#1796,(IFCLINEINDEX((1,2,3,4,5,6,1))),$);
#1798=IFCARBITRARYCLOSEDPROFILEDEF(.AREA.,$,#1797);
#1799=IFCCARTESIANPOINT((0.075000000372529033,0.02500000037252903,1.015000000372529));
#1800=IFCDIRECTION((0.,0.,1.));
#1801=IFCDIRECTION((1.,0.,0.));
#1802=IFCAXIS2PLACEMENT3D(#1799,#1800,#1801);
#1803=IFCDIRECTION((0.,0.,1.));
#1804=IFCEXTRUDEDAREASOLID(#1798,#1802,#1803,0.02);
#1805=IFCEXTRUDEDAREASOLID(#1806,#1809,#1813,0.02);
#1806=IFCARBITRARYCLOSEDPROFILEDEF(.AREA.,$,#1807);
#1807=IFCINDEXEDPOLYCURVE(#1808,(IFCLINEINDEX((1,2,3,4,5,6,1))),$);
#1808=IFCCARTESIANPOINTLIST2D(((0.,0.),(0.,0.040000000000000008),(0.11999999999999998,0.040000000000000008),(0.11999999999999998,0.020000000000000004),(0.020000000000000004,0.020000000000000004),(0.020000000000000004,0.)));
#1809=IFCAXIS2PLACEMENT3D(#1810,#1811,#1812);
#1810=IFCCARTESIANPOINT((0.075000000372529033,0.060000000521540642,1.015000000372529));
#1811=IFCDIRECTION((0.,0.,1.));
#1812=IFCDIRECTION((1.,0.,0.));
#1813=IFCDIRECTION((0.,0.,1.));
#1854=IFCDOORTYPE('0d6rzGd6D06u0CwIUMUtH6',$,'GF-CR',$,$,(#1855),(#1864,#1942,#1961),$,$,.DOOR.,.SINGLE_SWING_LEFT.,$,$);
#1855=IFCPROPERTYSET('1Zqy7N0hL3b8nhUaHpzL6F',$,'BBIM_Door',$,(#1856));
#1856=IFCPROPERTYSINGLEVALUE('Data',$,IFCTEXT('{"door_type": "SINGLE_SWING_LEFT", "overall_height": 2.0, "overall_width": 0.7295283079147339, "lining_properties": {"lining_depth": 0.05000000074505806, "lining_thickness": 0.05000000074505806, "lining_offset": 0.0, "lining_to_panel_offset_x": 0.02500000037252903, "lining_to_panel_offset_y": 0.02500000037252903, "transom_thickness": 0.0, "casing_thickness": 0.07500000298023224, "casing_depth": 0.004999999888241291, "threshold_thickness": 0.02500000037252903, "threshold_depth": 0.10000000149011612, "threshold_offset": 0.0}, "panel_properties": {"panel_depth": 0.03500000014901161, "panel_width_ratio": 1.0}}'),$);
#1860=IFCCARTESIANPOINT((0.,0.,0.));
#1861=IFCDIRECTION((1.,0.,0.));
#1862=IFCDIRECTION((0.,0.,1.));
#1863=IFCAXIS2PLACEMENT3D(#1860,#1862,#1861);
#1864=IFCREPRESENTATIONMAP(#1863,#2148);
#1938=IFCCARTESIANPOINT((0.,0.,0.));
#1939=IFCDIRECTION((1.,0.,0.));
#1940=IFCDIRECTION((0.,0.,1.));
#1941=IFCAXIS2PLACEMENT3D(#1938,#1940,#1939);
#1942=IFCREPRESENTATIONMAP(#1941,#2221);
#1957=IFCCARTESIANPOINT((0.,0.,0.));
#1958=IFCDIRECTION((1.,0.,0.));
#1959=IFCDIRECTION((0.,0.,1.));
#1960=IFCAXIS2PLACEMENT3D(#1957,#1959,#1958);
#1961=IFCREPRESENTATIONMAP(#1960,#2235);
#1962=IFCDOOR('3M8txvg4nD6P45Eyw6UM$4',$,'Door',$,$,#2260,#1971,$,2.,0.72952830791473389,$,.SINGLE_SWING_LEFT.,$);
#1963=IFCRELDEFINESBYTYPE('2ScmmzewfDd9oBBNBuMctG',$,$,$,(#1962),#1854);
#1964=IFCCARTESIANPOINT((0.,0.,0.));
#1965=IFCDIRECTION((1.,0.,0.));
#1966=IFCDIRECTION((0.,1.,0.));
#1967=IFCDIRECTION((0.,0.,1.));
#1968=IFCCARTESIANTRANSFORMATIONOPERATOR3D(#1965,#1966,#1964,1.,#1967);
#1969=IFCMAPPEDITEM(#1864,#1968);
#1970=IFCSHAPEREPRESENTATION(#18,'Profile','MappedRepresentation',(#1969));
#1971=IFCPRODUCTDEFINITIONSHAPE($,$,(#1970,#1978,#1985));
#1972=IFCCARTESIANPOINT((0.,0.,0.));
#1973=IFCDIRECTION((1.,0.,0.));
#1974=IFCDIRECTION((0.,1.,0.));
#1975=IFCDIRECTION((0.,0.,1.));
#1976=IFCCARTESIANTRANSFORMATIONOPERATOR3D(#1973,#1974,#1972,1.,#1975);
#1977=IFCMAPPEDITEM(#1942,#1976);
#1978=IFCSHAPEREPRESENTATION(#11,'Body','MappedRepresentation',(#1977));
#1979=IFCCARTESIANPOINT((0.,0.,0.));
#1980=IFCDIRECTION((1.,0.,0.));
#1981=IFCDIRECTION((0.,1.,0.));
#1982=IFCDIRECTION((0.,0.,1.));
#1983=IFCCARTESIANTRANSFORMATIONOPERATOR3D(#1980,#1981,#1979,1.,#1982);
#1984=IFCMAPPEDITEM(#1961,#1983);
#1985=IFCSHAPEREPRESENTATION(#24,'Body','MappedRepresentation',(#1984));
#1986=IFCOPENINGELEMENT('2mC3Dj3d12CB5GmgYxovAq',$,'Opening',$,$,#2255,#2014,$,.OPENING.);
#2002=IFCCARTESIANPOINT((0.,0.,0.));
#2003=IFCDIRECTION((1.,0.,0.));
#2004=IFCDIRECTION((0.,0.,1.));
#2005=IFCAXIS2PLACEMENT3D(#2002,#2004,#2003);
#2006=IFCREPRESENTATIONMAP(#2005,#2245);
#2007=IFCCARTESIANPOINT((0.,0.,0.));
#2008=IFCDIRECTION((1.,0.,0.));
#2009=IFCDIRECTION((0.,1.,0.));
#2010=IFCDIRECTION((0.,0.,1.));
#2011=IFCCARTESIANTRANSFORMATIONOPERATOR3D(#2008,#2009,#2007,1.,#2010);
#2012=IFCMAPPEDITEM(#2006,#2011);
#2013=IFCSHAPEREPRESENTATION(#11,'Body','MappedRepresentation',(#2012));
#2014=IFCPRODUCTDEFINITIONSHAPE($,$,(#2013));
#2015=IFCRELVOIDSELEMENT('3WuV5zIk5A9ww06Qe7SXlC',$,$,$,#806,#1986);
#2021=IFCRELFILLSELEMENT('3irHHAT695dPMsh8MyeFS0',$,$,$,#1986,#1962);
#2030=IFCCARTESIANPOINTLIST2D(((0.,0.),(0.,2.),(0.72952830791473389,2.),(0.72952830791473389,0.),(0.70452830754220486,0.),(0.70452830754220486,1.974999999627471),(0.02500000037252903,1.974999999627471),(0.02500000037252903,0.)));
#2031=IFCINDEXEDPOLYCURVE(#2030,(IFCLINEINDEX((1,2,3,4,5,6,7,8,1))),$);
#2032=IFCARBITRARYCLOSEDPROFILEDEF(.AREA.,$,#2031);
#2033=IFCCARTESIANPOINT((0.,0.02500000037252903,0.));
#2034=IFCDIRECTION((0.,-1.,0.));
#2035=IFCDIRECTION((1.,0.,0.));
#2036=IFCAXIS2PLACEMENT3D(#2033,#2034,#2035);
#2037=IFCDIRECTION((0.,0.,-1.));
#2038=IFCEXTRUDEDAREASOLID(#2032,#2036,#2037,0.02500000037252903);
#2039=IFCCARTESIANPOINTLIST2D(((0.,0.),(0.,2.),(0.72952830791473389,2.),(0.72952830791473389,0.),(0.67952830716967583,0.),(0.67952830716967583,1.9499999992549419),(0.05000000074505806,1.9499999992549419),(0.05000000074505806,0.)));
#2040=IFCINDEXEDPOLYCURVE(#2039,(IFCLINEINDEX((1,2,3,4,5,6,7,8,1))),$);
#2041=IFCARBITRARYCLOSEDPROFILEDEF(.AREA.,$,#2040);
#2042=IFCCARTESIANPOINT((0.,0.,0.));
#2043=IFCDIRECTION((0.,-1.,0.));
#2044=IFCDIRECTION((1.,0.,0.));
#2045=IFCAXIS2PLACEMENT3D(#2042,#2043,#2044);
#2046=IFCDIRECTION((0.,0.,-1.));
#2047=IFCEXTRUDEDAREASOLID(#2041,#2045,#2046,0.02500000037252903);
#2048=IFCCARTESIANPOINTLIST2D(((0.,0.),(0.62952830642461777,0.),(0.62952830642461777,0.10000000149011612),(0.,0.10000000149011612)));
#2049=IFCINDEXEDPOLYCURVE(#2048,(IFCLINEINDEX((1,2,3,4,1))),$);
#2050=IFCARBITRARYCLOSEDPROFILEDEF(.AREA.,$,#2049);
#2051=IFCCARTESIANPOINT((0.05000000074505806,0.,0.));
#2052=IFCDIRECTION((0.,0.,1.));
#2053=IFCDIRECTION((1.,0.,0.));
#2054=IFCAXIS2PLACEMENT3D(#2051,#2052,#2053);
#2055=IFCDIRECTION((0.,0.,1.));
#2056=IFCEXTRUDEDAREASOLID(#2050,#2054,#2055,0.02500000037252903);
#2057=IFCCARTESIANPOINTLIST2D(((0.,0.),(0.,2.0250000022351742),(0.77952831238508224,2.0250000022351742),(0.77952831238508224,0.),(0.70452830940485001,0.),(0.70452830940485001,1.9499999992549419),(0.075000002980232239,1.9499999992549419),(0.075000002980232239,0.)));
#2058=IFCINDEXEDPOLYCURVE(#2057,(IFCLINEINDEX((1,2,3,4,5,6,7,8,1))),$);
#2059=IFCARBITRARYCLOSEDPROFILEDEF(.AREA.,$,#2058);
#2060=IFCCARTESIANPOINT((-0.025000002235174179,-0.004999999888241291,0.));
#2061=IFCDIRECTION((0.,-1.,0.));
#2062=IFCDIRECTION((1.,0.,0.));
#2063=IFCAXIS2PLACEMENT3D(#2060,#2061,#2062);
#2064=IFCDIRECTION((0.,0.,-1.));
#2065=IFCEXTRUDEDAREASOLID(#2059,#2063,#2064,0.004999999888241291);
#2066=IFCCARTESIANPOINTLIST2D(((0.,0.),(0.,2.0250000022351742),(0.77952831238508224,2.0250000022351742),(0.77952831238508224,0.),(0.72952830977737904,0.),(0.72952830977737904,1.974999999627471),(0.050000002607703209,1.974999999627471),(0.050000002607703209,0.)));
#2067=IFCINDEXEDPOLYCURVE(#2066,(IFCLINEINDEX((1,2,3,4,5,6,7,8,1))),$);
#2068=IFCARBITRARYCLOSEDPROFILEDEF(.AREA.,$,#2067);
#2069=IFCCARTESIANPOINT((-0.025000002235174179,0.05000000074505806,0.));
#2070=IFCDIRECTION((0.,-1.,0.));
#2071=IFCDIRECTION((1.,0.,0.));
#2072=IFCAXIS2PLACEMENT3D(#2069,#2070,#2071);
#2073=IFCDIRECTION((0.,0.,-1.));
#2074=IFCEXTRUDEDAREASOLID(#2068,#2072,#2073,0.004999999888241291);
#2075=IFCCARTESIANPOINTLIST2D(((0.,0.),(0.67952830716967583,0.),(0.67952830716967583,0.035000000149011612),(0.,0.035000000149011612)));
#2076=IFCINDEXEDPOLYCURVE(#2075,(IFCLINEINDEX((1,2,3,4,1))),$);
#2077=IFCARBITRARYCLOSEDPROFILEDEF(.AREA.,$,#2076);
#2078=IFCCARTESIANPOINT((0.02500000037252903,0.02500000037252903,0.02500000037252903));
#2079=IFCDIRECTION((0.,0.,1.));
#2080=IFCDIRECTION((1.,0.,0.));
#2081=IFCAXIS2PLACEMENT3D(#2078,#2079,#2080);
#2082=IFCDIRECTION((0.,0.,1.));
#2083=IFCEXTRUDEDAREASOLID(#2077,#2081,#2082,1.9499999992549419);
#2084=IFCCARTESIANPOINTLIST2D(((0.,0.),(0.,-0.040000000000000001),(0.12,-0.040000000000000001),(0.12,-0.02),(0.02,-0.02),(0.02,0.)));
#2085=IFCINDEXEDPOLYCURVE(#2084,(IFCLINEINDEX((1,2,3,4,5,6,1))),$);
#2086=IFCARBITRARYCLOSEDPROFILEDEF(.AREA.,$,#2085);
#2087=IFCCARTESIANPOINT((0.075000000372529033,0.02500000037252903,1.015000000372529));
#2088=IFCDIRECTION((0.,0.,1.));
#2089=IFCDIRECTION((1.,0.,0.));
#2090=IFCAXIS2PLACEMENT3D(#2087,#2088,#2089);
#2091=IFCDIRECTION((0.,0.,1.));
#2092=IFCEXTRUDEDAREASOLID(#2086,#2090,#2091,0.02);
#2093=IFCEXTRUDEDAREASOLID(#2094,#2097,#2101,0.02);
#2094=IFCARBITRARYCLOSEDPROFILEDEF(.AREA.,$,#2095);
#2095=IFCINDEXEDPOLYCURVE(#2096,(IFCLINEINDEX((1,2,3,4,5,6,1))),$);
#2096=IFCCARTESIANPOINTLIST2D(((0.,0.),(0.,0.040000000000000008),(0.11999999999999998,0.040000000000000008),(0.11999999999999998,0.020000000000000004),(0.020000000000000004,0.020000000000000004),(0.020000000000000004,0.)));
#2097=IFCAXIS2PLACEMENT3D(#2098,#2099,#2100);
#2098=IFCCARTESIANPOINT((0.075000000372529033,0.060000000521540642,1.015000000372529));
#2099=IFCDIRECTION((0.,0.,1.));
#2100=IFCDIRECTION((1.,0.,0.));
#2101=IFCDIRECTION((0.,0.,1.));
#2103=IFCSHAPEREPRESENTATION(#11,'Body','SweptSolid',(#2184,#2157,#2074,#2175,#2065,#2038,#2166,#2056,#2047,#2193));
#2104=IFCSHAPEASPECT((#2103),'Lining',$,.T.,#1971);
#2105=IFCSHAPEREPRESENTATION(#11,'Body','SweptSolid',(#2212,#2202,#2092,#2093,#2083,#2211));
#2106=IFCSHAPEASPECT((#2105),'Framing',$,.T.,#1971);
#2146=IFCCARTESIANPOINTLIST3D(((0.,0.,0.),(0.72952830791473389,0.,0.),(0.72952830791473389,0.,2.),(0.,0.,2.)));
#2147=IFCINDEXEDPOLYCURVE(#2146,(IFCLINEINDEX((1,2,3,4,1))),$);
#2148=IFCSHAPEREPRESENTATION(#18,'Profile','Curve3D',(#2147));
#2149=IFCCARTESIANPOINTLIST2D(((0.,0.),(0.,2.),(0.72952830791473389,2.),(0.72952830791473389,0.),(0.70452830754220486,0.),(0.70452830754220486,1.974999999627471),(0.02500000037252903,1.974999999627471),(0.02500000037252903,0.)));
#2150=IFCINDEXEDPOLYCURVE(#2149,(IFCLINEINDEX((1,2,3,4,5,6,7,8,1))),$);
#2151=IFCARBITRARYCLOSEDPROFILEDEF(.AREA.,$,#2150);
#2152=IFCCARTESIANPOINT((0.,0.02500000037252903,0.));
#2153=IFCDIRECTION((0.,-1.,0.));
#2154=IFCDIRECTION((1.,0.,0.));
#2155=IFCAXIS2PLACEMENT3D(#2152,#2153,#2154);
#2156=IFCDIRECTION((0.,0.,-1.));
#2157=IFCEXTRUDEDAREASOLID(#2151,#2155,#2156,0.02500000037252903);
#2158=IFCCARTESIANPOINTLIST2D(((0.,0.),(0.,2.),(0.72952830791473389,2.),(0.72952830791473389,0.),(0.67952830716967583,0.),(0.67952830716967583,1.9499999992549419),(0.05000000074505806,1.9499999992549419),(0.05000000074505806,0.)));
#2159=IFCINDEXEDPOLYCURVE(#2158,(IFCLINEINDEX((1,2,3,4,5,6,7,8,1))),$);
#2160=IFCARBITRARYCLOSEDPROFILEDEF(.AREA.,$,#2159);
#2161=IFCCARTESIANPOINT((0.,0.,0.));
#2162=IFCDIRECTION((0.,-1.,0.));
#2163=IFCDIRECTION((1.,0.,0.));
#2164=IFCAXIS2PLACEMENT3D(#2161,#2162,#2163);
#2165=IFCDIRECTION((0.,0.,-1.));
#2166=IFCEXTRUDEDAREASOLID(#2160,#2164,#2165,0.02500000037252903);
#2167=IFCCARTESIANPOINTLIST2D(((0.,0.),(0.62952830642461777,0.),(0.62952830642461777,0.10000000149011612),(0.,0.10000000149011612)));
#2168=IFCINDEXEDPOLYCURVE(#2167,(IFCLINEINDEX((1,2,3,4,1))),$);
#2169=IFCARBITRARYCLOSEDPROFILEDEF(.AREA.,$,#2168);
#2170=IFCCARTESIANPOINT((0.05000000074505806,0.,0.));
#2171=IFCDIRECTION((0.,0.,1.));
#2172=IFCDIRECTION((1.,0.,0.));
#2173=IFCAXIS2PLACEMENT3D(#2170,#2171,#2172);
#2174=IFCDIRECTION((0.,0.,1.));
#2175=IFCEXTRUDEDAREASOLID(#2169,#2173,#2174,0.02500000037252903);
#2176=IFCCARTESIANPOINTLIST2D(((0.,0.),(0.,2.0250000022351742),(0.77952831238508224,2.0250000022351742),(0.77952831238508224,0.),(0.70452830940485001,0.),(0.70452830940485001,1.9499999992549419),(0.075000002980232239,1.9499999992549419),(0.075000002980232239,0.)));
#2177=IFCINDEXEDPOLYCURVE(#2176,(IFCLINEINDEX((1,2,3,4,5,6,7,8,1))),$);
#2178=IFCARBITRARYCLOSEDPROFILEDEF(.AREA.,$,#2177);
#2179=IFCCARTESIANPOINT((-0.025000002235174179,-0.004999999888241291,0.));
#2180=IFCDIRECTION((0.,-1.,0.));
#2181=IFCDIRECTION((1.,0.,0.));
#2182=IFCAXIS2PLACEMENT3D(#2179,#2180,#2181);
#2183=IFCDIRECTION((0.,0.,-1.));
#2184=IFCEXTRUDEDAREASOLID(#2178,#2182,#2183,0.004999999888241291);
#2185=IFCCARTESIANPOINTLIST2D(((0.,0.),(0.,2.0250000022351742),(0.77952831238508224,2.0250000022351742),(0.77952831238508224,0.),(0.72952830977737904,0.),(0.72952830977737904,1.974999999627471),(0.050000002607703209,1.974999999627471),(0.050000002607703209,0.)));
#2186=IFCINDEXEDPOLYCURVE(#2185,(IFCLINEINDEX((1,2,3,4,5,6,7,8,1))),$);
#2187=IFCARBITRARYCLOSEDPROFILEDEF(.AREA.,$,#2186);
#2188=IFCCARTESIANPOINT((-0.025000002235174179,0.05000000074505806,0.));
#2189=IFCDIRECTION((0.,-1.,0.));
#2190=IFCDIRECTION((1.,0.,0.));
#2191=IFCAXIS2PLACEMENT3D(#2188,#2189,#2190);
#2192=IFCDIRECTION((0.,0.,-1.));
#2193=IFCEXTRUDEDAREASOLID(#2187,#2191,#2192,0.004999999888241291);
#2194=IFCCARTESIANPOINTLIST2D(((0.,0.),(0.67952830716967583,0.),(0.67952830716967583,0.035000000149011612),(0.,0.035000000149011612)));
#2195=IFCINDEXEDPOLYCURVE(#2194,(IFCLINEINDEX((1,2,3,4,1))),$);
#2196=IFCARBITRARYCLOSEDPROFILEDEF(.AREA.,$,#2195);
#2197=IFCCARTESIANPOINT((0.02500000037252903,0.02500000037252903,0.02500000037252903));
#2198=IFCDIRECTION((0.,0.,1.));
#2199=IFCDIRECTION((1.,0.,0.));
#2200=IFCAXIS2PLACEMENT3D(#2197,#2198,#2199);
#2201=IFCDIRECTION((0.,0.,1.));
#2202=IFCEXTRUDEDAREASOLID(#2196,#2200,#2201,1.9499999992549419);
#2203=IFCCARTESIANPOINTLIST2D(((0.,0.),(0.,-0.040000000000000001),(-0.11999999999999988,-0.040000000000000001),(-0.11999999999999988,-0.02),(-0.020000000000000018,-0.02),(-0.020000000000000018,0.)));
#2204=IFCINDEXEDPOLYCURVE(#2203,(IFCLINEINDEX((1,2,3,4,5,6,1))),$);
#2205=IFCARBITRARYCLOSEDPROFILEDEF(.AREA.,$,#2204);
#2206=IFCCARTESIANPOINT((0.65452830754220481,0.02500000037252903,1.015000000372529));
#2207=IFCDIRECTION((0.,0.,1.));
#2208=IFCDIRECTION((1.,0.,0.));
#2209=IFCAXIS2PLACEMENT3D(#2206,#2207,#2208);
#2210=IFCDIRECTION((0.,0.,1.));
#2211=IFCEXTRUDEDAREASOLID(#2205,#2209,#2210,0.02);
#2212=IFCEXTRUDEDAREASOLID(#2213,#2216,#2220,0.02);
#2213=IFCARBITRARYCLOSEDPROFILEDEF(.AREA.,$,#2214);
#2214=IFCINDEXEDPOLYCURVE(#2215,(IFCLINEINDEX((1,2,3,4,5,6,1))),$);
#2215=IFCCARTESIANPOINTLIST2D(((0.,0.),(0.,0.040000000000000008),(-0.11999999999999988,0.040000000000000008),(-0.11999999999999988,0.020000000000000004),(-0.020000000000000018,0.020000000000000004),(-0.020000000000000018,0.)));
#2216=IFCAXIS2PLACEMENT3D(#2217,#2218,#2219);
#2217=IFCCARTESIANPOINT((0.65452830754220481,0.060000000521540642,1.015000000372529));
#2218=IFCDIRECTION((0.,0.,1.));
#2219=IFCDIRECTION((1.,0.,0.));
#2220=IFCDIRECTION((0.,0.,1.));
#2221=IFCSHAPEREPRESENTATION(#11,'Body','SweptSolid',(#2157,#2166,#2202,#2211,#2212,#2175,#2184,#2193));
#2222=IFCCARTESIANPOINTLIST2D(((0.,0.),(0.,0.05000000074505806),(0.02500000037252903,0.05000000074505806),(0.02500000037252903,0.02500000037252903),(0.05000000074505806,0.02500000037252903),(0.05000000074505806,0.)));
#2223=IFCINDEXEDPOLYCURVE(#2222,(IFCLINEINDEX((1,2,3,4,5,6,1))),$);
#2224=IFCINDEXEDPOLYCURVE(#2225,(IFCLINEINDEX((1,2,3,4,5,6,1))),$);
#2225=IFCCARTESIANPOINTLIST2D(((0.72952830791473389,0.),(0.72952830791473389,0.05000000074505806),(0.70452830754220486,0.05000000074505806),(0.70452830754220486,0.02500000037252903),(0.67952830716967583,0.02500000037252903),(0.67952830716967583,0.)));
#2226=IFCDIRECTION((1.,0.));
#2227=IFCCARTESIANPOINT((0.060000000521540642,0.05000000074505806));
#2228=IFCAXIS2PLACEMENT2D(#2227,#2226);
#2229=IFCELLIPSE(#2228,0.64452830702066422,0.67952830716967583);
#2230=IFCCARTESIANPOINT((0.70452830754220486,0.05000000074505806));
#2231=IFCCARTESIANPOINT((0.060000000521540642,0.72952830791473389));
#2232=IFCTRIMMEDCURVE(#2229,(#2230),(#2231),.T.,.CARTESIAN.);
#2233=IFCCARTESIANPOINTLIST2D(((0.02500000037252903,0.05000000074505806),(0.060000000521540642,0.05000000074505806),(0.060000000521540642,0.72952830791473389),(0.02500000037252903,0.72952830791473389)));
#2234=IFCINDEXEDPOLYCURVE(#2233,(IFCLINEINDEX((1,2,3,4,1))),$);
#2235=IFCSHAPEREPRESENTATION(#24,'Body','Curve2D',(#2223,#2224,#2232,#2234));
#2236=IFCCARTESIANPOINTLIST2D(((0.,0.),(0.72952830791473389,0.),(0.72952830791473389,2.),(0.,2.)));
#2237=IFCINDEXEDPOLYCURVE(#2236,(IFCLINEINDEX((1,2,3,4,1))),$);
#2238=IFCARBITRARYCLOSEDPROFILEDEF(.AREA.,$,#2237);
#2239=IFCCARTESIANPOINT((0.,-0.60000002384185791,0.));
#2240=IFCDIRECTION((0.,-1.,0.));
#2241=IFCDIRECTION((1.,0.,0.));
#2242=IFCAXIS2PLACEMENT3D(#2239,#2240,#2241);
#2243=IFCDIRECTION((0.,0.,-1.));
#2244=IFCEXTRUDEDAREASOLID(#2238,#2242,#2243,1.2);
#2245=IFCSHAPEREPRESENTATION(#11,'Body','SweptSolid',(#2244));
#2251=IFCCARTESIANPOINT((0.05491994393038313,0.014999861843135731,0.));
#2252=IFCDIRECTION((0.,0.,1.));
#2253=IFCDIRECTION((0.99999999999999289,-1.1920928955077312E-07,0.));
#2254=IFCAXIS2PLACEMENT3D(#2251,#2252,#2253);
#2255=IFCLOCALPLACEMENT(#926,#2254);
#2256=IFCCARTESIANPOINT((-8.8817841970012523E-16,-2.2204460492503131E-16,0.));
#2257=IFCDIRECTION((0.,0.,1.));
#2258=IFCDIRECTION((0.99999999999999989,0.,0.));
#2259=IFCAXIS2PLACEMENT3D(#2256,#2257,#2258);
#2260=IFCLOCALPLACEMENT(#2255,#2259);
#2261=IFCDOORTYPE('2z2B7ecin9qv$jnHbSv5VR',$,'GF-Maids room',$,$,(#2262),(#2271,#2349,#2368,#2536),$,$,.DOOR.,.SINGLE_SWING_LEFT.,$,$);
#2262=IFCPROPERTYSET('1gFTAtKb51Avq8A8EKOFqf',$,'BBIM_Door',$,(#2263));
#2263=IFCPROPERTYSINGLEVALUE('Data',$,IFCTEXT('{"door_type": "SLIDING_TO_RIGHT", "overall_height": 2.0, "overall_width": 1.3388402462005615, "lining_properties": {"lining_depth": 0.05000000074505806, "lining_thickness": 0.05000000074505806, "lining_offset": 0.0, "transom_thickness": 0.0, "casing_thickness": 0.07500000298023224, "casing_depth": 0.004999999888241291, "threshold_thickness": 0.02500000037252903, "threshold_depth": 0.10000000149011612, "threshold_offset": 0.0}, "panel_properties": {"panel_depth": 0.03500000014901161, "panel_width_ratio": 1.0}}'),$);
#2267=IFCCARTESIANPOINT((0.,0.,0.));
#2268=IFCDIRECTION((1.,0.,0.));
#2269=IFCDIRECTION((0.,0.,1.));
#2270=IFCAXIS2PLACEMENT3D(#2267,#2269,#2268);
#2271=IFCREPRESENTATIONMAP(#2270,#2451);
#2345=IFCCARTESIANPOINT((0.,0.,0.));
#2346=IFCDIRECTION((1.,0.,0.));
#2347=IFCDIRECTION((0.,0.,1.));
#2348=IFCAXIS2PLACEMENT3D(#2345,#2347,#2346);
#2349=IFCREPRESENTATIONMAP(#2348,#2515);
#2364=IFCCARTESIANPOINT((0.,0.,0.));
#2365=IFCDIRECTION((1.,0.,0.));
#2366=IFCDIRECTION((0.,0.,1.));
#2367=IFCAXIS2PLACEMENT3D(#2364,#2366,#2365);
#2368=IFCREPRESENTATIONMAP(#2367,#2526);
#2369=IFCDOOR('3h2qmMfGnBPwRAH4Uca4Z_',$,'Door',$,$,#2568,#2378,$,2.,1.3388402462005615,$,.SLIDING_TO_RIGHT.,$);
#2370=IFCRELDEFINESBYTYPE('2uCpZpwoXFygdS1ViPf4tV',$,$,$,(#2369),#2261);
#2371=IFCCARTESIANPOINT((0.,0.,0.));
#2372=IFCDIRECTION((1.,0.,0.));
#2373=IFCDIRECTION((0.,1.,0.));
#2374=IFCDIRECTION((0.,0.,1.));
#2375=IFCCARTESIANTRANSFORMATIONOPERATOR3D(#2372,#2373,#2371,1.,#2374);
#2376=IFCMAPPEDITEM(#2271,#2375);
#2377=IFCSHAPEREPRESENTATION(#18,'Profile','MappedRepresentation',(#2376));
#2378=IFCPRODUCTDEFINITIONSHAPE($,$,(#2377,#2385,#2392,#2543));
#2379=IFCCARTESIANPOINT((0.,0.,0.));
#2380=IFCDIRECTION((1.,0.,0.));
#2381=IFCDIRECTION((0.,1.,0.));
#2382=IFCDIRECTION((0.,0.,1.));
#2383=IFCCARTESIANTRANSFORMATIONOPERATOR3D(#2380,#2381,#2379,1.,#2382);
#2384=IFCMAPPEDITEM(#2349,#2383);
#2385=IFCSHAPEREPRESENTATION(#11,'Body','MappedRepresentation',(#2384));
#2386=IFCCARTESIANPOINT((0.,0.,0.));
#2387=IFCDIRECTION((1.,0.,0.));
#2388=IFCDIRECTION((0.,1.,0.));
#2389=IFCDIRECTION((0.,0.,1.));
#2390=IFCCARTESIANTRANSFORMATIONOPERATOR3D(#2387,#2388,#2386,1.,#2389);
#2391=IFCMAPPEDITEM(#2368,#2390);
#2392=IFCSHAPEREPRESENTATION(#24,'Body','MappedRepresentation',(#2391));
#2393=IFCOPENINGELEMENT('2NbdPFTFTCBhaaSyrQK$V3',$,'Opening',$,$,#2563,#2421,$,.OPENING.);
#2409=IFCCARTESIANPOINT((0.,0.,0.));
#2410=IFCDIRECTION((1.,0.,0.));
#2411=IFCDIRECTION((0.,0.,1.));
#2412=IFCAXIS2PLACEMENT3D(#2409,#2411,#2410);
#2413=IFCREPRESENTATIONMAP(#2412,#2553);
#2414=IFCCARTESIANPOINT((0.,0.,0.));
#2415=IFCDIRECTION((1.,0.,0.));
#2416=IFCDIRECTION((0.,1.,0.));
#2417=IFCDIRECTION((0.,0.,1.));
#2418=IFCCARTESIANTRANSFORMATIONOPERATOR3D(#2415,#2416,#2414,1.,#2417);
#2419=IFCMAPPEDITEM(#2413,#2418);
#2420=IFCSHAPEREPRESENTATION(#11,'Body','MappedRepresentation',(#2419));
#2421=IFCPRODUCTDEFINITIONSHAPE($,$,(#2420));
#2422=IFCRELVOIDSELEMENT('2dAqXAW353wA1j9TOB8$B6',$,$,$,#940,#2393);
#2428=IFCRELFILLSELEMENT('2J5juQmwH8RxYE80Ejayhf',$,$,$,#2393,#2369);
#2449=IFCCARTESIANPOINTLIST3D(((0.,0.,0.),(1.3388402462005615,0.,0.),(1.3388402462005615,0.,2.),(0.,0.,2.)));
#2450=IFCINDEXEDPOLYCURVE(#2449,(IFCLINEINDEX((1,2,3,4,1))),$);
#2451=IFCSHAPEREPRESENTATION(#18,'Profile','Curve3D',(#2450));
#2452=IFCCARTESIANPOINTLIST2D(((0.,0.),(0.,2.),(1.3388402462005615,2.),(1.3388402462005615,0.),(1.2888402454555035,0.),(1.2888402454555035,1.9499999992549419),(0.05000000074505806,1.9499999992549419),(0.05000000074505806,0.)));
#2453=IFCINDEXEDPOLYCURVE(#2452,(IFCLINEINDEX((1,2,3,4,5,6,7,8,1))),$);
#2454=IFCARBITRARYCLOSEDPROFILEDEF(.AREA.,$,#2453);
#2455=IFCCARTESIANPOINT((0.,0.,0.));
#2456=IFCDIRECTION((0.,-1.,0.));
#2457=IFCDIRECTION((1.,0.,0.));
#2458=IFCAXIS2PLACEMENT3D(#2455,#2456,#2457);
#2459=IFCDIRECTION((0.,0.,-1.));
#2460=IFCEXTRUDEDAREASOLID(#2454,#2458,#2459,0.05000000074505806);
#2461=IFCCARTESIANPOINTLIST2D(((0.,0.),(1.2388402447104454,0.),(1.2388402447104454,0.10000000149011612),(0.,0.10000000149011612)));
#2462=IFCINDEXEDPOLYCURVE(#2461,(IFCLINEINDEX((1,2,3,4,1))),$);
#2463=IFCARBITRARYCLOSEDPROFILEDEF(.AREA.,$,#2462);
#2464=IFCCARTESIANPOINT((0.05000000074505806,0.,0.));
#2465=IFCDIRECTION((0.,0.,1.));
#2466=IFCDIRECTION((1.,0.,0.));
#2467=IFCAXIS2PLACEMENT3D(#2464,#2465,#2466);
#2468=IFCDIRECTION((0.,0.,1.));
#2469=IFCEXTRUDEDAREASOLID(#2463,#2467,#2468,0.02500000037252903);
#2470=IFCCARTESIANPOINTLIST2D(((0.,0.),(0.,2.0250000022351742),(1.3888402506709099,2.0250000022351742),(1.3888402506709099,0.),(1.3138402476906776,0.),(1.3138402476906776,1.9499999992549419),(0.075000002980232239,1.9499999992549419),(0.075000002980232239,0.)));
#2471=IFCINDEXEDPOLYCURVE(#2470,(IFCLINEINDEX((1,2,3,4,5,6,7,8,1))),$);
#2472=IFCARBITRARYCLOSEDPROFILEDEF(.AREA.,$,#2471);
#2473=IFCCARTESIANPOINT((-0.025000002235174179,-0.004999999888241291,0.));
#2474=IFCDIRECTION((0.,-1.,0.));
#2475=IFCDIRECTION((1.,0.,0.));
#2476=IFCAXIS2PLACEMENT3D(#2473,#2474,#2475);
#2477=IFCDIRECTION((0.,0.,-1.));
#2478=IFCEXTRUDEDAREASOLID(#2472,#2476,#2477,0.004999999888241291);
#2479=IFCCARTESIANPOINTLIST2D(((0.,0.),(0.,2.0250000022351742),(1.3888402506709099,2.0250000022351742),(1.3888402506709099,0.),(1.3138402476906776,0.),(1.3138402476906776,1.9499999992549419),(0.075000002980232239,1.9499999992549419),(0.075000002980232239,0.)));
#2480=IFCINDEXEDPOLYCURVE(#2479,(IFCLINEINDEX((1,2,3,4,5,6,7,8,1))),$);
#2481=IFCARBITRARYCLOSEDPROFILEDEF(.AREA.,$,#2480);
#2482=IFCCARTESIANPOINT((-0.025000002235174179,0.05000000074505806,0.));
#2483=IFCDIRECTION((0.,-1.,0.));
#2484=IFCDIRECTION((1.,0.,0.));
#2485=IFCAXIS2PLACEMENT3D(#2482,#2483,#2484);
#2486=IFCDIRECTION((0.,0.,-1.));
#2487=IFCEXTRUDEDAREASOLID(#2481,#2485,#2486,0.004999999888241291);
#2488=IFCCARTESIANPOINTLIST2D(((0.,0.),(1.2388402447104454,0.),(1.2388402447104454,0.035000000149011612),(0.,0.035000000149011612)));
#2489=IFCINDEXEDPOLYCURVE(#2488,(IFCLINEINDEX((1,2,3,4,1))),$);
#2490=IFCARBITRARYCLOSEDPROFILEDEF(.AREA.,$,#2489);
#2491=IFCCARTESIANPOINT((0.05000000074505806,-0.035000000149011612,0.02500000037252903));
#2492=IFCDIRECTION((0.,0.,1.));
#2493=IFCDIRECTION((1.,0.,0.));
#2494=IFCAXIS2PLACEMENT3D(#2491,#2492,#2493);
#2495=IFCDIRECTION((0.,0.,1.));
#2496=IFCEXTRUDEDAREASOLID(#2490,#2494,#2495,1.9249999988824129);
#2497=IFCCARTESIANPOINTLIST2D(((0.,0.),(0.,-0.040000000000000001),(0.12,-0.040000000000000001),(0.12,-0.02),(0.02,-0.02),(0.02,0.)));
#2498=IFCINDEXEDPOLYCURVE(#2497,(IFCLINEINDEX((1,2,3,4,5,6,1))),$);
#2499=IFCARBITRARYCLOSEDPROFILEDEF(.AREA.,$,#2498);
#2500=IFCCARTESIANPOINT((0.10000000074505806,-0.035000000149011612,1.015000000372529));
#2501=IFCDIRECTION((0.,0.,1.));
#2502=IFCDIRECTION((1.,0.,0.));
#2503=IFCAXIS2PLACEMENT3D(#2500,#2501,#2502);
#2504=IFCDIRECTION((0.,0.,1.));
#2505=IFCEXTRUDEDAREASOLID(#2499,#2503,#2504,0.02);
#2506=IFCEXTRUDEDAREASOLID(#2507,#2510,#2514,0.02);
#2507=IFCARBITRARYCLOSEDPROFILEDEF(.AREA.,$,#2508);
#2508=IFCINDEXEDPOLYCURVE(#2509,(IFCLINEINDEX((1,2,3,4,5,6,1))),$);
#2509=IFCCARTESIANPOINTLIST2D(((0.,0.),(0.,0.040000000000000008),(0.11999999999999998,0.040000000000000008),(0.11999999999999998,0.020000000000000004),(0.020000000000000004,0.020000000000000004),(0.020000000000000004,0.)));
#2510=IFCAXIS2PLACEMENT3D(#2511,#2512,#2513);
#2511=IFCCARTESIANPOINT((0.10000000074505806,0.,1.015000000372529));
#2512=IFCDIRECTION((0.,0.,1.));
#2513=IFCDIRECTION((1.,0.,0.));
#2514=IFCDIRECTION((0.,0.,1.));
#2515=IFCSHAPEREPRESENTATION(#11,'Body','SweptSolid',(#2460,#2496,#2505,#2506,#2469,#2478,#2487));
#2516=IFCSHAPEREPRESENTATION(#11,'Body','SweptSolid',(#2460,#2469,#2478,#2487));
#2517=IFCSHAPEASPECT((#2516),'Lining',$,.T.,#2378);
#2518=IFCSHAPEREPRESENTATION(#11,'Body','SweptSolid',(#2496,#2505,#2506));
#2519=IFCSHAPEASPECT((#2518),'Framing',$,.T.,#2378);
#2520=IFCCARTESIANPOINTLIST2D(((0.,0.),(0.05000000074505806,0.),(0.05000000074505806,0.05000000074505806),(0.,0.05000000074505806)));
#2521=IFCINDEXEDPOLYCURVE(#2520,(IFCLINEINDEX((1,2,3,4,1))),$);
#2522=IFCINDEXEDPOLYCURVE(#2523,(IFCLINEINDEX((1,2,3,4,1))),$);
#2523=IFCCARTESIANPOINTLIST2D(((1.3388402462005615,0.),(1.2888402454555035,0.),(1.2888402454555035,0.05000000074505806),(1.3388402462005615,0.05000000074505806)));
#2524=IFCCARTESIANPOINTLIST2D(((1.9082603678107262,-0.035000000149011612),(0.66942012310028076,-0.035000000149011612),(0.66942012310028076,0.),(1.9082603678107262,0.)));
#2525=IFCINDEXEDPOLYCURVE(#2524,(IFCLINEINDEX((1,2,3,4,1))),$);
#2526=IFCSHAPEREPRESENTATION(#24,'Body','Curve2D',(#2521,#2522,#2525));
#2527=IFCCARTESIANPOINTLIST2D(((0.48359408639371393,-0.081587428267465345),(0.85524615980684759,-0.081587428267465345)));
#2528=IFCINDEXEDPOLYCURVE(#2527,$,$);
#2529=IFCCARTESIANPOINTLIST2D(((0.51359408639371396,-0.050529142855162856),(0.48359408639371393,-0.081587428267465345),(0.51359408639371396,-0.11264571367976783)));
#2530=IFCINDEXEDPOLYCURVE(#2529,$,$);
#2531=IFCSHAPEREPRESENTATION(#25,'Annotation','Curve2D',(#2528,#2530));
#2532=IFCCARTESIANPOINT((0.,0.,0.));
#2533=IFCDIRECTION((1.,0.,0.));
#2534=IFCDIRECTION((0.,0.,1.));
#2535=IFCAXIS2PLACEMENT3D(#2532,#2534,#2533);
#2536=IFCREPRESENTATIONMAP(#2535,#2531);
#2537=IFCCARTESIANPOINT((0.,0.,0.));
#2538=IFCDIRECTION((1.,0.,0.));
#2539=IFCDIRECTION((0.,1.,0.));
#2540=IFCDIRECTION((0.,0.,1.));
#2541=IFCCARTESIANTRANSFORMATIONOPERATOR3D(#2538,#2539,#2537,1.,#2540);
#2542=IFCMAPPEDITEM(#2536,#2541);
#2543=IFCSHAPEREPRESENTATION(#25,'Annotation','MappedRepresentation',(#2542));
#2544=IFCCARTESIANPOINTLIST2D(((0.,0.),(1.3388402462005615,0.),(1.3388402462005615,2.),(0.,2.)));
#2545=IFCINDEXEDPOLYCURVE(#2544,(IFCLINEINDEX((1,2,3,4,1))),$);
#2546=IFCARBITRARYCLOSEDPROFILEDEF(.AREA.,$,#2545);
#2547=IFCCARTESIANPOINT((0.,-0.60000002384185791,0.));
#2548=IFCDIRECTION((0.,-1.,0.));
#2549=IFCDIRECTION((1.,0.,0.));
#2550=IFCAXIS2PLACEMENT3D(#2547,#2548,#2549);
#2551=IFCDIRECTION((0.,0.,-1.));
#2552=IFCEXTRUDEDAREASOLID(#2546,#2550,#2551,1.2);
#2553=IFCSHAPEREPRESENTATION(#11,'Body','SweptSolid',(#2552));
#2559=IFCCARTESIANPOINT((0.18780303049019509,2.7432100724311681E-07,0.));
#2560=IFCDIRECTION((0.,0.,1.));
#2561=IFCDIRECTION((0.99999999999997169,-2.3841856489068698E-07,0.));
#2562=IFCAXIS2PLACEMENT3D(#2559,#2560,#2561);
#2563=IFCLOCALPLACEMENT(#1071,#2562);
#2564=IFCCARTESIANPOINT((0.,0.,0.));
#2565=IFCDIRECTION((0.,0.,1.));
#2566=IFCDIRECTION((0.99999999999999978,5.2939559203393771E-23,0.));
#2567=IFCAXIS2PLACEMENT3D(#2564,#2565,#2566);
#2568=IFCLOCALPLACEMENT(#2563,#2567);
#2569=IFCWINDOWTYPE('1ghOYCRsfE2eX6UAOwYE6$',$,'GF - Living room',$,$,(#2570),(#2579,#2627,#2649),$,$,.WINDOW.,.SINGLE_PANEL.,$,$);
#2570=IFCPROPERTYSET('1vCX6MqXP6RPQBeTvhaCFR',$,'BBIM_Window',$,(#2571));
#2571=IFCPROPERTYSINGLEVALUE('Data',$,IFCTEXT('{"window_type": "SINGLE_PANEL", "overall_height": 0.8999999761581421, "overall_width": 0.7269591093063354, "lining_properties": {"lining_depth": 0.05000000074505806, "lining_thickness": 0.05000000074505806, "lining_offset": 0.05000000074505806, "lining_to_panel_offset_x": 0.02500000037252903, "lining_to_panel_offset_y": 0.02500000037252903}, "panel_properties": {"frame_depth": [0.03500000014901161, 0.03500000014901161, 0.03500000014901161], "frame_thickness": [0.03500000014901161, 0.03500000014901161, 0.03500000014901161]}}'),$);
#2575=IFCCARTESIANPOINT((0.,0.,0.));
#2576=IFCDIRECTION((1.,0.,0.));
#2577=IFCDIRECTION((0.,0.,1.));
#2578=IFCAXIS2PLACEMENT3D(#2575,#2577,#2576);
#2579=IFCREPRESENTATIONMAP(#2578,#3606);
#2623=IFCCARTESIANPOINT((0.,0.,0.));
#2624=IFCDIRECTION((1.,0.,0.));
#2625=IFCDIRECTION((0.,0.,1.));
#2626=IFCAXIS2PLACEMENT3D(#2623,#2625,#2624);
#2627=IFCREPRESENTATIONMAP(#2626,#3649);
#2645=IFCCARTESIANPOINT((0.,0.,0.));
#2646=IFCDIRECTION((1.,0.,0.));
#2647=IFCDIRECTION((0.,0.,1.));
#2648=IFCAXIS2PLACEMENT3D(#2645,#2647,#2646);
#2649=IFCREPRESENTATIONMAP(#2648,#3666);
#2650=IFCWINDOW('2Ahnr68S172uymUJn_1_kP',$,'Window',$,$,#3706,#2659,$,0.89999997615814209,0.72695910930633545,$,.SINGLE_PANEL.,$);
#2651=IFCRELDEFINESBYTYPE('1MWxTRxyn1WRtEHbI$aIwo',$,$,$,(#2650),#2569);
#2652=IFCCARTESIANPOINT((0.,0.,0.));
#2653=IFCDIRECTION((1.,0.,0.));
#2654=IFCDIRECTION((0.,1.,0.));
#2655=IFCDIRECTION((0.,0.,1.));
#2656=IFCCARTESIANTRANSFORMATIONOPERATOR3D(#2653,#2654,#2652,1.,#2655);
#2657=IFCMAPPEDITEM(#2579,#2656);
#2658=IFCSHAPEREPRESENTATION(#18,'Profile','MappedRepresentation',(#2657));
#2659=IFCPRODUCTDEFINITIONSHAPE($,$,(#2658,#2666,#2673));
#2660=IFCCARTESIANPOINT((0.,0.,0.));
#2661=IFCDIRECTION((1.,0.,0.));
#2662=IFCDIRECTION((0.,1.,0.));
#2663=IFCDIRECTION((0.,0.,1.));
#2664=IFCCARTESIANTRANSFORMATIONOPERATOR3D(#2661,#2662,#2660,1.,#2663);
#2665=IFCMAPPEDITEM(#2627,#2664);
#2666=IFCSHAPEREPRESENTATION(#11,'Body','MappedRepresentation',(#2665));
#2667=IFCCARTESIANPOINT((0.,0.,0.));
#2668=IFCDIRECTION((1.,0.,0.));
#2669=IFCDIRECTION((0.,1.,0.));
#2670=IFCDIRECTION((0.,0.,1.));
#2671=IFCCARTESIANTRANSFORMATIONOPERATOR3D(#2668,#2669,#2667,1.,#2670);
#2672=IFCMAPPEDITEM(#2649,#2671);
#2673=IFCSHAPEREPRESENTATION(#24,'Body','MappedRepresentation',(#2672));
#2674=IFCOPENINGELEMENT('0rKoC0QxL73eEEyZTIi7OF',$,'Opening',$,$,#11501,#2702,$,.OPENING.);
#2690=IFCCARTESIANPOINT((0.,0.,0.));
#2691=IFCDIRECTION((1.,0.,0.));
#2692=IFCDIRECTION((0.,0.,1.));
#2693=IFCAXIS2PLACEMENT3D(#2690,#2692,#2691);
#2694=IFCREPRESENTATIONMAP(#2693,#3676);
#2695=IFCCARTESIANPOINT((0.,0.,0.));
#2696=IFCDIRECTION((1.,0.,0.));
#2697=IFCDIRECTION((0.,1.,0.));
#2698=IFCDIRECTION((0.,0.,1.));
#2699=IFCCARTESIANTRANSFORMATIONOPERATOR3D(#2696,#2697,#2695,1.,#2698);
#2700=IFCMAPPEDITEM(#2694,#2699);
#2701=IFCSHAPEREPRESENTATION(#11,'Body','MappedRepresentation',(#2700));
#2702=IFCPRODUCTDEFINITIONSHAPE($,$,(#2701));
#2703=IFCRELVOIDSELEMENT('3ZuzUbciPBWhQwQCaGODlS',$,$,$,#119,#2674);
#2709=IFCRELFILLSELEMENT('1_68sumbz21epbNdJVUkic',$,$,$,#2674,#2650);
#2733=IFCCARTESIANPOINTLIST2D(((0.,0.),(0.70379197597503662,0.),(0.70379197597503662,0.89999997615814209),(0.,0.89999997615814209)));
#2734=IFCINDEXEDPOLYCURVE(#2733,(IFCLINEINDEX((1,2,3,4,1))),$);
#2735=IFCCARTESIANPOINTLIST2D(((0.02500000037252903,0.02500000037252903),(0.67879197560250759,0.02500000037252903),(0.67879197560250759,0.87499997578561306),(0.02500000037252903,0.87499997578561306)));
#2736=IFCINDEXEDPOLYCURVE(#2735,(IFCLINEINDEX((1,2,3,4,1))),$);
#2737=IFCARBITRARYPROFILEDEFWITHVOIDS(.AREA.,$,#2734,(#2736));
#2738=IFCCARTESIANPOINT((0.,0.090000001713633537,0.));
#2739=IFCDIRECTION((0.,-1.,0.));
#2740=IFCDIRECTION((1.,0.,0.));
#2741=IFCAXIS2PLACEMENT3D(#2738,#2739,#2740);
#2742=IFCDIRECTION((0.,0.,-1.));
#2743=IFCEXTRUDEDAREASOLID(#2737,#2741,#2742,0.0099999997764825821);
#2744=IFCCARTESIANPOINTLIST2D(((0.,0.),(0.70379197597503662,0.),(0.70379197597503662,0.89999997615814209),(0.,0.89999997615814209)));
#2745=IFCINDEXEDPOLYCURVE(#2744,(IFCLINEINDEX((1,2,3,4,1))),$);
#2746=IFCCARTESIANPOINTLIST2D(((0.05000000074505806,0.05000000074505806),(0.65379197522997856,0.05000000074505806),(0.65379197522997856,0.84999997541308403),(0.05000000074505806,0.84999997541308403)));
#2747=IFCINDEXEDPOLYCURVE(#2746,(IFCLINEINDEX((1,2,3,4,1))),$);
#2748=IFCARBITRARYPROFILEDEFWITHVOIDS(.AREA.,$,#2745,(#2747));
#2749=IFCCARTESIANPOINT((0.,0.05000000074505806,0.));
#2750=IFCDIRECTION((0.,-1.,0.));
#2751=IFCDIRECTION((1.,0.,0.));
#2752=IFCAXIS2PLACEMENT3D(#2749,#2750,#2751);
#2753=IFCDIRECTION((0.,0.,-1.));
#2754=IFCEXTRUDEDAREASOLID(#2748,#2752,#2753,0.040000000968575478);
#2755=IFCCARTESIANPOINTLIST2D(((0.,0.),(0.65379197522997856,0.),(0.65379197522997856,0.84999997541308403),(0.,0.84999997541308403)));
#2756=IFCINDEXEDPOLYCURVE(#2755,(IFCLINEINDEX((1,2,3,4,1))),$);
#2757=IFCCARTESIANPOINTLIST2D(((0.035000000149011612,0.035000000149011612),(0.61879197508096695,0.035000000149011612),(0.61879197508096695,0.81499997526407242),(0.035000000149011612,0.81499997526407242)));
#2758=IFCINDEXEDPOLYCURVE(#2757,(IFCLINEINDEX((1,2,3,4,1))),$);
#2759=IFCARBITRARYPROFILEDEFWITHVOIDS(.AREA.,$,#2756,(#2758));
#2760=IFCCARTESIANPOINT((0.02500000037252903,0.090000001713633537,0.02500000037252903));
#2761=IFCDIRECTION((0.,-1.,0.));
#2762=IFCDIRECTION((1.,0.,0.));
#2763=IFCAXIS2PLACEMENT3D(#2760,#2761,#2762);
#2764=IFCDIRECTION((0.,0.,-1.));
#2765=IFCEXTRUDEDAREASOLID(#2759,#2763,#2764,0.035000000149011612);
#2766=IFCINDEXEDPOLYCURVE(#2767,(IFCLINEINDEX((1,2,3,4,1))),$);
#2767=IFCCARTESIANPOINTLIST2D(((0.035000000149011612,0.035000000149011612),(0.61879197508096695,0.035000000149011612),(0.61879197508096695,0.81499997526407242),(0.035000000149011612,0.81499997526407242)));
#2768=IFCARBITRARYCLOSEDPROFILEDEF(.AREA.,$,#2766);
#2769=IFCCARTESIANPOINT((0.02500000037252903,0.10250000178813934,0.02500000037252903));
#2770=IFCDIRECTION((0.,-1.,0.));
#2771=IFCDIRECTION((1.,0.,0.));
#2772=IFCAXIS2PLACEMENT3D(#2769,#2770,#2771);
#2773=IFCDIRECTION((0.,0.,-1.));
#2774=IFCEXTRUDEDAREASOLID(#2768,#2772,#2773,0.01);
#2776=IFCSHAPEREPRESENTATION(#11,'Body','SweptSolid',(#2743,#3628,#3617,#2754));
#2777=IFCSHAPEASPECT((#2776),'Lining',$,.T.,#2659);
#2778=IFCSHAPEREPRESENTATION(#11,'Body','SweptSolid',(#2765,#3639));
#2779=IFCSHAPEASPECT((#2778),'Framing',$,.T.,#2659);
#2780=IFCSHAPEREPRESENTATION(#11,'Body','SweptSolid',(#3648,#2774));
#2781=IFCSHAPEASPECT((#2780),'Glazing',$,.T.,#2659);
#2908=IFCWINDOWTYPE('3lESz22_H59vqK1tlWUqy5',$,'GF - Guest room 2',$,$,(#2909),(#2911,#2919,#2967),$,$,.WINDOW.,.SINGLE_PANEL.,$,$);
#2909=IFCPROPERTYSET('2iU6s39M1FQAPc7stCWk10',$,'BBIM_Window',$,(#2910));
#2910=IFCPROPERTYSINGLEVALUE('Data',$,IFCTEXT('{"window_type": "DOUBLE_PANEL_VERTICAL", "overall_height": 0.8999999761581421, "overall_width": 1.150243878364563, "lining_properties": {"lining_depth": 0.05000000074505806, "lining_thickness": 0.05000000074505806, "lining_offset": 0.05000000074505806, "lining_to_panel_offset_x": 0.02500000037252903, "lining_to_panel_offset_y": 0.02500000037252903, "mullion_thickness": 0.05000000074505806, "first_mullion_offset": 0.565836489200592}, "panel_properties": {"frame_depth": [0.03500000014901161, 0.03500000014901161, 0.03500000014901161], "frame_thickness": [0.03500000014901161, 0.03500000014901161, 0.03500000014901161]}}'),$);
#2911=IFCREPRESENTATIONMAP(#2912,#3789);
#2912=IFCAXIS2PLACEMENT3D(#2913,#2914,#2915);
#2913=IFCCARTESIANPOINT((0.,0.,0.));
#2914=IFCDIRECTION((0.,0.,1.));
#2915=IFCDIRECTION((1.,0.,0.));
#2919=IFCREPRESENTATIONMAP(#2920,#3870);
#2920=IFCAXIS2PLACEMENT3D(#2921,#2922,#2923);
#2921=IFCCARTESIANPOINT((0.,0.,0.));
#2922=IFCDIRECTION((0.,0.,1.));
#2923=IFCDIRECTION((1.,0.,0.));
#2967=IFCREPRESENTATIONMAP(#2968,#3909);
#2968=IFCAXIS2PLACEMENT3D(#2969,#2970,#2971);
#2969=IFCCARTESIANPOINT((0.,0.,0.));
#2970=IFCDIRECTION((0.,0.,1.));
#2971=IFCDIRECTION((1.,0.,0.));
#3319=IFCWINDOWTYPE('3rzGP4W755vw0lz4K930nY',$,'GF - Guest room 1',$,$,(#3320),(#3322,#3330,#3378),$,$,.WINDOW.,.SINGLE_PANEL.,$,$);
#3320=IFCPROPERTYSET('03wnBNpi9FTfPl8rlZSRA3',$,'BBIM_Window',$,(#3321));
#3321=IFCPROPERTYSINGLEVALUE('Data',$,IFCTEXT('{"window_type": "SINGLE_PANEL", "overall_height": 0.8999999761581421, "overall_width": 0.7276495695114136, "lining_properties": {"lining_depth": 0.05000000074505806, "lining_thickness": 0.05000000074505806, "lining_offset": 0.05000000074505806, "lining_to_panel_offset_x": 0.02500000037252903, "lining_to_panel_offset_y": 0.02500000037252903}, "panel_properties": {"frame_depth": [0.03500000014901161, 0.03500000014901161, 0.03500000014901161], "frame_thickness": [0.03500000014901161, 0.03500000014901161, 0.03500000014901161]}}'),$);
#3322=IFCREPRESENTATIONMAP(#3323,#3482);
#3323=IFCAXIS2PLACEMENT3D(#3324,#3325,#3326);
#3324=IFCCARTESIANPOINT((0.,0.,0.));
#3325=IFCDIRECTION((0.,0.,1.));
#3326=IFCDIRECTION((1.,0.,0.));
#3330=IFCREPRESENTATIONMAP(#3331,#3525);
#3331=IFCAXIS2PLACEMENT3D(#3332,#3333,#3334);
#3332=IFCCARTESIANPOINT((0.,0.,0.));
#3333=IFCDIRECTION((0.,0.,1.));
#3334=IFCDIRECTION((1.,0.,0.));
#3378=IFCREPRESENTATIONMAP(#3379,#3548);
#3379=IFCAXIS2PLACEMENT3D(#3380,#3381,#3382);
#3380=IFCCARTESIANPOINT((0.,0.,0.));
#3381=IFCDIRECTION((0.,0.,1.));
#3382=IFCDIRECTION((1.,0.,0.));
#3400=IFCWINDOW('0NUTUXNlX2lAgICbcM4X$$',$,'Window',$,$,#3573,#3409,$,0.89999997615814209,0.72764956951141357,$,.SINGLE_PANEL.,$);
#3401=IFCRELDEFINESBYTYPE('3rw7CJeobBvurZ6pM4vLOj',$,$,$,(#3400),#3319);
#3402=IFCCARTESIANPOINT((0.,0.,0.));
#3403=IFCDIRECTION((1.,0.,0.));
#3404=IFCDIRECTION((0.,1.,0.));
#3405=IFCDIRECTION((0.,0.,1.));
#3406=IFCCARTESIANTRANSFORMATIONOPERATOR3D(#3403,#3404,#3402,1.,#3405);
#3407=IFCMAPPEDITEM(#3322,#3406);
#3408=IFCSHAPEREPRESENTATION(#18,'Profile','MappedRepresentation',(#3407));
#3409=IFCPRODUCTDEFINITIONSHAPE($,$,(#3408,#3416,#3423));
#3410=IFCCARTESIANPOINT((0.,0.,0.));
#3411=IFCDIRECTION((1.,0.,0.));
#3412=IFCDIRECTION((0.,1.,0.));
#3413=IFCDIRECTION((0.,0.,1.));
#3414=IFCCARTESIANTRANSFORMATIONOPERATOR3D(#3411,#3412,#3410,1.,#3413);
#3415=IFCMAPPEDITEM(#3330,#3414);
#3416=IFCSHAPEREPRESENTATION(#11,'Body','MappedRepresentation',(#3415));
#3417=IFCCARTESIANPOINT((0.,0.,0.));
#3418=IFCDIRECTION((1.,0.,0.));
#3419=IFCDIRECTION((0.,1.,0.));
#3420=IFCDIRECTION((0.,0.,1.));
#3421=IFCCARTESIANTRANSFORMATIONOPERATOR3D(#3418,#3419,#3417,1.,#3420);
#3422=IFCMAPPEDITEM(#3378,#3421);
#3423=IFCSHAPEREPRESENTATION(#24,'Body','MappedRepresentation',(#3422));
#3424=IFCOPENINGELEMENT('0pqt6G5717dgG1pUFODC1g',$,'Opening',$,$,#3568,#3452,$,.OPENING.);
#3440=IFCCARTESIANPOINT((0.,0.,0.));
#3441=IFCDIRECTION((1.,0.,0.));
#3442=IFCDIRECTION((0.,0.,1.));
#3443=IFCAXIS2PLACEMENT3D(#3440,#3442,#3441);
#3444=IFCREPRESENTATIONMAP(#3443,#3558);
#3445=IFCCARTESIANPOINT((0.,0.,0.));
#3446=IFCDIRECTION((1.,0.,0.));
#3447=IFCDIRECTION((0.,1.,0.));
#3448=IFCDIRECTION((0.,0.,1.));
#3449=IFCCARTESIANTRANSFORMATIONOPERATOR3D(#3446,#3447,#3445,1.,#3448);
#3450=IFCMAPPEDITEM(#3444,#3449);
#3451=IFCSHAPEREPRESENTATION(#11,'Body','MappedRepresentation',(#3450));
#3452=IFCPRODUCTDEFINITIONSHAPE($,$,(#3451));
#3453=IFCRELVOIDSELEMENT('0TSkCurYLDgwhaQxh2txl5',$,$,$,#246,#3424);
#3459=IFCRELFILLSELEMENT('00I$qRMzLDTOOlwuKYydQR',$,$,$,#3424,#3400);
#3480=IFCCARTESIANPOINTLIST3D(((0.,0.,0.),(0.72764956951141357,0.,0.),(0.72764956951141357,0.,0.89999997615814209),(0.,0.,0.89999997615814209)));
#3481=IFCINDEXEDPOLYCURVE(#3480,(IFCLINEINDEX((1,2,3,4,1))),$);
#3482=IFCSHAPEREPRESENTATION(#18,'Profile','Curve3D',(#3481));
#3483=IFCCARTESIANPOINTLIST2D(((0.,0.),(0.72764956951141357,0.),(0.72764956951141357,0.89999997615814209),(0.,0.89999997615814209)));
#3484=IFCINDEXEDPOLYCURVE(#3483,(IFCLINEINDEX((1,2,3,4,1))),$);
#3485=IFCCARTESIANPOINTLIST2D(((0.02500000037252903,0.02500000037252903),(0.70264956913888454,0.02500000037252903),(0.70264956913888454,0.87499997578561306),(0.02500000037252903,0.87499997578561306)));
#3486=IFCINDEXEDPOLYCURVE(#3485,(IFCLINEINDEX((1,2,3,4,1))),$);
#3487=IFCARBITRARYPROFILEDEFWITHVOIDS(.AREA.,$,#3484,(#3486));
#3488=IFCCARTESIANPOINT((0.,0.090000001713633537,0.));
#3489=IFCDIRECTION((0.,-1.,0.));
#3490=IFCDIRECTION((1.,0.,0.));
#3491=IFCAXIS2PLACEMENT3D(#3488,#3489,#3490);
#3492=IFCDIRECTION((0.,0.,-1.));
#3493=IFCEXTRUDEDAREASOLID(#3487,#3491,#3492,0.0099999997764825821);
#3494=IFCCARTESIANPOINTLIST2D(((0.,0.),(0.72764956951141357,0.),(0.72764956951141357,0.89999997615814209),(0.,0.89999997615814209)));
#3495=IFCINDEXEDPOLYCURVE(#3494,(IFCLINEINDEX((1,2,3,4,1))),$);
#3496=IFCCARTESIANPOINTLIST2D(((0.05000000074505806,0.05000000074505806),(0.67764956876635551,0.05000000074505806),(0.67764956876635551,0.84999997541308403),(0.05000000074505806,0.84999997541308403)));
#3497=IFCINDEXEDPOLYCURVE(#3496,(IFCLINEINDEX((1,2,3,4,1))),$);
#3498=IFCARBITRARYPROFILEDEFWITHVOIDS(.AREA.,$,#3495,(#3497));
#3499=IFCCARTESIANPOINT((0.,0.05000000074505806,0.));
#3500=IFCDIRECTION((0.,-1.,0.));
#3501=IFCDIRECTION((1.,0.,0.));
#3502=IFCAXIS2PLACEMENT3D(#3499,#3500,#3501);
#3503=IFCDIRECTION((0.,0.,-1.));
#3504=IFCEXTRUDEDAREASOLID(#3498,#3502,#3503,0.040000000968575478);
#3505=IFCCARTESIANPOINTLIST2D(((0.,0.),(0.67764956876635551,0.),(0.67764956876635551,0.84999997541308403),(0.,0.84999997541308403)));
#3506=IFCINDEXEDPOLYCURVE(#3505,(IFCLINEINDEX((1,2,3,4,1))),$);
#3507=IFCCARTESIANPOINTLIST2D(((0.035000000149011612,0.035000000149011612),(0.6426495686173439,0.035000000149011612),(0.6426495686173439,0.81499997526407242),(0.035000000149011612,0.81499997526407242)));
#3508=IFCINDEXEDPOLYCURVE(#3507,(IFCLINEINDEX((1,2,3,4,1))),$);
#3509=IFCARBITRARYPROFILEDEFWITHVOIDS(.AREA.,$,#3506,(#3508));
#3510=IFCCARTESIANPOINT((0.02500000037252903,0.090000001713633537,0.02500000037252903));
#3511=IFCDIRECTION((0.,-1.,0.));
#3512=IFCDIRECTION((1.,0.,0.));
#3513=IFCAXIS2PLACEMENT3D(#3510,#3511,#3512);
#3514=IFCDIRECTION((0.,0.,-1.));
#3515=IFCEXTRUDEDAREASOLID(#3509,#3513,#3514,0.035000000149011612);
#3516=IFCINDEXEDPOLYCURVE(#3517,(IFCLINEINDEX((1,2,3,4,1))),$);
#3517=IFCCARTESIANPOINTLIST2D(((0.035000000149011612,0.035000000149011612),(0.6426495686173439,0.035000000149011612),(0.6426495686173439,0.81499997526407242),(0.035000000149011612,0.81499997526407242)));
#3518=IFCARBITRARYCLOSEDPROFILEDEF(.AREA.,$,#3516);
#3519=IFCCARTESIANPOINT((0.02500000037252903,0.10250000178813934,0.02500000037252903));
#3520=IFCDIRECTION((0.,-1.,0.));
#3521=IFCDIRECTION((1.,0.,0.));
#3522=IFCAXIS2PLACEMENT3D(#3519,#3520,#3521);
#3523=IFCDIRECTION((0.,0.,-1.));
#3524=IFCEXTRUDEDAREASOLID(#3518,#3522,#3523,0.01);
#3525=IFCSHAPEREPRESENTATION(#11,'Body','SweptSolid',(#3493,#3504,#3515,#3524));
#3526=IFCSHAPEREPRESENTATION(#11,'Body','SweptSolid',(#3493,#3504));
#3527=IFCSHAPEASPECT((#3526),'Lining',$,.T.,#3409);
#3528=IFCSHAPEREPRESENTATION(#11,'Body','SweptSolid',(#3515));
#3529=IFCSHAPEASPECT((#3528),'Framing',$,.T.,#3409);
#3530=IFCSHAPEREPRESENTATION(#11,'Body','SweptSolid',(#3524));
#3531=IFCSHAPEASPECT((#3530),'Glazing',$,.T.,#3409);
#3532=IFCCARTESIANPOINTLIST2D(((0.05000000074505806,0.05000000074505806),(0.67764956876635551,0.05000000074505806)));
#3533=IFCINDEXEDPOLYCURVE(#3532,$,$);
#3534=IFCCARTESIANPOINTLIST2D(((0.,0.10000000149011612),(0.02500000037252903,0.10000000149011612),(0.02500000037252903,0.090000001713633537),(0.05000000074505806,0.090000001713633537),(0.05000000074505806,0.05000000074505806),(0.,0.05000000074505806)));
#3535=IFCINDEXEDPOLYCURVE(#3534,(IFCLINEINDEX((1,2,3,4,5,6,1))),$);
#3536=IFCCARTESIANPOINTLIST2D(((0.72764956951141357,0.10000000149011612),(0.70264956913888454,0.10000000149011612),(0.70264956913888454,0.090000001713633537),(0.67764956876635551,0.090000001713633537),(0.67764956876635551,0.05000000074505806),(0.72764956951141357,0.05000000074505806)));
#3537=IFCINDEXEDPOLYCURVE(#3536,(IFCLINEINDEX((1,2,3,4,5,6,1))),$);
#3538=IFCCARTESIANPOINTLIST2D(((0.02500000037252903,0.090000001713633537),(0.060000000521540642,0.090000001713633537),(0.060000000521540642,0.12500000186264515),(0.02500000037252903,0.12500000186264515)));
#3539=IFCINDEXEDPOLYCURVE(#3538,(IFCLINEINDEX((1,2,3,4,1))),$);
#3540=IFCINDEXEDPOLYCURVE(#3541,(IFCLINEINDEX((1,2,3,4,1))),$);
#3541=IFCCARTESIANPOINTLIST2D(((0.70264956913888454,0.090000001713633537),(0.66764956898987293,0.090000001713633537),(0.66764956898987293,0.12500000186264515),(0.70264956913888454,0.12500000186264515)));
#3542=IFCCARTESIANPOINTLIST2D(((0.060000000521540642,0.090000001713633537),(0.66764956898987293,0.090000001713633537)));
#3543=IFCINDEXEDPOLYCURVE(#3542,$,$);
#3544=IFCINDEXEDPOLYCURVE(#3545,$,$);
#3545=IFCCARTESIANPOINTLIST2D(((0.060000000521540642,0.12500000186264515),(0.66764956898987293,0.12500000186264515)));
#3546=IFCINDEXEDPOLYCURVE(#3547,$,$);
#3547=IFCCARTESIANPOINTLIST2D(((0.060000000521540642,0.10750000178813934),(0.66764956898987293,0.10750000178813934)));
#3548=IFCSHAPEREPRESENTATION(#24,'Body','Curve2D',(#3533,#3535,#3537,#3539,#3540,#3543,#3544,#3546));
#3549=IFCCARTESIANPOINTLIST2D(((0.,0.),(0.72764956951141357,0.),(0.72764956951141357,0.89999997615814209),(0.,0.89999997615814209)));
#3550=IFCINDEXEDPOLYCURVE(#3549,(IFCLINEINDEX((1,2,3,4,1))),$);
#3551=IFCARBITRARYCLOSEDPROFILEDEF(.AREA.,$,#3550);
#3552=IFCCARTESIANPOINT((0.,-0.60000002384185791,0.));
#3553=IFCDIRECTION((0.,-1.,0.));
#3554=IFCDIRECTION((1.,0.,0.));
#3555=IFCAXIS2PLACEMENT3D(#3552,#3553,#3554);
#3556=IFCDIRECTION((0.,0.,-1.));
#3557=IFCEXTRUDEDAREASOLID(#3551,#3555,#3556,1.2);
#3558=IFCSHAPEREPRESENTATION(#11,'Body','SweptSolid',(#3557));
#3564=IFCCARTESIANPOINT((3.1152644868596919,7.1847845450889736E-07,1.));
#3565=IFCDIRECTION((0.,0.,1.));
#3566=IFCDIRECTION((0.99999999999999289,1.1920928244535129E-07,0.));
#3567=IFCAXIS2PLACEMENT3D(#3564,#3565,#3566);
#3568=IFCLOCALPLACEMENT(#561,#3567);
#3569=IFCCARTESIANPOINT((-8.8817841970012523E-16,-4.4408920985006262E-16,0.));
#3570=IFCDIRECTION((0.,0.,1.));
#3571=IFCDIRECTION((1.,0.,0.));
#3572=IFCAXIS2PLACEMENT3D(#3569,#3570,#3571);
#3573=IFCLOCALPLACEMENT(#3568,#3572);
#3604=IFCCARTESIANPOINTLIST3D(((0.,0.,0.),(0.72695910930633545,0.,0.),(0.72695910930633545,0.,0.89999997615814209),(0.,0.,0.89999997615814209)));
#3605=IFCINDEXEDPOLYCURVE(#3604,(IFCLINEINDEX((1,2,3,4,1))),$);
#3606=IFCSHAPEREPRESENTATION(#18,'Profile','Curve3D',(#3605));
#3607=IFCCARTESIANPOINTLIST2D(((0.,0.),(0.72695910930633545,0.),(0.72695910930633545,0.89999997615814209),(0.,0.89999997615814209)));
#3608=IFCINDEXEDPOLYCURVE(#3607,(IFCLINEINDEX((1,2,3,4,1))),$);
#3609=IFCCARTESIANPOINTLIST2D(((0.02500000037252903,0.02500000037252903),(0.70195910893380642,0.02500000037252903),(0.70195910893380642,0.87499997578561306),(0.02500000037252903,0.87499997578561306)));
#3610=IFCINDEXEDPOLYCURVE(#3609,(IFCLINEINDEX((1,2,3,4,1))),$);
#3611=IFCARBITRARYPROFILEDEFWITHVOIDS(.AREA.,$,#3608,(#3610));
#3612=IFCCARTESIANPOINT((0.,0.090000001713633537,0.));
#3613=IFCDIRECTION((0.,-1.,0.));
#3614=IFCDIRECTION((1.,0.,0.));
#3615=IFCAXIS2PLACEMENT3D(#3612,#3613,#3614);
#3616=IFCDIRECTION((0.,0.,-1.));
#3617=IFCEXTRUDEDAREASOLID(#3611,#3615,#3616,0.0099999997764825821);
#3618=IFCCARTESIANPOINTLIST2D(((0.,0.),(0.72695910930633545,0.),(0.72695910930633545,0.89999997615814209),(0.,0.89999997615814209)));
#3619=IFCINDEXEDPOLYCURVE(#3618,(IFCLINEINDEX((1,2,3,4,1))),$);
#3620=IFCCARTESIANPOINTLIST2D(((0.05000000074505806,0.05000000074505806),(0.67695910856127739,0.05000000074505806),(0.67695910856127739,0.84999997541308403),(0.05000000074505806,0.84999997541308403)));
#3621=IFCINDEXEDPOLYCURVE(#3620,(IFCLINEINDEX((1,2,3,4,1))),$);
#3622=IFCARBITRARYPROFILEDEFWITHVOIDS(.AREA.,$,#3619,(#3621));
#3623=IFCCARTESIANPOINT((0.,0.05000000074505806,0.));
#3624=IFCDIRECTION((0.,-1.,0.));
#3625=IFCDIRECTION((1.,0.,0.));
#3626=IFCAXIS2PLACEMENT3D(#3623,#3624,#3625);
#3627=IFCDIRECTION((0.,0.,-1.));
#3628=IFCEXTRUDEDAREASOLID(#3622,#3626,#3627,0.040000000968575478);
#3629=IFCCARTESIANPOINTLIST2D(((0.,0.),(0.67695910856127739,0.),(0.67695910856127739,0.84999997541308403),(0.,0.84999997541308403)));
#3630=IFCINDEXEDPOLYCURVE(#3629,(IFCLINEINDEX((1,2,3,4,1))),$);
#3631=IFCCARTESIANPOINTLIST2D(((0.035000000149011612,0.035000000149011612),(0.64195910841226578,0.035000000149011612),(0.64195910841226578,0.81499997526407242),(0.035000000149011612,0.81499997526407242)));
#3632=IFCINDEXEDPOLYCURVE(#3631,(IFCLINEINDEX((1,2,3,4,1))),$);
#3633=IFCARBITRARYPROFILEDEFWITHVOIDS(.AREA.,$,#3630,(#3632));
#3634=IFCCARTESIANPOINT((0.02500000037252903,0.090000001713633537,0.02500000037252903));
#3635=IFCDIRECTION((0.,-1.,0.));
#3636=IFCDIRECTION((1.,0.,0.));
#3637=IFCAXIS2PLACEMENT3D(#3634,#3635,#3636);
#3638=IFCDIRECTION((0.,0.,-1.));
#3639=IFCEXTRUDEDAREASOLID(#3633,#3637,#3638,0.035000000149011612);
#3640=IFCINDEXEDPOLYCURVE(#3641,(IFCLINEINDEX((1,2,3,4,1))),$);
#3641=IFCCARTESIANPOINTLIST2D(((0.035000000149011612,0.035000000149011612),(0.64195910841226578,0.035000000149011612),(0.64195910841226578,0.81499997526407242),(0.035000000149011612,0.81499997526407242)));
#3642=IFCARBITRARYCLOSEDPROFILEDEF(.AREA.,$,#3640);
#3643=IFCCARTESIANPOINT((0.02500000037252903,0.10250000178813934,0.02500000037252903));
#3644=IFCDIRECTION((0.,-1.,0.));
#3645=IFCDIRECTION((1.,0.,0.));
#3646=IFCAXIS2PLACEMENT3D(#3643,#3644,#3645);
#3647=IFCDIRECTION((0.,0.,-1.));
#3648=IFCEXTRUDEDAREASOLID(#3642,#3646,#3647,0.01);
#3649=IFCSHAPEREPRESENTATION(#11,'Body','SweptSolid',(#3617,#3628,#3639,#3648));
#3650=IFCCARTESIANPOINTLIST2D(((0.05000000074505806,0.05000000074505806),(0.67695910856127739,0.05000000074505806)));
#3651=IFCINDEXEDPOLYCURVE(#3650,$,$);
#3652=IFCCARTESIANPOINTLIST2D(((0.,0.10000000149011612),(0.02500000037252903,0.10000000149011612),(0.02500000037252903,0.090000001713633537),(0.05000000074505806,0.090000001713633537),(0.05000000074505806,0.05000000074505806),(0.,0.05000000074505806)));
#3653=IFCINDEXEDPOLYCURVE(#3652,(IFCLINEINDEX((1,2,3,4,5,6,1))),$);
#3654=IFCCARTESIANPOINTLIST2D(((0.72695910930633545,0.10000000149011612),(0.70195910893380642,0.10000000149011612),(0.70195910893380642,0.090000001713633537),(0.67695910856127739,0.090000001713633537),(0.67695910856127739,0.05000000074505806),(0.72695910930633545,0.05000000074505806)));
#3655=IFCINDEXEDPOLYCURVE(#3654,(IFCLINEINDEX((1,2,3,4,5,6,1))),$);
#3656=IFCCARTESIANPOINTLIST2D(((0.02500000037252903,0.090000001713633537),(0.060000000521540642,0.090000001713633537),(0.060000000521540642,0.12500000186264515),(0.02500000037252903,0.12500000186264515)));
#3657=IFCINDEXEDPOLYCURVE(#3656,(IFCLINEINDEX((1,2,3,4,1))),$);
#3658=IFCINDEXEDPOLYCURVE(#3659,(IFCLINEINDEX((1,2,3,4,1))),$);
#3659=IFCCARTESIANPOINTLIST2D(((0.70195910893380642,0.090000001713633537),(0.66695910878479481,0.090000001713633537),(0.66695910878479481,0.12500000186264515),(0.70195910893380642,0.12500000186264515)));
#3660=IFCCARTESIANPOINTLIST2D(((0.060000000521540642,0.090000001713633537),(0.66695910878479481,0.090000001713633537)));
#3661=IFCINDEXEDPOLYCURVE(#3660,$,$);
#3662=IFCINDEXEDPOLYCURVE(#3663,$,$);
#3663=IFCCARTESIANPOINTLIST2D(((0.060000000521540642,0.12500000186264515),(0.66695910878479481,0.12500000186264515)));
#3664=IFCINDEXEDPOLYCURVE(#3665,$,$);
#3665=IFCCARTESIANPOINTLIST2D(((0.060000000521540642,0.10750000178813934),(0.66695910878479481,0.10750000178813934)));
#3666=IFCSHAPEREPRESENTATION(#24,'Body','Curve2D',(#3651,#3653,#3655,#3657,#3658,#3661,#3662,#3664));
#3667=IFCCARTESIANPOINTLIST2D(((0.,0.),(0.72695910930633545,0.),(0.72695910930633545,0.89999997615814209),(0.,0.89999997615814209)));
#3668=IFCINDEXEDPOLYCURVE(#3667,(IFCLINEINDEX((1,2,3,4,1))),$);
#3669=IFCARBITRARYCLOSEDPROFILEDEF(.AREA.,$,#3668);
#3670=IFCCARTESIANPOINT((0.,-0.60000002384185791,0.));
#3671=IFCDIRECTION((0.,-1.,0.));
#3672=IFCDIRECTION((1.,0.,0.));
#3673=IFCAXIS2PLACEMENT3D(#3670,#3671,#3672);
#3674=IFCDIRECTION((0.,0.,-1.));
#3675=IFCEXTRUDEDAREASOLID(#3669,#3673,#3674,1.2);
#3676=IFCSHAPEREPRESENTATION(#11,'Body','SweptSolid',(#3675));
#3702=IFCCARTESIANPOINT((-8.8817841970012523E-16,0.,0.));
#3703=IFCDIRECTION((0.,0.,1.));
#3704=IFCDIRECTION((1.,0.,0.));
#3705=IFCAXIS2PLACEMENT3D(#3702,#3703,#3704);
#3706=IFCLOCALPLACEMENT(#11501,#3705);
#3707=IFCWINDOW('2XtwqnIqDCZv$I1XXv46Wj',$,'Window',$,$,#3934,#3716,$,0.89999997615814209,1.150243878364563,$,.DOUBLE_PANEL_VERTICAL.,$);
#3708=IFCRELDEFINESBYTYPE('09DaCmF5j6ovflNGK17jHX',$,$,$,(#3707),#2908);
#3709=IFCCARTESIANPOINT((0.,0.,0.));
#3710=IFCDIRECTION((1.,0.,0.));
#3711=IFCDIRECTION((0.,1.,0.));
#3712=IFCDIRECTION((0.,0.,1.));
#3713=IFCCARTESIANTRANSFORMATIONOPERATOR3D(#3710,#3711,#3709,1.,#3712);
#3714=IFCMAPPEDITEM(#2911,#3713);
#3715=IFCSHAPEREPRESENTATION(#18,'Profile','MappedRepresentation',(#3714));
#3716=IFCPRODUCTDEFINITIONSHAPE($,$,(#3715,#3723,#3730));
#3717=IFCCARTESIANPOINT((0.,0.,0.));
#3718=IFCDIRECTION((1.,0.,0.));
#3719=IFCDIRECTION((0.,1.,0.));
#3720=IFCDIRECTION((0.,0.,1.));
#3721=IFCCARTESIANTRANSFORMATIONOPERATOR3D(#3718,#3719,#3717,1.,#3720);
#3722=IFCMAPPEDITEM(#2919,#3721);
#3723=IFCSHAPEREPRESENTATION(#11,'Body','MappedRepresentation',(#3722));
#3724=IFCCARTESIANPOINT((0.,0.,0.));
#3725=IFCDIRECTION((1.,0.,0.));
#3726=IFCDIRECTION((0.,1.,0.));
#3727=IFCDIRECTION((0.,0.,1.));
#3728=IFCCARTESIANTRANSFORMATIONOPERATOR3D(#3725,#3726,#3724,1.,#3727);
#3729=IFCMAPPEDITEM(#2967,#3728);
#3730=IFCSHAPEREPRESENTATION(#24,'Body','MappedRepresentation',(#3729));
#3731=IFCOPENINGELEMENT('0xXaehLW17dhrovBOenU8x',$,'Opening',$,$,#3929,#3759,$,.OPENING.);
#3747=IFCCARTESIANPOINT((0.,0.,0.));
#3748=IFCDIRECTION((1.,0.,0.));
#3749=IFCDIRECTION((0.,0.,1.));
#3750=IFCAXIS2PLACEMENT3D(#3747,#3749,#3748);
#3751=IFCREPRESENTATIONMAP(#3750,#3919);
#3752=IFCCARTESIANPOINT((0.,0.,0.));
#3753=IFCDIRECTION((1.,0.,0.));
#3754=IFCDIRECTION((0.,1.,0.));
#3755=IFCDIRECTION((0.,0.,1.));
#3756=IFCCARTESIANTRANSFORMATIONOPERATOR3D(#3753,#3754,#3752,1.,#3755);
#3757=IFCMAPPEDITEM(#3751,#3756);
#3758=IFCSHAPEREPRESENTATION(#11,'Body','MappedRepresentation',(#3757));
#3759=IFCPRODUCTDEFINITIONSHAPE($,$,(#3758));
#3760=IFCRELVOIDSELEMENT('1h7gWZIsDCzOshpfykUZwE',$,$,$,#271,#3731);
#3766=IFCRELFILLSELEMENT('2jb7lWTsf99vuMNOcGc_Lz',$,$,$,#3731,#3707);
#3787=IFCCARTESIANPOINTLIST3D(((0.,0.,0.),(1.150243878364563,0.,0.),(1.150243878364563,0.,0.89999997615814209),(0.,0.,0.89999997615814209)));
#3788=IFCINDEXEDPOLYCURVE(#3787,(IFCLINEINDEX((1,2,3,4,1))),$);
#3789=IFCSHAPEREPRESENTATION(#18,'Profile','Curve3D',(#3788));
#3790=IFCCARTESIANPOINTLIST2D(((0.56583648920059204,0.),(0.,0.),(0.,0.89999997615814209),(0.56583648920059204,0.89999997615814209),(0.56583648920059204,0.87499997578561306),(0.02500000037252903,0.87499997578561306),(0.02500000037252903,0.02500000037252903),(0.56583648920059204,0.02500000037252903)));
#3791=IFCINDEXEDPOLYCURVE(#3790,(IFCLINEINDEX((1,2,3,4,5,6,7,8,1))),$);
#3792=IFCARBITRARYCLOSEDPROFILEDEF(.AREA.,$,#3791);
#3793=IFCCARTESIANPOINT((0.,0.090000001713633537,0.));
#3794=IFCDIRECTION((0.,-1.,0.));
#3795=IFCDIRECTION((1.,0.,0.));
#3796=IFCAXIS2PLACEMENT3D(#3793,#3794,#3795);
#3797=IFCDIRECTION((0.,0.,-1.));
#3798=IFCEXTRUDEDAREASOLID(#3792,#3796,#3797,0.0099999997764825821);
#3799=IFCCARTESIANPOINTLIST2D(((0.,0.),(0.56583648920059204,0.),(0.56583648920059204,0.89999997615814209),(0.,0.89999997615814209)));
#3800=IFCINDEXEDPOLYCURVE(#3799,(IFCLINEINDEX((1,2,3,4,1))),$);
#3801=IFCCARTESIANPOINTLIST2D(((0.05000000074505806,0.05000000074505806),(0.54083648882806301,0.05000000074505806),(0.54083648882806301,0.84999997541308403),(0.05000000074505806,0.84999997541308403)));
#3802=IFCINDEXEDPOLYCURVE(#3801,(IFCLINEINDEX((1,2,3,4,1))),$);
#3803=IFCARBITRARYPROFILEDEFWITHVOIDS(.AREA.,$,#3800,(#3802));
#3804=IFCCARTESIANPOINT((0.,0.05000000074505806,0.));
#3805=IFCDIRECTION((0.,-1.,0.));
#3806=IFCDIRECTION((1.,0.,0.));
#3807=IFCAXIS2PLACEMENT3D(#3804,#3805,#3806);
#3808=IFCDIRECTION((0.,0.,-1.));
#3809=IFCEXTRUDEDAREASOLID(#3803,#3807,#3808,0.040000000968575478);
#3810=IFCCARTESIANPOINTLIST2D(((0.,0.),(0.54083648882806301,0.),(0.54083648882806301,0.84999997541308403),(0.,0.84999997541308403)));
#3811=IFCINDEXEDPOLYCURVE(#3810,(IFCLINEINDEX((1,2,3,4,1))),$);
#3812=IFCCARTESIANPOINTLIST2D(((0.035000000149011612,0.035000000149011612),(0.5058364886790514,0.035000000149011612),(0.5058364886790514,0.81499997526407242),(0.035000000149011612,0.81499997526407242)));
#3813=IFCINDEXEDPOLYCURVE(#3812,(IFCLINEINDEX((1,2,3,4,1))),$);
#3814=IFCARBITRARYPROFILEDEFWITHVOIDS(.AREA.,$,#3811,(#3813));
#3815=IFCCARTESIANPOINT((0.02500000037252903,0.090000001713633537,0.02500000037252903));
#3816=IFCDIRECTION((0.,-1.,0.));
#3817=IFCDIRECTION((1.,0.,0.));
#3818=IFCAXIS2PLACEMENT3D(#3815,#3816,#3817);
#3819=IFCDIRECTION((0.,0.,-1.));
#3820=IFCEXTRUDEDAREASOLID(#3814,#3818,#3819,0.035000000149011612);
#3821=IFCINDEXEDPOLYCURVE(#3822,(IFCLINEINDEX((1,2,3,4,1))),$);
#3822=IFCCARTESIANPOINTLIST2D(((0.035000000149011612,0.035000000149011612),(0.5058364886790514,0.035000000149011612),(0.5058364886790514,0.81499997526407242),(0.035000000149011612,0.81499997526407242)));
#3823=IFCARBITRARYCLOSEDPROFILEDEF(.AREA.,$,#3821);
#3824=IFCCARTESIANPOINT((0.02500000037252903,0.10250000178813934,0.02500000037252903));
#3825=IFCDIRECTION((0.,-1.,0.));
#3826=IFCDIRECTION((1.,0.,0.));
#3827=IFCAXIS2PLACEMENT3D(#3824,#3825,#3826);
#3828=IFCDIRECTION((0.,0.,-1.));
#3829=IFCEXTRUDEDAREASOLID(#3823,#3827,#3828,0.01);
#3830=IFCCARTESIANPOINTLIST2D(((0.,0.89999997615814209),(0.58440738916397095,0.89999997615814209),(0.58440738916397095,0.),(0.,0.),(0.,0.02500000037252903),(0.55940738879144192,0.02500000037252903),(0.55940738879144192,0.87499997578561306),(0.,0.87499997578561306)));
#3831=IFCINDEXEDPOLYCURVE(#3830,(IFCLINEINDEX((1,2,3,4,5,6,7,8,1))),$);
#3832=IFCARBITRARYCLOSEDPROFILEDEF(.AREA.,$,#3831);
#3833=IFCCARTESIANPOINT((0.56583648920059204,0.090000001713633537,0.));
#3834=IFCDIRECTION((0.,-1.,0.));
#3835=IFCDIRECTION((1.,0.,0.));
#3836=IFCAXIS2PLACEMENT3D(#3833,#3834,#3835);
#3837=IFCDIRECTION((0.,0.,-1.));
#3838=IFCEXTRUDEDAREASOLID(#3832,#3836,#3837,0.0099999997764825821);
#3839=IFCCARTESIANPOINTLIST2D(((0.,0.),(0.58440738916397095,0.),(0.58440738916397095,0.89999997615814209),(0.,0.89999997615814209)));
#3840=IFCINDEXEDPOLYCURVE(#3839,(IFCLINEINDEX((1,2,3,4,1))),$);
#3841=IFCCARTESIANPOINTLIST2D(((0.02500000037252903,0.05000000074505806),(0.53440738841891289,0.05000000074505806),(0.53440738841891289,0.84999997541308403),(0.02500000037252903,0.84999997541308403)));
#3842=IFCINDEXEDPOLYCURVE(#3841,(IFCLINEINDEX((1,2,3,4,1))),$);
#3843=IFCARBITRARYPROFILEDEFWITHVOIDS(.AREA.,$,#3840,(#3842));
#3844=IFCCARTESIANPOINT((0.56583648920059204,0.05000000074505806,0.));
#3845=IFCDIRECTION((0.,-1.,0.));
#3846=IFCDIRECTION((1.,0.,0.));
#3847=IFCAXIS2PLACEMENT3D(#3844,#3845,#3846);
#3848=IFCDIRECTION((0.,0.,-1.));
#3849=IFCEXTRUDEDAREASOLID(#3843,#3847,#3848,0.040000000968575478);
#3850=IFCCARTESIANPOINTLIST2D(((0.,0.),(0.55940738879144192,0.),(0.55940738879144192,0.84999997541308403),(0.,0.84999997541308403)));
#3851=IFCINDEXEDPOLYCURVE(#3850,(IFCLINEINDEX((1,2,3,4,1))),$);
#3852=IFCCARTESIANPOINTLIST2D(((0.035000000149011612,0.035000000149011612),(0.52440738864243031,0.035000000149011612),(0.52440738864243031,0.81499997526407242),(0.035000000149011612,0.81499997526407242)));
#3853=IFCINDEXEDPOLYCURVE(#3852,(IFCLINEINDEX((1,2,3,4,1))),$);
#3854=IFCARBITRARYPROFILEDEFWITHVOIDS(.AREA.,$,#3851,(#3853));
#3855=IFCCARTESIANPOINT((0.56583648920059204,0.090000001713633537,0.02500000037252903));
#3856=IFCDIRECTION((0.,-1.,0.));
#3857=IFCDIRECTION((1.,0.,0.));
#3858=IFCAXIS2PLACEMENT3D(#3855,#3856,#3857);
#3859=IFCDIRECTION((0.,0.,-1.));
#3860=IFCEXTRUDEDAREASOLID(#3854,#3858,#3859,0.035000000149011612);
#3861=IFCINDEXEDPOLYCURVE(#3862,(IFCLINEINDEX((1,2,3,4,1))),$);
#3862=IFCCARTESIANPOINTLIST2D(((0.035000000149011612,0.035000000149011612),(0.52440738864243031,0.035000000149011612),(0.52440738864243031,0.81499997526407242),(0.035000000149011612,0.81499997526407242)));
#3863=IFCARBITRARYCLOSEDPROFILEDEF(.AREA.,$,#3861);
#3864=IFCCARTESIANPOINT((0.56583648920059204,0.10250000178813934,0.02500000037252903));
#3865=IFCDIRECTION((0.,-1.,0.));
#3866=IFCDIRECTION((1.,0.,0.));
#3867=IFCAXIS2PLACEMENT3D(#3864,#3865,#3866);
#3868=IFCDIRECTION((0.,0.,-1.));
#3869=IFCEXTRUDEDAREASOLID(#3863,#3867,#3868,0.01);
#3870=IFCSHAPEREPRESENTATION(#11,'Body','SweptSolid',(#3798,#3809,#3820,#3829,#3838,#3849,#3860,#3869));
#3871=IFCSHAPEREPRESENTATION(#11,'Body','SweptSolid',(#3798,#3809,#3838,#3849));
#3872=IFCSHAPEASPECT((#3871),'Lining',$,.T.,#3716);
#3873=IFCSHAPEREPRESENTATION(#11,'Body','SweptSolid',(#3820,#3860));
#3874=IFCSHAPEASPECT((#3873),'Framing',$,.T.,#3716);
#3875=IFCSHAPEREPRESENTATION(#11,'Body','SweptSolid',(#3829,#3869));
#3876=IFCSHAPEASPECT((#3875),'Glazing',$,.T.,#3716);
#3877=IFCCARTESIANPOINTLIST2D(((0.05000000074505806,0.05000000074505806),(0.54083648882806301,0.05000000074505806)));
#3878=IFCINDEXEDPOLYCURVE(#3877,$,$);
#3879=IFCCARTESIANPOINTLIST2D(((0.,0.10000000149011612),(0.02500000037252903,0.10000000149011612),(0.02500000037252903,0.090000001713633537),(0.05000000074505806,0.090000001713633537),(0.05000000074505806,0.05000000074505806),(0.,0.05000000074505806)));
#3880=IFCINDEXEDPOLYCURVE(#3879,(IFCLINEINDEX((1,2,3,4,5,6,1))),$);
#3881=IFCCARTESIANPOINTLIST2D(((0.56583648920059204,0.10000000149011612),(0.56583648920059204,0.10000000149011612),(0.56583648920059204,0.090000001713633537),(0.54083648882806301,0.090000001713633537),(0.54083648882806301,0.05000000074505806),(0.56583648920059204,0.05000000074505806)));
#3882=IFCINDEXEDPOLYCURVE(#3881,$,$);
#3883=IFCCARTESIANPOINTLIST2D(((0.02500000037252903,0.090000001713633537),(0.060000000521540642,0.090000001713633537),(0.060000000521540642,0.12500000186264515),(0.02500000037252903,0.12500000186264515)));
#3884=IFCINDEXEDPOLYCURVE(#3883,(IFCLINEINDEX((1,2,3,4,1))),$);
#3885=IFCINDEXEDPOLYCURVE(#3886,(IFCLINEINDEX((1,2,3,4,1))),$);
#3886=IFCCARTESIANPOINTLIST2D(((0.56583648920059204,0.090000001713633537),(0.53083648905158043,0.090000001713633537),(0.53083648905158043,0.12500000186264515),(0.56583648920059204,0.12500000186264515)));
#3887=IFCCARTESIANPOINTLIST2D(((0.060000000521540642,0.090000001713633537),(0.53083648905158043,0.090000001713633537)));
#3888=IFCINDEXEDPOLYCURVE(#3887,$,$);
#3889=IFCINDEXEDPOLYCURVE(#3890,$,$);
#3890=IFCCARTESIANPOINTLIST2D(((0.060000000521540642,0.12500000186264515),(0.53083648905158043,0.12500000186264515)));
#3891=IFCINDEXEDPOLYCURVE(#3892,$,$);
#3892=IFCCARTESIANPOINTLIST2D(((0.060000000521540642,0.10750000178813934),(0.53083648905158043,0.10750000178813934)));
#3893=IFCCARTESIANPOINTLIST2D(((0.59083648957312107,0.05000000074505806),(1.1002438776195049,0.05000000074505806)));
#3894=IFCINDEXEDPOLYCURVE(#3893,$,$);
#3895=IFCCARTESIANPOINTLIST2D(((0.56583648920059204,0.10000000149011612),(0.56583648920059204,0.10000000149011612),(0.56583648920059204,0.090000001713633537),(0.59083648957312107,0.090000001713633537),(0.59083648957312107,0.05000000074505806),(0.56583648920059204,0.05000000074505806)));
#3896=IFCINDEXEDPOLYCURVE(#3895,$,$);
#3897=IFCCARTESIANPOINTLIST2D(((1.150243878364563,0.10000000149011612),(1.125243877992034,0.10000000149011612),(1.125243877992034,0.090000001713633537),(1.1002438776195049,0.090000001713633537),(1.1002438776195049,0.05000000074505806),(1.150243878364563,0.05000000074505806)));
#3898=IFCINDEXEDPOLYCURVE(#3897,(IFCLINEINDEX((1,2,3,4,5,6,1))),$);
#3899=IFCCARTESIANPOINTLIST2D(((0.56583648920059204,0.090000001713633537),(0.60083648934960365,0.090000001713633537),(0.60083648934960365,0.12500000186264515),(0.56583648920059204,0.12500000186264515)));
#3900=IFCINDEXEDPOLYCURVE(#3899,(IFCLINEINDEX((1,2,3,4,1))),$);
#3901=IFCINDEXEDPOLYCURVE(#3902,(IFCLINEINDEX((1,2,3,4,1))),$);
#3902=IFCCARTESIANPOINTLIST2D(((1.125243877992034,0.090000001713633537),(1.0902438778430223,0.090000001713633537),(1.0902438778430223,0.12500000186264515),(1.125243877992034,0.12500000186264515)));
#3903=IFCCARTESIANPOINTLIST2D(((0.60083648934960365,0.090000001713633537),(1.0902438778430223,0.090000001713633537)));
#3904=IFCINDEXEDPOLYCURVE(#3903,$,$);
#3905=IFCINDEXEDPOLYCURVE(#3906,$,$);
#3906=IFCCARTESIANPOINTLIST2D(((0.60083648934960365,0.12500000186264515),(1.0902438778430223,0.12500000186264515)));
#3907=IFCINDEXEDPOLYCURVE(#3908,$,$);
#3908=IFCCARTESIANPOINTLIST2D(((0.60083648934960365,0.10750000178813934),(1.0902438778430223,0.10750000178813934)));
#3909=IFCSHAPEREPRESENTATION(#24,'Body','Curve2D',(#3878,#3880,#3882,#3884,#3885,#3888,#3889,#3891,#3894,#3896,#3898,#3900,#3901,#3904,#3905,#3907));
#3910=IFCCARTESIANPOINTLIST2D(((0.,0.),(1.150243878364563,0.),(1.150243878364563,0.89999997615814209),(0.,0.89999997615814209)));
#3911=IFCINDEXEDPOLYCURVE(#3910,(IFCLINEINDEX((1,2,3,4,1))),$);
#3912=IFCARBITRARYCLOSEDPROFILEDEF(.AREA.,$,#3911);
#3913=IFCCARTESIANPOINT((0.,-0.60000002384185791,0.));
#3914=IFCDIRECTION((0.,-1.,0.));
#3915=IFCDIRECTION((1.,0.,0.));
#3916=IFCAXIS2PLACEMENT3D(#3913,#3914,#3915);
#3917=IFCDIRECTION((0.,0.,-1.));
#3918=IFCEXTRUDEDAREASOLID(#3912,#3916,#3917,1.2);
#3919=IFCSHAPEREPRESENTATION(#11,'Body','SweptSolid',(#3918));
#3925=IFCCARTESIANPOINT((1.0740105793941144,2.6822090148925781E-07,1.));
#3926=IFCDIRECTION((0.,0.,1.));
#3927=IFCDIRECTION((0.99999999999997158,-2.3841857910155572E-07,0.));
#3928=IFCAXIS2PLACEMENT3D(#3925,#3926,#3927);
#3929=IFCLOCALPLACEMENT(#593,#3928);
#3930=IFCCARTESIANPOINT((4.4408920985006262E-16,0.,0.));
#3931=IFCDIRECTION((0.,0.,1.));
#3932=IFCDIRECTION((1.,0.,0.));
#3933=IFCAXIS2PLACEMENT3D(#3930,#3931,#3932);
#3934=IFCLOCALPLACEMENT(#3929,#3933);
#3935=IFCWINDOWTYPE('2aW9iMU3nA5Oih_Up5fULL',$,'GF - Mainds room',$,$,(#3936),(#3938,#3946,#3994),$,$,.WINDOW.,.SINGLE_PANEL.,$,$);
#3936=IFCPROPERTYSET('1liJb8w7T1hBrw0hIY_RGa',$,'BBIM_Window',$,(#3937));
#3937=IFCPROPERTYSINGLEVALUE('Data',$,IFCTEXT('{"window_type": "SINGLE_PANEL", "overall_height": 0.8999999761581421, "overall_width": 0.7633282542228699, "lining_properties": {"lining_depth": 0.05000000074505806, "lining_thickness": 0.05000000074505806, "lining_offset": 0.05000000074505806, "lining_to_panel_offset_x": 0.02500000037252903, "lining_to_panel_offset_y": 0.02500000037252903}, "panel_properties": {"frame_depth": [0.03500000014901161, 0.03500000014901161, 0.03500000014901161], "frame_thickness": [0.03500000014901161, 0.03500000014901161, 0.03500000014901161]}}'),$);
#3938=IFCREPRESENTATIONMAP(#3939,#4128);
#3939=IFCAXIS2PLACEMENT3D(#3940,#3941,#3942);
#3940=IFCCARTESIANPOINT((0.,0.,0.));
#3941=IFCDIRECTION((0.,0.,1.));
#3942=IFCDIRECTION((1.,0.,0.));
#3946=IFCREPRESENTATIONMAP(#3947,#4171);
#3947=IFCAXIS2PLACEMENT3D(#3948,#3949,#3950);
#3948=IFCCARTESIANPOINT((0.,0.,0.));
#3949=IFCDIRECTION((0.,0.,1.));
#3950=IFCDIRECTION((1.,0.,0.));
#3994=IFCREPRESENTATIONMAP(#3995,#4194);
#3995=IFCAXIS2PLACEMENT3D(#3996,#3997,#3998);
#3996=IFCCARTESIANPOINT((0.,0.,0.));
#3997=IFCDIRECTION((0.,0.,1.));
#3998=IFCDIRECTION((1.,0.,0.));
#4016=IFCWINDOW('0OnDNXNIz7391a$umoPgKk',$,'Window',$,$,#4219,#4025,$,0.89999997615814209,0.76332825422286987,$,.SINGLE_PANEL.,$);
#4017=IFCRELDEFINESBYTYPE('2isRXTlgL5Av7DalSKbGGN',$,$,$,(#4016),#3935);
#4018=IFCCARTESIANPOINT((0.,0.,0.));
#4019=IFCDIRECTION((1.,0.,0.));
#4020=IFCDIRECTION((0.,1.,0.));
#4021=IFCDIRECTION((0.,0.,1.));
#4022=IFCCARTESIANTRANSFORMATIONOPERATOR3D(#4019,#4020,#4018,1.,#4021);
#4023=IFCMAPPEDITEM(#3938,#4022);
#4024=IFCSHAPEREPRESENTATION(#18,'Profile','MappedRepresentation',(#4023));
#4025=IFCPRODUCTDEFINITIONSHAPE($,$,(#4024,#4032,#4039));
#4026=IFCCARTESIANPOINT((0.,0.,0.));
#4027=IFCDIRECTION((1.,0.,0.));
#4028=IFCDIRECTION((0.,1.,0.));
#4029=IFCDIRECTION((0.,0.,1.));
#4030=IFCCARTESIANTRANSFORMATIONOPERATOR3D(#4027,#4028,#4026,1.,#4029);
#4031=IFCMAPPEDITEM(#3946,#4030);
#4032=IFCSHAPEREPRESENTATION(#11,'Body','MappedRepresentation',(#4031));
#4033=IFCCARTESIANPOINT((0.,0.,0.));
#4034=IFCDIRECTION((1.,0.,0.));
#4035=IFCDIRECTION((0.,1.,0.));
#4036=IFCDIRECTION((0.,0.,1.));
#4037=IFCCARTESIANTRANSFORMATIONOPERATOR3D(#4034,#4035,#4033,1.,#4036);
#4038=IFCMAPPEDITEM(#3994,#4037);
#4039=IFCSHAPEREPRESENTATION(#24,'Body','MappedRepresentation',(#4038));
#4040=IFCOPENINGELEMENT('0NW1g25MjAugEYO024Rj2l',$,'Opening',$,$,#4214,#4068,$,.OPENING.);
#4056=IFCCARTESIANPOINT((0.,0.,0.));
#4057=IFCDIRECTION((1.,0.,0.));
#4058=IFCDIRECTION((0.,0.,1.));
#4059=IFCAXIS2PLACEMENT3D(#4056,#4058,#4057);
#4060=IFCREPRESENTATIONMAP(#4059,#4204);
#4061=IFCCARTESIANPOINT((0.,0.,0.));
#4062=IFCDIRECTION((1.,0.,0.));
#4063=IFCDIRECTION((0.,1.,0.));
#4064=IFCDIRECTION((0.,0.,1.));
#4065=IFCCARTESIANTRANSFORMATIONOPERATOR3D(#4062,#4063,#4061,1.,#4064);
#4066=IFCMAPPEDITEM(#4060,#4065);
#4067=IFCSHAPEREPRESENTATION(#11,'Body','MappedRepresentation',(#4066));
#4068=IFCPRODUCTDEFINITIONSHAPE($,$,(#4067));
#4069=IFCRELVOIDSELEMENT('1y8O$VKk53RRQ8tcfBsmoa',$,$,$,#221,#4040);
#4075=IFCRELFILLSELEMENT('0tKftNrZnDOfmy6v4KvE5B',$,$,$,#4040,#4016);
#4126=IFCCARTESIANPOINTLIST3D(((0.,0.,0.),(0.76332825422286987,0.,0.),(0.76332825422286987,0.,0.89999997615814209),(0.,0.,0.89999997615814209)));
#4127=IFCINDEXEDPOLYCURVE(#4126,(IFCLINEINDEX((1,2,3,4,1))),$);
#4128=IFCSHAPEREPRESENTATION(#18,'Profile','Curve3D',(#4127));
#4129=IFCCARTESIANPOINTLIST2D(((0.,0.),(0.76332825422286987,0.),(0.76332825422286987,0.89999997615814209),(0.,0.89999997615814209)));
#4130=IFCINDEXEDPOLYCURVE(#4129,(IFCLINEINDEX((1,2,3,4,1))),$);
#4131=IFCCARTESIANPOINTLIST2D(((0.02500000037252903,0.02500000037252903),(0.73832825385034084,0.02500000037252903),(0.73832825385034084,0.87499997578561306),(0.02500000037252903,0.87499997578561306)));
#4132=IFCINDEXEDPOLYCURVE(#4131,(IFCLINEINDEX((1,2,3,4,1))),$);
#4133=IFCARBITRARYPROFILEDEFWITHVOIDS(.AREA.,$,#4130,(#4132));
#4134=IFCCARTESIANPOINT((0.,0.090000001713633537,0.));
#4135=IFCDIRECTION((0.,-1.,0.));
#4136=IFCDIRECTION((1.,0.,0.));
#4137=IFCAXIS2PLACEMENT3D(#4134,#4135,#4136);
#4138=IFCDIRECTION((0.,0.,-1.));
#4139=IFCEXTRUDEDAREASOLID(#4133,#4137,#4138,0.0099999997764825821);
#4140=IFCCARTESIANPOINTLIST2D(((0.,0.),(0.76332825422286987,0.),(0.76332825422286987,0.89999997615814209),(0.,0.89999997615814209)));
#4141=IFCINDEXEDPOLYCURVE(#4140,(IFCLINEINDEX((1,2,3,4,1))),$);
#4142=IFCCARTESIANPOINTLIST2D(((0.05000000074505806,0.05000000074505806),(0.71332825347781181,0.05000000074505806),(0.71332825347781181,0.84999997541308403),(0.05000000074505806,0.84999997541308403)));
#4143=IFCINDEXEDPOLYCURVE(#4142,(IFCLINEINDEX((1,2,3,4,1))),$);
#4144=IFCARBITRARYPROFILEDEFWITHVOIDS(.AREA.,$,#4141,(#4143));
#4145=IFCCARTESIANPOINT((0.,0.05000000074505806,0.));
#4146=IFCDIRECTION((0.,-1.,0.));
#4147=IFCDIRECTION((1.,0.,0.));
#4148=IFCAXIS2PLACEMENT3D(#4145,#4146,#4147);
#4149=IFCDIRECTION((0.,0.,-1.));
#4150=IFCEXTRUDEDAREASOLID(#4144,#4148,#4149,0.040000000968575478);
#4151=IFCCARTESIANPOINTLIST2D(((0.,0.),(0.71332825347781181,0.),(0.71332825347781181,0.84999997541308403),(0.,0.84999997541308403)));
#4152=IFCINDEXEDPOLYCURVE(#4151,(IFCLINEINDEX((1,2,3,4,1))),$);
#4153=IFCCARTESIANPOINTLIST2D(((0.035000000149011612,0.035000000149011612),(0.6783282533288002,0.035000000149011612),(0.6783282533288002,0.81499997526407242),(0.035000000149011612,0.81499997526407242)));
#4154=IFCINDEXEDPOLYCURVE(#4153,(IFCLINEINDEX((1,2,3,4,1))),$);
#4155=IFCARBITRARYPROFILEDEFWITHVOIDS(.AREA.,$,#4152,(#4154));
#4156=IFCCARTESIANPOINT((0.02500000037252903,0.090000001713633537,0.02500000037252903));
#4157=IFCDIRECTION((0.,-1.,0.));
#4158=IFCDIRECTION((1.,0.,0.));
#4159=IFCAXIS2PLACEMENT3D(#4156,#4157,#4158);
#4160=IFCDIRECTION((0.,0.,-1.));
#4161=IFCEXTRUDEDAREASOLID(#4155,#4159,#4160,0.035000000149011612);
#4162=IFCINDEXEDPOLYCURVE(#4163,(IFCLINEINDEX((1,2,3,4,1))),$);
#4163=IFCCARTESIANPOINTLIST2D(((0.035000000149011612,0.035000000149011612),(0.6783282533288002,0.035000000149011612),(0.6783282533288002,0.81499997526407242),(0.035000000149011612,0.81499997526407242)));
#4164=IFCARBITRARYCLOSEDPROFILEDEF(.AREA.,$,#4162);
#4165=IFCCARTESIANPOINT((0.02500000037252903,0.10250000178813934,0.02500000037252903));
#4166=IFCDIRECTION((0.,-1.,0.));
#4167=IFCDIRECTION((1.,0.,0.));
#4168=IFCAXIS2PLACEMENT3D(#4165,#4166,#4167);
#4169=IFCDIRECTION((0.,0.,-1.));
#4170=IFCEXTRUDEDAREASOLID(#4164,#4168,#4169,0.01);
#4171=IFCSHAPEREPRESENTATION(#11,'Body','SweptSolid',(#4139,#4150,#4161,#4170));
#4172=IFCSHAPEREPRESENTATION(#11,'Body','SweptSolid',(#4139,#4150));
#4173=IFCSHAPEASPECT((#4172),'Lining',$,.T.,#4025);
#4174=IFCSHAPEREPRESENTATION(#11,'Body','SweptSolid',(#4161));
#4175=IFCSHAPEASPECT((#4174),'Framing',$,.T.,#4025);
#4176=IFCSHAPEREPRESENTATION(#11,'Body','SweptSolid',(#4170));
#4177=IFCSHAPEASPECT((#4176),'Glazing',$,.T.,#4025);
#4178=IFCCARTESIANPOINTLIST2D(((0.05000000074505806,0.05000000074505806),(0.71332825347781181,0.05000000074505806)));
#4179=IFCINDEXEDPOLYCURVE(#4178,$,$);
#4180=IFCCARTESIANPOINTLIST2D(((0.,0.10000000149011612),(0.02500000037252903,0.10000000149011612),(0.02500000037252903,0.090000001713633537),(0.05000000074505806,0.090000001713633537),(0.05000000074505806,0.05000000074505806),(0.,0.05000000074505806)));
#4181=IFCINDEXEDPOLYCURVE(#4180,(IFCLINEINDEX((1,2,3,4,5,6,1))),$);
#4182=IFCCARTESIANPOINTLIST2D(((0.76332825422286987,0.10000000149011612),(0.73832825385034084,0.10000000149011612),(0.73832825385034084,0.090000001713633537),(0.71332825347781181,0.090000001713633537),(0.71332825347781181,0.05000000074505806),(0.76332825422286987,0.05000000074505806)));
#4183=IFCINDEXEDPOLYCURVE(#4182,(IFCLINEINDEX((1,2,3,4,5,6,1))),$);
#4184=IFCCARTESIANPOINTLIST2D(((0.02500000037252903,0.090000001713633537),(0.060000000521540642,0.090000001713633537),(0.060000000521540642,0.12500000186264515),(0.02500000037252903,0.12500000186264515)));
#4185=IFCINDEXEDPOLYCURVE(#4184,(IFCLINEINDEX((1,2,3,4,1))),$);
#4186=IFCINDEXEDPOLYCURVE(#4187,(IFCLINEINDEX((1,2,3,4,1))),$);
#4187=IFCCARTESIANPOINTLIST2D(((0.73832825385034084,0.090000001713633537),(0.70332825370132923,0.090000001713633537),(0.70332825370132923,0.12500000186264515),(0.73832825385034084,0.12500000186264515)));
#4188=IFCCARTESIANPOINTLIST2D(((0.060000000521540642,0.090000001713633537),(0.70332825370132923,0.090000001713633537)));
#4189=IFCINDEXEDPOLYCURVE(#4188,$,$);
#4190=IFCINDEXEDPOLYCURVE(#4191,$,$);
#4191=IFCCARTESIANPOINTLIST2D(((0.060000000521540642,0.12500000186264515),(0.70332825370132923,0.12500000186264515)));
#4192=IFCINDEXEDPOLYCURVE(#4193,$,$);
#4193=IFCCARTESIANPOINTLIST2D(((0.060000000521540642,0.10750000178813934),(0.70332825370132923,0.10750000178813934)));
#4194=IFCSHAPEREPRESENTATION(#24,'Body','Curve2D',(#4179,#4181,#4183,#4185,#4186,#4189,#4190,#4192));
#4195=IFCCARTESIANPOINTLIST2D(((0.,0.),(0.76332825422286987,0.),(0.76332825422286987,0.89999997615814209),(0.,0.89999997615814209)));
#4196=IFCINDEXEDPOLYCURVE(#4195,(IFCLINEINDEX((1,2,3,4,1))),$);
#4197=IFCARBITRARYCLOSEDPROFILEDEF(.AREA.,$,#4196);
#4198=IFCCARTESIANPOINT((0.,-0.60000002384185791,0.));
#4199=IFCDIRECTION((0.,-1.,0.));
#4200=IFCDIRECTION((1.,0.,0.));
#4201=IFCAXIS2PLACEMENT3D(#4198,#4199,#4200);
#4202=IFCDIRECTION((0.,0.,-1.));
#4203=IFCEXTRUDEDAREASOLID(#4197,#4201,#4202,1.2);
#4204=IFCSHAPEREPRESENTATION(#11,'Body','SweptSolid',(#4203));
#4210=IFCCARTESIANPOINT((0.81043970584881797,-1.6124029311725963E-07,1.));
#4211=IFCDIRECTION((0.,0.,1.));
#4212=IFCDIRECTION((0.99999999999988631,-4.7683715820291007E-07,0.));
#4213=IFCAXIS2PLACEMENT3D(#4210,#4211,#4212);
#4214=IFCLOCALPLACEMENT(#232,#4213);
#4215=IFCCARTESIANPOINT((9.7144514654701197E-17,0.,0.));
#4216=IFCDIRECTION((0.,0.,1.));
#4217=IFCDIRECTION((1.,3.1763735522036263E-22,0.));
#4218=IFCAXIS2PLACEMENT3D(#4215,#4216,#4217);
#4219=IFCLOCALPLACEMENT(#4214,#4218);
#4220=IFCSLABTYPE('1qkSumbxX3ROK$Ta11Gp9Z',$,'2F-Slab',$,$,(#4224),$,$,$,.FLOOR.);
#4221=IFCMATERIALLAYERSET((#4223),$,$);
#4222=IFCRELASSOCIATESMATERIAL('0Tm5pY0293I9fNfrxSLruo',$,$,$,(#4220),#4221);
#4223=IFCMATERIALLAYER(#113,0.10000000000000001,$,$,$,$,$);
#4224=IFCPROPERTYSET('387ShGyF91GfqPUhhvfEle',$,'EPset_Parametric',$,(#4225));
#4225=IFCPROPERTYSINGLEVALUE('LayerSetDirection',$,IFCLABEL('AXIS3'),$);
#4227=IFCRELCONTAINEDINSPATIALSTRUCTURE('0h8sRYOsj1G8SsREPOHsAx',$,$,$,(#4329,#5986,#4737,#6633,#4278,#9010,#4354,#8725,#9295,#4662,#8067,#6196,#6940,#5089,#5884,#4991,#5573,#5782,#4379,#8386,#4687,#4304,#4712,#9550,#7779,#7277,#15459),#63);
#4228=IFCRELDEFINESBYTYPE('1P4TagOV16EBbizx9sff5a',$,$,$,(#4991),#4220);
#4250=IFCSLAB('1biergzU16PBy47IdbwUTp',$,'Slab',$,$,#4257,#4264,$,$);
#4251=IFCMATERIALLAYERSETUSAGE(#1091,.AXIS3.,.POSITIVE.,-0.10000000149011612,$);
#4252=IFCRELASSOCIATESMATERIAL('05g6eIVGnFEQXAEJ3XwOYC',$,$,$,(#4250),#4251);
#4253=IFCCARTESIANPOINT((4.2266068458557129,6.5098943710327148,0.));
#4254=IFCDIRECTION((0.,0.,1.));
#4255=IFCDIRECTION((1.,0.,0.));
#4256=IFCAXIS2PLACEMENT3D(#4253,#4254,#4255);
#4257=IFCLOCALPLACEMENT(#101,#4256);
#4258=IFCCARTESIANPOINTLIST2D(((0.,0.),(-3.4500026702880859,-4.76837158203125E-07),(-3.4500021934509277,-1.4500007629394531),(-7.0000019073486328,-1.4499993324279785),(-7.0000009536743164,-6.6000003814697266),(-4.0000014305114746,-6.6000003814697266),(-4.0000019073486328,-9.1000003814697266),(-1.9073486328125E-06,-9.1000003814697266),(0.,0.)));
#4259=IFCINDEXEDPOLYCURVE(#4258,$,$);
#4260=IFCDIRECTION((0.,0.,1.));
#4261=IFCARBITRARYCLOSEDPROFILEDEF(.AREA.,$,#4259);
#4262=IFCEXTRUDEDAREASOLID(#4261,#4271,#4260,0.10000000000000001);
#4263=IFCSHAPEREPRESENTATION(#11,'Body','SweptSolid',(#4262));
#4264=IFCPRODUCTDEFINITIONSHAPE($,$,(#4263));
#4265=IFCPROPERTYSET('0rlXCV8yf5guhAkpGRuJQq',$,'EPset_Parametric',$,(#4267));
#4266=IFCRELDEFINESBYPROPERTIES('1McFK6tlj3Lepyt7s7Dhj9',$,$,$,(#4250),#4265);
#4267=IFCPROPERTYSINGLEVALUE('Engine',$,IFCLABEL('Bonsai.DumbLayer3'),$);
#4268=IFCCARTESIANPOINT((-0.,-0.,-0.10000000149011612));
#4269=IFCDIRECTION((0.,0.,1.));
#4270=IFCDIRECTION((1.,0.,0.));
#4271=IFCAXIS2PLACEMENT3D(#4268,#4269,#4270);
#4272=IFCWALLTYPE('1u4qOMHqXAuuXbutNTSgcI',$,'2F-Wall',$,$,(#4276),$,$,$,.SOLIDWALL.);
#4273=IFCMATERIALLAYERSET((#4275),$,$);
#4274=IFCRELASSOCIATESMATERIAL('0ImkqCBoH6hhDswsQc_H$5',$,$,$,(#4272),#4273);
#4275=IFCMATERIALLAYER(#113,0.10000000000000001,$,$,$,$,$);
#4276=IFCPROPERTYSET('1wGDH0jUT6QgCpYOpqdvA9',$,'EPset_Parametric',$,(#4277));
#4277=IFCPROPERTYSINGLEVALUE('LayerSetDirection',$,IFCLABEL('AXIS2'),$);
#4278=IFCWALL('2OPSasthn2UuHOs52ealaJ',$,'Wall',$,$,#7676,#4285,$,$);
#4279=IFCRELDEFINESBYTYPE('20UWGd75fCc97KUiHbRa6O',$,$,$,(#5986,#15459,#4354,#4737,#4278,#4662,#5089,#5782,#5573,#4379,#4304,#4687,#4712,#5884,#4329),#4272);
#4280=IFCMATERIALLAYERSETUSAGE(#4273,.AXIS2.,.POSITIVE.,0.,$);
#4281=IFCRELASSOCIATESMATERIAL('0m4xtdCUb8AuCdxebks5lN',$,$,$,(#4278),#4280);
#4285=IFCPRODUCTDEFINITIONSHAPE($,$,(#7671,#7668));
#4301=IFCPROPERTYSET('0uCvYtQ3f7_gsL1bS$NXrY',$,'EPset_Parametric',$,(#4303));
#4302=IFCRELDEFINESBYPROPERTIES('10fg7Bh5XEgePtdkqEveWT',$,$,$,(#4278),#4301);
#4303=IFCPROPERTYSINGLEVALUE('Engine',$,IFCLABEL('Bonsai.DumbLayer2'),$);
#4304=IFCWALL('2xlPFTHzr7zO7dYwf46z4O',$,'Wall',$,$,#4525,#4310,$,$);
#4305=IFCMATERIALLAYERSETUSAGE(#4273,.AXIS2.,.POSITIVE.,0.,$);
#4306=IFCRELASSOCIATESMATERIAL('3Jqxxj$PH3ZusbDnD5qlIF',$,$,$,(#4304),#4305);
#4310=IFCPRODUCTDEFINITIONSHAPE($,$,(#4565,#4562));
#4326=IFCPROPERTYSET('2_xK65uvz4UAzP0OEjMzE7',$,'EPset_Parametric',$,(#4328));
#4327=IFCRELDEFINESBYPROPERTIES('1kysJdYxD6$8A4zXy6ytxo',$,$,$,(#4304),#4326);
#4328=IFCPROPERTYSINGLEVALUE('Engine',$,IFCLABEL('Bonsai.DumbLayer2'),$);
#4329=IFCWALL('1F1MAslGT6gvmoDfDR9yqe',$,'Wall',$,$,#4340,#4335,$,$);
#4330=IFCMATERIALLAYERSETUSAGE(#4273,.AXIS2.,.POSITIVE.,0.,$);
#4331=IFCRELASSOCIATESMATERIAL('2JqZ6YWSrExwbXlmeXwjbK',$,$,$,(#4329),#4330);
#4335=IFCPRODUCTDEFINITIONSHAPE($,$,(#4597,#4594));
#4336=IFCCARTESIANPOINT((0.24660547077655792,5.5698943138122559,0.));
#4337=IFCDIRECTION((0.,0.,1.));
#4338=IFCDIRECTION((-0.99999999999992428,3.8941436741876494E-07,0.));
#4339=IFCAXIS2PLACEMENT3D(#4336,#4337,#4338);
#4340=IFCLOCALPLACEMENT(#106,#4339);
#4351=IFCPROPERTYSET('09bB9PY3rB5vUPMXAtz$6B',$,'EPset_Parametric',$,(#4353));
#4352=IFCRELDEFINESBYPROPERTIES('2qlpzsPFf0rOJLmrfIACN$',$,$,$,(#4329),#4351);
#4353=IFCPROPERTYSINGLEVALUE('Engine',$,IFCLABEL('Bonsai.DumbLayer2'),$);
#4354=IFCWALL('2XopiwXxj7VvP3bmk0l6lF',$,'Wall',$,$,#4584,#4360,$,$);
#4355=IFCMATERIALLAYERSETUSAGE(#4273,.AXIS2.,.POSITIVE.,0.,$);
#4356=IFCRELASSOCIATESMATERIAL('14O2EA_1j0oP0GzCvpucrV',$,$,$,(#4354),#4355);
#4360=IFCPRODUCTDEFINITIONSHAPE($,$,(#7631,#7628));
#4376=IFCPROPERTYSET('2Ego5N7RD5YxIbK8E2HGQT',$,'EPset_Parametric',$,(#4378));
#4377=IFCRELDEFINESBYPROPERTIES('0PXLNx7mH3eP32zOmFbYo5',$,$,$,(#4354),#4376);
#4378=IFCPROPERTYSINGLEVALUE('Engine',$,IFCLABEL('Bonsai.DumbLayer2'),$);
#4379=IFCWALL('2Dr0AaD5T4xgQgIw1pNMG5',$,'Wall',$,$,#4616,#4385,$,$);
#4380=IFCMATERIALLAYERSETUSAGE(#4273,.AXIS2.,.POSITIVE.,0.,$);
#4381=IFCRELASSOCIATESMATERIAL('0jR7eUUAXAAB7FZmrsQLjk',$,$,$,(#4379),#4380);
#4385=IFCPRODUCTDEFINITIONSHAPE($,$,(#15942,#15939));
#4401=IFCPROPERTYSET('2bNsHOMwDFmxknxkVtVv16',$,'EPset_Parametric',$,(#4403));
#4402=IFCRELDEFINESBYPROPERTIES('3g5QSJOCT7pwt5006b3wNL',$,$,$,(#4379),#4401);
#4403=IFCPROPERTYSINGLEVALUE('Engine',$,IFCLABEL('Bonsai.DumbLayer2'),$);
#4507=IFCRELCONNECTSPATHELEMENTS('1UniqyCMH1L8KD5pJj_nn$',$,$,$,$,#4304,#4278,(),(),.ATEND.,.ATSTART.);
#4521=IFCCARTESIANPOINT((0.2466053962707257,6.5098947189753682,0.));
#4522=IFCDIRECTION((0.,0.,1.));
#4523=IFCDIRECTION((7.5497901264043123E-08,-0.99999999999999722,0.));
#4524=IFCAXIS2PLACEMENT3D(#4521,#4522,#4523);
#4525=IFCLOCALPLACEMENT(#106,#4524);
#4539=IFCRELCONNECTSPATHELEMENTS('1a_U2bOeDEDe1mKrYJW8CU',$,$,$,$,#4329,#4304,(),(),.ATEND.,.ATSTART.);
#4553=IFCCARTESIANPOINTLIST2D(((0.,0.),(0.10000001629206913,0.10000000000000001),(1.0400004516543511,0.10000000000000001),(0.94000040516311334,0.)));
#4554=IFCINDEXEDPOLYCURVE(#4553,(IFCLINEINDEX((1,2,3,4,1))),$);
#4555=IFCARBITRARYCLOSEDPROFILEDEF(.AREA.,$,#4554);
#4556=IFCCARTESIANPOINT((0.,0.,0.));
#4557=IFCDIRECTION((0.,0.,1.));
#4558=IFCDIRECTION((1.,0.,0.));
#4559=IFCAXIS2PLACEMENT3D(#4556,#4557,#4558);
#4560=IFCDIRECTION((0.,0.,1.));
#4561=IFCEXTRUDEDAREASOLID(#4555,#4559,#4560,3.);
#4562=IFCSHAPEREPRESENTATION(#11,'Body','SweptSolid',(#4561));
#4563=IFCCARTESIANPOINTLIST2D(((0.,0.),(0.94000040516311334,0.)));
#4564=IFCINDEXEDPOLYCURVE(#4563,$,$);
#4565=IFCSHAPEREPRESENTATION(#23,'Axis','Curve2D',(#4564));
#4566=IFCRELCONNECTSPATHELEMENTS('18vz3yjUr8KxEV7a3sfNwz',$,$,$,$,#4354,#4329,(),(),.ATEND.,.ATSTART.);
#4580=IFCCARTESIANPOINT((-3.2533946037293151,5.5698956767625711,0.));
#4581=IFCDIRECTION((0.,0.,1.));
#4582=IFCDIRECTION((7.5497901264043123E-08,-0.99999999999999722,0.));
#4583=IFCAXIS2PLACEMENT3D(#4580,#4581,#4582);
#4584=IFCLOCALPLACEMENT(#106,#4583);
#4585=IFCCARTESIANPOINTLIST2D(((0.,0.),(-0.10000004649123767,0.10000000000000001),(3.400000024477126,0.10000000000000001),(3.5000000709683636,0.)));
#4586=IFCINDEXEDPOLYCURVE(#4585,(IFCLINEINDEX((1,2,3,4,1))),$);
#4587=IFCARBITRARYCLOSEDPROFILEDEF(.AREA.,$,#4586);
#4588=IFCCARTESIANPOINT((0.,0.,0.));
#4589=IFCDIRECTION((0.,0.,1.));
#4590=IFCDIRECTION((1.,0.,0.));
#4591=IFCAXIS2PLACEMENT3D(#4588,#4589,#4590);
#4592=IFCDIRECTION((0.,0.,1.));
#4593=IFCEXTRUDEDAREASOLID(#4587,#4591,#4592,3.);
#4594=IFCSHAPEREPRESENTATION(#11,'Body','SweptSolid',(#4593));
#4595=IFCCARTESIANPOINTLIST2D(((0.,0.),(3.5000000709683636,0.)));
#4596=IFCINDEXEDPOLYCURVE(#4595,$,$);
#4597=IFCSHAPEREPRESENTATION(#23,'Axis','Curve2D',(#4596));
#4612=IFCCARTESIANPOINT((-3.2533940631642868,-1.5901050568097357,0.));
#4613=IFCDIRECTION((0.,0.,1.));
#4614=IFCDIRECTION((0.99999972757176803,-0.00073814388158356843,0.));
#4615=IFCAXIS2PLACEMENT3D(#4612,#4613,#4614);
#4616=IFCLOCALPLACEMENT(#106,#4615);
#4662=IFCWALL('3oBW62fp90aeC86s5sv_ch',$,'Wall',$,$,#5674,#4668,$,$);
#4663=IFCMATERIALLAYERSETUSAGE(#4273,.AXIS2.,.POSITIVE.,0.,$);
#4664=IFCRELASSOCIATESMATERIAL('0DNWdsPhbATwNWJIYIs3JE',$,$,$,(#4662),#4663);
#4668=IFCPRODUCTDEFINITIONSHAPE($,$,(#7604,#7601));
#4684=IFCPROPERTYSET('29tg392eHBuPuvsTtWQSy5',$,'EPset_Parametric',$,(#4686));
#4685=IFCRELDEFINESBYPROPERTIES('031gcH0vXDGxpBm5BTPnkz',$,$,$,(#4662),#4684);
#4686=IFCPROPERTYSINGLEVALUE('Engine',$,IFCLABEL('Bonsai.DumbLayer2'),$);
#4687=IFCWALL('32ekIi0hHAOBrRuFfrMqKk',$,'Wall',$,$,#4698,#4693,$,$);
#4688=IFCMATERIALLAYERSETUSAGE(#4273,.AXIS2.,.POSITIVE.,0.,$);
#4689=IFCRELASSOCIATESMATERIAL('1WwCAmzWDAuRsaLeO22oFi',$,$,$,(#4687),#4688);
#4693=IFCPRODUCTDEFINITIONSHAPE($,$,(#4872,#4869));
#4694=IFCCARTESIANPOINT((1.8483190536499023,-2.1754188537597656,0.));
#4695=IFCDIRECTION((0.,0.,1.));
#4696=IFCDIRECTION((-1.6292068494294437E-07,-0.99999999999998668,0.));
#4697=IFCAXIS2PLACEMENT3D(#4694,#4695,#4696);
#4698=IFCLOCALPLACEMENT(#106,#4697);
#4709=IFCPROPERTYSET('0U6gdoGgX4_hYX42LQ_uwG',$,'EPset_Parametric',$,(#4711));
#4710=IFCRELDEFINESBYPROPERTIES('1SdeTJEnX1IuOILCMPBKu$',$,$,$,(#4687),#4709);
#4711=IFCPROPERTYSINGLEVALUE('Engine',$,IFCLABEL('Bonsai.DumbLayer2'),$);
#4712=IFCWALL('1EDBCB29vCwB7_tVgdSG2_',$,'Wall',$,$,#4859,#4718,$,$);
#4713=IFCMATERIALLAYERSETUSAGE(#4273,.AXIS2.,.POSITIVE.,0.,$);
#4714=IFCRELASSOCIATESMATERIAL('2YQ5Isu6P3LvF$qIFtQTy4',$,$,$,(#4712),#4713);
#4718=IFCPRODUCTDEFINITIONSHAPE($,$,(#4904,#4901));
#4734=IFCPROPERTYSET('1DMG4Ewp1Byfl5oB3wG3as',$,'EPset_Parametric',$,(#4736));
#4735=IFCRELDEFINESBYPROPERTIES('3Y1xjFLxj3XRyHX$vCDlHq',$,$,$,(#4712),#4734);
#4736=IFCPROPERTYSINGLEVALUE('Engine',$,IFCLABEL('Bonsai.DumbLayer2'),$);
#4737=IFCWALL('3FQebSC0z7gu9KujINqazD',$,'Wall',$,$,#4891,#4743,$,$);
#4738=IFCMATERIALLAYERSETUSAGE(#4273,.AXIS2.,.POSITIVE.,0.,$);
#4739=IFCRELASSOCIATESMATERIAL('2oDFcueDb5DRipl3Biz9n3',$,$,$,(#4737),#4738);
#4743=IFCPRODUCTDEFINITIONSHAPE($,$,(#7658,#7655));
#4759=IFCPROPERTYSET('35B9TNgwP9DR5Lt63S3tEg',$,'EPset_Parametric',$,(#4761));
#4760=IFCRELDEFINESBYPROPERTIES('2fI697o$D6rfi5rrY7YOmp',$,$,$,(#4737),#4759);
#4761=IFCPROPERTYSINGLEVALUE('Engine',$,IFCLABEL('Bonsai.DumbLayer2'),$);
#4814=IFCRELCONNECTSPATHELEMENTS('1sPVWhkfL7QgLOxya4Yb1n',$,$,$,$,#4687,#4662,(),(),.ATEND.,.ATSTART.);
#4841=IFCRELCONNECTSPATHELEMENTS('3$vdS0LRT9zgLUv6WzBCGe',$,$,$,$,#4712,#4687,(),(),.ATEND.,.ATSTART.);
#4855=IFCCARTESIANPOINT((1.8483189053921039,-3.085418701171875,0.));
#4856=IFCDIRECTION((0.,0.,1.));
#4857=IFCDIRECTION((1.,0.,0.));
#4858=IFCAXIS2PLACEMENT3D(#4855,#4856,#4857);
#4859=IFCLOCALPLACEMENT(#106,#4858);
#4860=IFCCARTESIANPOINTLIST2D(((0.,0.),(-0.10000001629206982,0.10000000000000001),(0.80999983112005147,0.10000000000000001),(0.90999984741212125,0.)));
#4861=IFCINDEXEDPOLYCURVE(#4860,(IFCLINEINDEX((1,2,3,4,1))),$);
#4862=IFCARBITRARYCLOSEDPROFILEDEF(.AREA.,$,#4861);
#4863=IFCCARTESIANPOINT((0.,0.,0.));
#4864=IFCDIRECTION((0.,0.,1.));
#4865=IFCDIRECTION((1.,0.,0.));
#4866=IFCAXIS2PLACEMENT3D(#4863,#4864,#4865);
#4867=IFCDIRECTION((0.,0.,1.));
#4868=IFCEXTRUDEDAREASOLID(#4862,#4866,#4867,3.);
#4869=IFCSHAPEREPRESENTATION(#11,'Body','SweptSolid',(#4868));
#4870=IFCCARTESIANPOINTLIST2D(((0.,0.),(0.90999984741212125,0.)));
#4871=IFCINDEXEDPOLYCURVE(#4870,$,$);
#4872=IFCSHAPEREPRESENTATION(#23,'Axis','Curve2D',(#4871));
#4873=IFCRELCONNECTSPATHELEMENTS('1fGGZdJn59qRlgGupY6RLU',$,$,$,$,#4737,#4712,(),(),.ATEND.,.ATSTART.);
#4887=IFCCARTESIANPOINT((4.2183184623718084,-3.085418701171875,0.));
#4888=IFCDIRECTION((0.,0.,1.));
#4889=IFCDIRECTION((7.5497901264043123E-08,0.99999999999999722,0.));
#4890=IFCAXIS2PLACEMENT3D(#4887,#4888,#4889);
#4891=IFCLOCALPLACEMENT(#106,#4890);
#4892=IFCCARTESIANPOINTLIST2D(((0.,0.),(0.10000001629206984,0.10000000000000001),(2.2699995645294946,0.10000000000000001),(2.3699995569797045,0.)));
#4893=IFCINDEXEDPOLYCURVE(#4892,(IFCLINEINDEX((1,2,3,4,1))),$);
#4894=IFCARBITRARYCLOSEDPROFILEDEF(.AREA.,$,#4893);
#4895=IFCCARTESIANPOINT((0.,0.,0.));
#4896=IFCDIRECTION((0.,0.,1.));
#4897=IFCDIRECTION((1.,0.,0.));
#4898=IFCAXIS2PLACEMENT3D(#4895,#4896,#4897);
#4899=IFCDIRECTION((0.,0.,1.));
#4900=IFCEXTRUDEDAREASOLID(#4894,#4898,#4899,3.);
#4901=IFCSHAPEREPRESENTATION(#11,'Body','SweptSolid',(#4900));
#4902=IFCCARTESIANPOINTLIST2D(((0.,0.),(2.3699995569797045,0.)));
#4903=IFCINDEXEDPOLYCURVE(#4902,$,$);
#4904=IFCSHAPEREPRESENTATION(#23,'Axis','Curve2D',(#4903));
#4991=IFCSLAB('15Vab6qYzE_vCMZaRZiVqv',$,'Slab',$,$,#4998,#5005,$,$);
#4992=IFCMATERIALLAYERSETUSAGE(#4221,.AXIS3.,.POSITIVE.,-0.10000000149011612,$);
#4993=IFCRELASSOCIATESMATERIAL('2hRp_pfO1BfRxWzCx_CnMN',$,$,$,(#4991),#4992);
#4994=IFCCARTESIANPOINT((4.2266054153442383,6.5098943710327148,0.));
#4995=IFCDIRECTION((0.,0.,1.));
#4996=IFCDIRECTION((1.,0.,0.));
#4997=IFCAXIS2PLACEMENT3D(#4994,#4995,#4996);
#4998=IFCLOCALPLACEMENT(#106,#4997);
#5001=IFCDIRECTION((0.,0.,1.));
#5003=IFCEXTRUDEDAREASOLID(#14624,#5012,#5001,0.10000000000000001);
#5004=IFCSHAPEREPRESENTATION(#11,'Body','SweptSolid',(#5003));
#5005=IFCPRODUCTDEFINITIONSHAPE($,$,(#5004));
#5006=IFCPROPERTYSET('3JYo8Qqfj5iABhz3BPjgzi',$,'EPset_Parametric',$,(#5008));
#5007=IFCRELDEFINESBYPROPERTIES('1Calo9Ikv94fCWZbP_WrMo',$,$,$,(#4991),#5006);
#5008=IFCPROPERTYSINGLEVALUE('Engine',$,IFCLABEL('Bonsai.DumbLayer3'),$);
#5009=IFCCARTESIANPOINT((-0.,-0.,-0.10000000149011612));
#5010=IFCDIRECTION((0.,0.,1.));
#5011=IFCDIRECTION((1.,0.,0.));
#5012=IFCAXIS2PLACEMENT3D(#5009,#5010,#5011);
#5089=IFCWALL('2eo5OKnqr6Bu7MXSXoPQ0T',$,'Wall',$,$,#5824,#5095,$,$);
#5090=IFCMATERIALLAYERSETUSAGE(#4273,.AXIS2.,.POSITIVE.,0.,$);
#5091=IFCRELASSOCIATESMATERIAL('0e4jofndrB$fBBqnPh0CZk',$,$,$,(#5089),#5090);
#5095=IFCPRODUCTDEFINITIONSHAPE($,$,(#5851,#5848));
#5111=IFCPROPERTYSET('2tlRx4Vj1EEPngGmad_xGs',$,'EPset_Parametric',$,(#5113));
#5112=IFCRELDEFINESBYPROPERTIES('3SNjRP8EfATeRJjp7pd3fK',$,$,$,(#5089),#5111);
#5113=IFCPROPERTYSINGLEVALUE('Engine',$,IFCLABEL('Bonsai.DumbLayer2'),$);
#5573=IFCWALL('1AatIciLb40xOnLru7t971',$,'Wall',$,$,#5615,#5579,$,$);
#5574=IFCMATERIALLAYERSETUSAGE(#4273,.AXIS2.,.POSITIVE.,0.,$);
#5575=IFCRELASSOCIATESMATERIAL('1LUnL0ZoD7Cu_4ZLyyvJeB',$,$,$,(#5573),#5574);
#5579=IFCPRODUCTDEFINITIONSHAPE($,$,(#15901,#15898));
#5595=IFCPROPERTYSET('2VfSEnv9L5lApWW9FtY83t',$,'EPset_Parametric',$,(#5597));
#5596=IFCRELDEFINESBYPROPERTIES('0ywG5zZiL3B9VQVvlA9lmd',$,$,$,(#5573),#5595);
#5597=IFCPROPERTYSINGLEVALUE('Engine',$,IFCLABEL('Bonsai.DumbLayer2'),$);
#5611=IFCCARTESIANPOINT((0.24721090495586395,2.6462223529815674,0.));
#5612=IFCDIRECTION((0.,0.,1.));
#5613=IFCDIRECTION((1.9470718370939353E-07,-0.99999999999998113,0.));
#5614=IFCAXIS2PLACEMENT3D(#5611,#5612,#5613);
#5615=IFCLOCALPLACEMENT(#106,#5614);
#5670=IFCCARTESIANPOINT((0.24721184376404418,-2.1754188537597656,0.));
#5671=IFCDIRECTION((0.,0.,1.));
#5672=IFCDIRECTION((1.,0.,0.));
#5673=IFCAXIS2PLACEMENT3D(#5670,#5671,#5672);
#5674=IFCLOCALPLACEMENT(#106,#5673);
#5782=IFCWALL('2$_I0aNbD1UP8HhUkagbzn',$,'Wall',$,$,#5870,#5788,$,$);
#5783=IFCMATERIALLAYERSETUSAGE(#4273,.AXIS2.,.POSITIVE.,0.,$);
#5784=IFCRELASSOCIATESMATERIAL('2VB0rF8U10hwnQcGxl7vw7',$,$,$,(#5782),#5783);
#5788=IFCPRODUCTDEFINITIONSHAPE($,$,(#5865,#5862));
#5804=IFCPROPERTYSET('0c7qT9OT98tOiOtvvfqbma',$,'EPset_Parametric',$,(#5806));
#5805=IFCRELDEFINESBYPROPERTIES('1rsitwTXLBAQmlQNJIsHne',$,$,$,(#5782),#5804);
#5806=IFCPROPERTYSINGLEVALUE('Engine',$,IFCLABEL('Bonsai.DumbLayer2'),$);
#5820=IFCCARTESIANPOINT((0.24660547077655792,5.4698944091796875,0.));
#5821=IFCDIRECTION((0.,0.,1.));
#5822=IFCDIRECTION((0.00021441379301985719,-0.99999997701336241,0.));
#5823=IFCAXIS2PLACEMENT3D(#5820,#5821,#5822);
#5824=IFCLOCALPLACEMENT(#106,#5823);
#5825=IFCRELCONNECTSPATHELEMENTS('0$qLrzXKHAAeInqkphVdOv',$,$,$,$,#5782,#5089,(),(),.ATPATH.,.ATEND.);
#5839=IFCCARTESIANPOINTLIST2D(((0.,0.),(0.,0.10000000000000001),(2.8236935936787515,0.10000000000000001),(2.8236935936787515,0.)));
#5840=IFCINDEXEDPOLYCURVE(#5839,(IFCLINEINDEX((1,2,3,4,1))),$);
#5841=IFCARBITRARYCLOSEDPROFILEDEF(.AREA.,$,#5840);
#5842=IFCCARTESIANPOINT((0.,0.,0.));
#5843=IFCDIRECTION((0.,0.,1.));
#5844=IFCDIRECTION((1.,0.,0.));
#5845=IFCAXIS2PLACEMENT3D(#5842,#5843,#5844);
#5846=IFCDIRECTION((0.,0.,1.));
#5847=IFCEXTRUDEDAREASOLID(#5841,#5845,#5846,3.);
#5848=IFCSHAPEREPRESENTATION(#11,'Body','SweptSolid',(#5847));
#5849=IFCCARTESIANPOINTLIST2D(((0.,0.),(2.8236935936787515,0.)));
#5850=IFCINDEXEDPOLYCURVE(#5849,$,$);
#5851=IFCSHAPEREPRESENTATION(#23,'Axis','Curve2D',(#5850));
#5852=IFCRELCONNECTSPATHELEMENTS('2_jLwAETL9XgwvuUIis6jS',$,$,$,$,#5782,#4737,(),(),.ATPATH.,.ATSTART.);
#5853=IFCCARTESIANPOINTLIST2D(((0.10000000000000001,0.),(0.09999999880751248,0.10000000000000001),(3.8715993796921215,0.10000000000000001),(3.8716208298141943,0.)));
#5854=IFCINDEXEDPOLYCURVE(#5853,(IFCLINEINDEX((1,2,3,4,1))),$);
#5855=IFCARBITRARYCLOSEDPROFILEDEF(.AREA.,$,#5854);
#5856=IFCCARTESIANPOINT((0.,0.,0.));
#5857=IFCDIRECTION((0.,0.,1.));
#5858=IFCDIRECTION((1.,0.,0.));
#5859=IFCAXIS2PLACEMENT3D(#5856,#5857,#5858);
#5860=IFCDIRECTION((0.,0.,1.));
#5861=IFCEXTRUDEDAREASOLID(#5855,#5859,#5860,3.);
#5862=IFCSHAPEREPRESENTATION(#11,'Body','SweptSolid',(#5861));
#5863=IFCCARTESIANPOINTLIST2D(((0.,0.),(3.9716208321147328,0.)));
#5864=IFCINDEXEDPOLYCURVE(#5863,$,$);
#5865=IFCSHAPEREPRESENTATION(#23,'Axis','Curve2D',(#5864));
#5866=IFCCARTESIANPOINT((4.2183190756134801,5.0372133152503675,0.));
#5867=IFCDIRECTION((0.,0.,1.));
#5868=IFCDIRECTION((-0.99999999999999623,8.7422776573475527E-08,0.));
#5869=IFCAXIS2PLACEMENT3D(#5866,#5867,#5868);
#5870=IFCLOCALPLACEMENT(#106,#5869);
#5884=IFCWALL('2LdaqUxMz9Bx_$joslac0y',$,'Wall',$,$,#5945,#5890,$,$);
#5885=IFCMATERIALLAYERSETUSAGE(#4273,.AXIS2.,.POSITIVE.,0.,$);
#5886=IFCRELASSOCIATESMATERIAL('25PbfEqMX70xVYDaDmjhOY',$,$,$,(#5884),#5885);
#5890=IFCPRODUCTDEFINITIONSHAPE($,$,(#5972,#5969));
#5906=IFCPROPERTYSET('15fp0r1pz2R9zOQB2_1s4C',$,'EPset_Parametric',$,(#5908));
#5907=IFCRELDEFINESBYPROPERTIES('1Zcp38oQ9C6fwj_jLCiWUt',$,$,$,(#5884),#5906);
#5908=IFCPROPERTYSINGLEVALUE('Engine',$,IFCLABEL('Bonsai.DumbLayer2'),$);
#5927=IFCRELCONNECTSPATHELEMENTS('04l702ZS51QQGYPo1LUV4_',$,$,$,$,#5884,#4354,(),(),.ATPATH.,.ATSTART.);
#5941=IFCCARTESIANPOINT((-3.2533943772225484,2.5697226524353027,0.));
#5942=IFCDIRECTION((0.,0.,1.));
#5943=IFCDIRECTION((1.,0.,0.));
#5944=IFCAXIS2PLACEMENT3D(#5941,#5942,#5943);
#5945=IFCLOCALPLACEMENT(#106,#5944);
#5959=IFCRELCONNECTSPATHELEMENTS('1hRlhYa15AoP93QrlnW6EK',$,$,$,$,#5884,#5573,(),(),.ATPATH.,.ATEND.);
#5960=IFCCARTESIANPOINTLIST2D(((0.10000000000000031,0.),(0.099999992450210184,0.10000000000000001),(3.5006052776027352,0.10000000000000001),(3.5006052970734536,0.)));
#5961=IFCINDEXEDPOLYCURVE(#5960,(IFCLINEINDEX((1,2,3,4,1))),$);
#5962=IFCARBITRARYCLOSEDPROFILEDEF(.AREA.,$,#5961);
#5963=IFCCARTESIANPOINT((0.,0.,0.));
#5964=IFCDIRECTION((0.,0.,1.));
#5965=IFCDIRECTION((1.,0.,0.));
#5966=IFCAXIS2PLACEMENT3D(#5963,#5964,#5965);
#5967=IFCDIRECTION((0.,0.,1.));
#5968=IFCEXTRUDEDAREASOLID(#5962,#5966,#5967,3.);
#5969=IFCSHAPEREPRESENTATION(#11,'Body','SweptSolid',(#5968));
#5970=IFCCARTESIANPOINTLIST2D(((0.,0.),(3.5006052970734536,0.)));
#5971=IFCINDEXEDPOLYCURVE(#5970,$,$);
#5972=IFCSHAPEREPRESENTATION(#23,'Axis','Curve2D',(#5971));
#5986=IFCWALL('1O7GP5z9XDGOOMUL0SNrXI',$,'Wall',$,$,#6047,#5992,$,$);
#5987=IFCMATERIALLAYERSETUSAGE(#4273,.AXIS2.,.POSITIVE.,0.,$);
#5988=IFCRELASSOCIATESMATERIAL('3yIyL9X7HBjO6yHaTXWyWF',$,$,$,(#5986),#5987);
#5992=IFCPRODUCTDEFINITIONSHAPE($,$,(#6074,#6071));
#6008=IFCPROPERTYSET('3hRbRvC8zFgAygoaQs$e6R',$,'EPset_Parametric',$,(#6010));
#6009=IFCRELDEFINESBYPROPERTIES('2las4VvTHBSxutt1y9HE0E',$,$,$,(#5986),#6008);
#6010=IFCPROPERTYSINGLEVALUE('Engine',$,IFCLABEL('Bonsai.DumbLayer2'),$);
#6029=IFCRELCONNECTSPATHELEMENTS('2dZ7sxPsX8SfSuiAi$PyVE',$,$,$,$,#5986,#5573,(),(),.ATPATH.,.ATSTART.);
#6043=IFCCARTESIANPOINT((0.24721133931464995,0.41539153456687927,0.));
#6044=IFCDIRECTION((0.,0.,1.));
#6045=IFCDIRECTION((1.,0.,0.));
#6046=IFCAXIS2PLACEMENT3D(#6043,#6044,#6045);
#6047=IFCLOCALPLACEMENT(#106,#6046);
#6061=IFCRELCONNECTSPATHELEMENTS('20JJy3MC5DGuVvvcpYK26Y',$,$,$,$,#5986,#4737,(),(),.ATPATH.,.ATEND.);
#6062=IFCCARTESIANPOINTLIST2D(((0.10000000000000192,0.),(0.09999998052928355,0.10000000000000001),(3.8711073949107742,0.10000000000000001),(3.871107387360984,0.)));
#6063=IFCINDEXEDPOLYCURVE(#6062,(IFCLINEINDEX((1,2,3,4,1))),$);
#6064=IFCARBITRARYCLOSEDPROFILEDEF(.AREA.,$,#6063);
#6065=IFCCARTESIANPOINT((0.,0.,0.));
#6066=IFCDIRECTION((0.,0.,1.));
#6067=IFCDIRECTION((1.,0.,0.));
#6068=IFCAXIS2PLACEMENT3D(#6065,#6066,#6067);
#6069=IFCDIRECTION((0.,0.,1.));
#6070=IFCEXTRUDEDAREASOLID(#6064,#6068,#6069,3.);
#6071=IFCSHAPEREPRESENTATION(#11,'Body','SweptSolid',(#6070));
#6072=IFCCARTESIANPOINTLIST2D(((0.,0.),(3.9711073873609841,0.)));
#6073=IFCINDEXEDPOLYCURVE(#6072,$,$);
#6074=IFCSHAPEREPRESENTATION(#23,'Axis','Curve2D',(#6073));
#6088=IFCDOORTYPE('3mySqCp$X2TRcHSA4rww91',$,'2F-CR',$,$,(#6089),(#6091,#6099,#6177),$,$,.DOOR.,.SINGLE_SWING_LEFT.,$,$);
#6089=IFCPROPERTYSET('051hRJVLv9hRvzL$7mt08G',$,'BBIM_Door',$,(#6090));
#6090=IFCPROPERTYSINGLEVALUE('Data',$,IFCTEXT('{"door_type": "SINGLE_SWING_LEFT", "overall_height": 2.0, "overall_width": 0.732332706451416, "lining_properties": {"lining_depth": 0.05000000074505806, "lining_thickness": 0.05000000074505806, "lining_offset": 0.0, "lining_to_panel_offset_x": 0.02500000037252903, "lining_to_panel_offset_y": 0.02500000037252903, "transom_thickness": 0.0, "casing_thickness": 0.07500000298023224, "casing_depth": 0.004999999888241291, "threshold_thickness": 0.02500000037252903, "threshold_depth": 0.10000000149011612, "threshold_offset": 0.0}, "panel_properties": {"panel_depth": 0.03500000014901161, "panel_width_ratio": 1.0}}'),$);
#6091=IFCREPRESENTATIONMAP(#6092,#6412);
#6092=IFCAXIS2PLACEMENT3D(#6093,#6094,#6095);
#6093=IFCCARTESIANPOINT((0.,0.,0.));
#6094=IFCDIRECTION((0.,0.,1.));
#6095=IFCDIRECTION((1.,0.,0.));
#6099=IFCREPRESENTATIONMAP(#6100,#6485);
#6100=IFCAXIS2PLACEMENT3D(#6101,#6102,#6103);
#6101=IFCCARTESIANPOINT((0.,0.,0.));
#6102=IFCDIRECTION((0.,0.,1.));
#6103=IFCDIRECTION((1.,0.,0.));
#6177=IFCREPRESENTATIONMAP(#6178,#6499);
#6178=IFCAXIS2PLACEMENT3D(#6179,#6180,#6181);
#6179=IFCCARTESIANPOINT((0.,0.,0.));
#6180=IFCDIRECTION((0.,0.,1.));
#6181=IFCDIRECTION((1.,0.,0.));
#6196=IFCDOOR('1w2X_igabBWgTOHLUYVvbg',$,'Door',$,$,#6524,#6205,$,2.,0.73233270645141602,$,.SINGLE_SWING_LEFT.,$);
#6197=IFCRELDEFINESBYTYPE('0Neqz6Xkv2vQUGOXMX3z8H',$,$,$,(#6196),#6088);
#6198=IFCCARTESIANPOINT((0.,0.,0.));
#6199=IFCDIRECTION((1.,0.,0.));
#6200=IFCDIRECTION((0.,1.,0.));
#6201=IFCDIRECTION((0.,0.,1.));
#6202=IFCCARTESIANTRANSFORMATIONOPERATOR3D(#6199,#6200,#6198,1.,#6201);
#6203=IFCMAPPEDITEM(#6091,#6202);
#6204=IFCSHAPEREPRESENTATION(#18,'Profile','MappedRepresentation',(#6203));
#6205=IFCPRODUCTDEFINITIONSHAPE($,$,(#6204,#6212,#6219));
#6206=IFCCARTESIANPOINT((0.,0.,0.));
#6207=IFCDIRECTION((1.,0.,0.));
#6208=IFCDIRECTION((0.,1.,0.));
#6209=IFCDIRECTION((0.,0.,1.));
#6210=IFCCARTESIANTRANSFORMATIONOPERATOR3D(#6207,#6208,#6206,1.,#6209);
#6211=IFCMAPPEDITEM(#6099,#6210);
#6212=IFCSHAPEREPRESENTATION(#11,'Body','MappedRepresentation',(#6211));
#6213=IFCCARTESIANPOINT((0.,0.,0.));
#6214=IFCDIRECTION((1.,0.,0.));
#6215=IFCDIRECTION((0.,1.,0.));
#6216=IFCDIRECTION((0.,0.,1.));
#6217=IFCCARTESIANTRANSFORMATIONOPERATOR3D(#6214,#6215,#6213,1.,#6216);
#6218=IFCMAPPEDITEM(#6177,#6217);
#6219=IFCSHAPEREPRESENTATION(#24,'Body','MappedRepresentation',(#6218));
#6220=IFCOPENINGELEMENT('2qVwNzI2D3r8RsIB3IZAEZ',$,'Opening',$,$,#6519,#6248,$,.OPENING.);
#6236=IFCCARTESIANPOINT((0.,0.,0.));
#6237=IFCDIRECTION((1.,0.,0.));
#6238=IFCDIRECTION((0.,0.,1.));
#6239=IFCAXIS2PLACEMENT3D(#6236,#6238,#6237);
#6240=IFCREPRESENTATIONMAP(#6239,#6509);
#6241=IFCCARTESIANPOINT((0.,0.,0.));
#6242=IFCDIRECTION((1.,0.,0.));
#6243=IFCDIRECTION((0.,1.,0.));
#6244=IFCDIRECTION((0.,0.,1.));
#6245=IFCCARTESIANTRANSFORMATIONOPERATOR3D(#6242,#6243,#6241,1.,#6244);
#6246=IFCMAPPEDITEM(#6240,#6245);
#6247=IFCSHAPEREPRESENTATION(#11,'Body','MappedRepresentation',(#6246));
#6248=IFCPRODUCTDEFINITIONSHAPE($,$,(#6247));
#6249=IFCRELVOIDSELEMENT('3MZpRE3w1EXekjyV9U7LK7',$,$,$,#5782,#6220);
#6255=IFCRELFILLSELEMENT('0gCwCwcjr8296RoaJ29Edc',$,$,$,#6220,#6196);
#6294=IFCCARTESIANPOINTLIST2D(((0.,0.),(0.,2.),(0.73233270645141602,2.),(0.73233270645141602,0.),(0.70733270607888699,0.),(0.70733270607888699,1.974999999627471),(0.02500000037252903,1.974999999627471),(0.02500000037252903,0.)));
#6295=IFCINDEXEDPOLYCURVE(#6294,(IFCLINEINDEX((1,2,3,4,5,6,7,8,1))),$);
#6296=IFCARBITRARYCLOSEDPROFILEDEF(.AREA.,$,#6295);
#6297=IFCCARTESIANPOINT((0.,0.02500000037252903,0.));
#6298=IFCDIRECTION((0.,-1.,0.));
#6299=IFCDIRECTION((1.,0.,0.));
#6300=IFCAXIS2PLACEMENT3D(#6297,#6298,#6299);
#6301=IFCDIRECTION((0.,0.,-1.));
#6302=IFCEXTRUDEDAREASOLID(#6296,#6300,#6301,0.02500000037252903);
#6303=IFCCARTESIANPOINTLIST2D(((0.,0.),(0.,2.),(0.73233270645141602,2.),(0.73233270645141602,0.),(0.68233270570635796,0.),(0.68233270570635796,1.9499999992549419),(0.05000000074505806,1.9499999992549419),(0.05000000074505806,0.)));
#6304=IFCINDEXEDPOLYCURVE(#6303,(IFCLINEINDEX((1,2,3,4,5,6,7,8,1))),$);
#6305=IFCARBITRARYCLOSEDPROFILEDEF(.AREA.,$,#6304);
#6306=IFCCARTESIANPOINT((0.,0.,0.));
#6307=IFCDIRECTION((0.,-1.,0.));
#6308=IFCDIRECTION((1.,0.,0.));
#6309=IFCAXIS2PLACEMENT3D(#6306,#6307,#6308);
#6310=IFCDIRECTION((0.,0.,-1.));
#6311=IFCEXTRUDEDAREASOLID(#6305,#6309,#6310,0.02500000037252903);
#6312=IFCCARTESIANPOINTLIST2D(((0.,0.),(0.6323327049612999,0.),(0.6323327049612999,0.10000000149011612),(0.,0.10000000149011612)));
#6313=IFCINDEXEDPOLYCURVE(#6312,(IFCLINEINDEX((1,2,3,4,1))),$);
#6314=IFCARBITRARYCLOSEDPROFILEDEF(.AREA.,$,#6313);
#6315=IFCCARTESIANPOINT((0.05000000074505806,0.,0.));
#6316=IFCDIRECTION((0.,0.,1.));
#6317=IFCDIRECTION((1.,0.,0.));
#6318=IFCAXIS2PLACEMENT3D(#6315,#6316,#6317);
#6319=IFCDIRECTION((0.,0.,1.));
#6320=IFCEXTRUDEDAREASOLID(#6314,#6318,#6319,0.02500000037252903);
#6321=IFCCARTESIANPOINTLIST2D(((0.,0.),(0.,2.0250000022351742),(0.78233271092176437,2.0250000022351742),(0.78233271092176437,0.),(0.70733270794153214,0.),(0.70733270794153214,1.9499999992549419),(0.075000002980232239,1.9499999992549419),(0.075000002980232239,0.)));
#6322=IFCINDEXEDPOLYCURVE(#6321,(IFCLINEINDEX((1,2,3,4,5,6,7,8,1))),$);
#6323=IFCARBITRARYCLOSEDPROFILEDEF(.AREA.,$,#6322);
#6324=IFCCARTESIANPOINT((-0.025000002235174179,-0.004999999888241291,0.));
#6325=IFCDIRECTION((0.,-1.,0.));
#6326=IFCDIRECTION((1.,0.,0.));
#6327=IFCAXIS2PLACEMENT3D(#6324,#6325,#6326);
#6328=IFCDIRECTION((0.,0.,-1.));
#6329=IFCEXTRUDEDAREASOLID(#6323,#6327,#6328,0.004999999888241291);
#6330=IFCCARTESIANPOINTLIST2D(((0.,0.),(0.,2.0250000022351742),(0.78233271092176437,2.0250000022351742),(0.78233271092176437,0.),(0.73233270831406116,0.),(0.73233270831406116,1.974999999627471),(0.050000002607703209,1.974999999627471),(0.050000002607703209,0.)));
#6331=IFCINDEXEDPOLYCURVE(#6330,(IFCLINEINDEX((1,2,3,4,5,6,7,8,1))),$);
#6332=IFCARBITRARYCLOSEDPROFILEDEF(.AREA.,$,#6331);
#6333=IFCCARTESIANPOINT((-0.025000002235174179,0.05000000074505806,0.));
#6334=IFCDIRECTION((0.,-1.,0.));
#6335=IFCDIRECTION((1.,0.,0.));
#6336=IFCAXIS2PLACEMENT3D(#6333,#6334,#6335);
#6337=IFCDIRECTION((0.,0.,-1.));
#6338=IFCEXTRUDEDAREASOLID(#6332,#6336,#6337,0.004999999888241291);
#6339=IFCCARTESIANPOINTLIST2D(((0.,0.),(0.68233270570635796,0.),(0.68233270570635796,0.035000000149011612),(0.,0.035000000149011612)));
#6340=IFCINDEXEDPOLYCURVE(#6339,(IFCLINEINDEX((1,2,3,4,1))),$);
#6341=IFCARBITRARYCLOSEDPROFILEDEF(.AREA.,$,#6340);
#6342=IFCCARTESIANPOINT((0.02500000037252903,0.02500000037252903,0.02500000037252903));
#6343=IFCDIRECTION((0.,0.,1.));
#6344=IFCDIRECTION((1.,0.,0.));
#6345=IFCAXIS2PLACEMENT3D(#6342,#6343,#6344);
#6346=IFCDIRECTION((0.,0.,1.));
#6347=IFCEXTRUDEDAREASOLID(#6341,#6345,#6346,1.9499999992549419);
#6348=IFCCARTESIANPOINTLIST2D(((0.,0.),(0.,-0.040000000000000001),(-0.11999999999999988,-0.040000000000000001),(-0.11999999999999988,-0.02),(-0.020000000000000018,-0.02),(-0.020000000000000018,0.)));
#6349=IFCINDEXEDPOLYCURVE(#6348,(IFCLINEINDEX((1,2,3,4,5,6,1))),$);
#6350=IFCARBITRARYCLOSEDPROFILEDEF(.AREA.,$,#6349);
#6351=IFCCARTESIANPOINT((0.65733270607888694,0.02500000037252903,1.015000000372529));
#6352=IFCDIRECTION((0.,0.,1.));
#6353=IFCDIRECTION((1.,0.,0.));
#6354=IFCAXIS2PLACEMENT3D(#6351,#6352,#6353);
#6355=IFCDIRECTION((0.,0.,1.));
#6356=IFCEXTRUDEDAREASOLID(#6350,#6354,#6355,0.02);
#6357=IFCEXTRUDEDAREASOLID(#6358,#6361,#6365,0.02);
#6358=IFCARBITRARYCLOSEDPROFILEDEF(.AREA.,$,#6359);
#6359=IFCINDEXEDPOLYCURVE(#6360,(IFCLINEINDEX((1,2,3,4,5,6,1))),$);
#6360=IFCCARTESIANPOINTLIST2D(((0.,0.),(0.,0.040000000000000008),(-0.11999999999999988,0.040000000000000008),(-0.11999999999999988,0.020000000000000004),(-0.020000000000000018,0.020000000000000004),(-0.020000000000000018,0.)));
#6361=IFCAXIS2PLACEMENT3D(#6362,#6363,#6364);
#6362=IFCCARTESIANPOINT((0.65733270607888694,0.060000000521540642,1.015000000372529));
#6363=IFCDIRECTION((0.,0.,1.));
#6364=IFCDIRECTION((1.,0.,0.));
#6365=IFCDIRECTION((0.,0.,1.));
#6367=IFCSHAPEREPRESENTATION(#11,'Body','SweptSolid',(#6311,#6439,#6302,#6430,#6448,#6421,#6338,#6329,#6457,#6320));
#6368=IFCSHAPEASPECT((#6367),'Lining',$,.T.,#6205);
#6369=IFCSHAPEREPRESENTATION(#11,'Body','SweptSolid',(#6476,#6466,#6356,#6357,#6347,#6475));
#6370=IFCSHAPEASPECT((#6369),'Framing',$,.T.,#6205);
#6410=IFCCARTESIANPOINTLIST3D(((0.,0.,0.),(0.73233270645141602,0.,0.),(0.73233270645141602,0.,2.),(0.,0.,2.)));
#6411=IFCINDEXEDPOLYCURVE(#6410,(IFCLINEINDEX((1,2,3,4,1))),$);
#6412=IFCSHAPEREPRESENTATION(#18,'Profile','Curve3D',(#6411));
#6413=IFCCARTESIANPOINTLIST2D(((0.,0.),(0.,2.),(0.73233270645141602,2.),(0.73233270645141602,0.),(0.70733270607888699,0.),(0.70733270607888699,1.974999999627471),(0.02500000037252903,1.974999999627471),(0.02500000037252903,0.)));
#6414=IFCINDEXEDPOLYCURVE(#6413,(IFCLINEINDEX((1,2,3,4,5,6,7,8,1))),$);
#6415=IFCARBITRARYCLOSEDPROFILEDEF(.AREA.,$,#6414);
#6416=IFCCARTESIANPOINT((0.,0.02500000037252903,0.));
#6417=IFCDIRECTION((0.,-1.,0.));
#6418=IFCDIRECTION((1.,0.,0.));
#6419=IFCAXIS2PLACEMENT3D(#6416,#6417,#6418);
#6420=IFCDIRECTION((0.,0.,-1.));
#6421=IFCEXTRUDEDAREASOLID(#6415,#6419,#6420,0.02500000037252903);
#6422=IFCCARTESIANPOINTLIST2D(((0.,0.),(0.,2.),(0.73233270645141602,2.),(0.73233270645141602,0.),(0.68233270570635796,0.),(0.68233270570635796,1.9499999992549419),(0.05000000074505806,1.9499999992549419),(0.05000000074505806,0.)));
#6423=IFCINDEXEDPOLYCURVE(#6422,(IFCLINEINDEX((1,2,3,4,5,6,7,8,1))),$);
#6424=IFCARBITRARYCLOSEDPROFILEDEF(.AREA.,$,#6423);
#6425=IFCCARTESIANPOINT((0.,0.,0.));
#6426=IFCDIRECTION((0.,-1.,0.));
#6427=IFCDIRECTION((1.,0.,0.));
#6428=IFCAXIS2PLACEMENT3D(#6425,#6426,#6427);
#6429=IFCDIRECTION((0.,0.,-1.));
#6430=IFCEXTRUDEDAREASOLID(#6424,#6428,#6429,0.02500000037252903);
#6431=IFCCARTESIANPOINTLIST2D(((0.,0.),(0.6323327049612999,0.),(0.6323327049612999,0.10000000149011612),(0.,0.10000000149011612)));
#6432=IFCINDEXEDPOLYCURVE(#6431,(IFCLINEINDEX((1,2,3,4,1))),$);
#6433=IFCARBITRARYCLOSEDPROFILEDEF(.AREA.,$,#6432);
#6434=IFCCARTESIANPOINT((0.05000000074505806,0.,0.));
#6435=IFCDIRECTION((0.,0.,1.));
#6436=IFCDIRECTION((1.,0.,0.));
#6437=IFCAXIS2PLACEMENT3D(#6434,#6435,#6436);
#6438=IFCDIRECTION((0.,0.,1.));
#6439=IFCEXTRUDEDAREASOLID(#6433,#6437,#6438,0.02500000037252903);
#6440=IFCCARTESIANPOINTLIST2D(((0.,0.),(0.,2.0250000022351742),(0.78233271092176437,2.0250000022351742),(0.78233271092176437,0.),(0.70733270794153214,0.),(0.70733270794153214,1.9499999992549419),(0.075000002980232239,1.9499999992549419),(0.075000002980232239,0.)));
#6441=IFCINDEXEDPOLYCURVE(#6440,(IFCLINEINDEX((1,2,3,4,5,6,7,8,1))),$);
#6442=IFCARBITRARYCLOSEDPROFILEDEF(.AREA.,$,#6441);
#6443=IFCCARTESIANPOINT((-0.025000002235174179,-0.004999999888241291,0.));
#6444=IFCDIRECTION((0.,-1.,0.));
#6445=IFCDIRECTION((1.,0.,0.));
#6446=IFCAXIS2PLACEMENT3D(#6443,#6444,#6445);
#6447=IFCDIRECTION((0.,0.,-1.));
#6448=IFCEXTRUDEDAREASOLID(#6442,#6446,#6447,0.004999999888241291);
#6449=IFCCARTESIANPOINTLIST2D(((0.,0.),(0.,2.0250000022351742),(0.78233271092176437,2.0250000022351742),(0.78233271092176437,0.),(0.73233270831406116,0.),(0.73233270831406116,1.974999999627471),(0.050000002607703209,1.974999999627471),(0.050000002607703209,0.)));
#6450=IFCINDEXEDPOLYCURVE(#6449,(IFCLINEINDEX((1,2,3,4,5,6,7,8,1))),$);
#6451=IFCARBITRARYCLOSEDPROFILEDEF(.AREA.,$,#6450);
#6452=IFCCARTESIANPOINT((-0.025000002235174179,0.05000000074505806,0.));
#6453=IFCDIRECTION((0.,-1.,0.));
#6454=IFCDIRECTION((1.,0.,0.));
#6455=IFCAXIS2PLACEMENT3D(#6452,#6453,#6454);
#6456=IFCDIRECTION((0.,0.,-1.));
#6457=IFCEXTRUDEDAREASOLID(#6451,#6455,#6456,0.004999999888241291);
#6458=IFCCARTESIANPOINTLIST2D(((0.,0.),(0.68233270570635796,0.),(0.68233270570635796,0.035000000149011612),(0.,0.035000000149011612)));
#6459=IFCINDEXEDPOLYCURVE(#6458,(IFCLINEINDEX((1,2,3,4,1))),$);
#6460=IFCARBITRARYCLOSEDPROFILEDEF(.AREA.,$,#6459);
#6461=IFCCARTESIANPOINT((0.02500000037252903,0.02500000037252903,0.02500000037252903));
#6462=IFCDIRECTION((0.,0.,1.));
#6463=IFCDIRECTION((1.,0.,0.));
#6464=IFCAXIS2PLACEMENT3D(#6461,#6462,#6463);
#6465=IFCDIRECTION((0.,0.,1.));
#6466=IFCEXTRUDEDAREASOLID(#6460,#6464,#6465,1.9499999992549419);
#6467=IFCCARTESIANPOINTLIST2D(((0.,0.),(0.,-0.040000000000000001),(-0.11999999999999988,-0.040000000000000001),(-0.11999999999999988,-0.02),(-0.020000000000000018,-0.02),(-0.020000000000000018,0.)));
#6468=IFCINDEXEDPOLYCURVE(#6467,(IFCLINEINDEX((1,2,3,4,5,6,1))),$);
#6469=IFCARBITRARYCLOSEDPROFILEDEF(.AREA.,$,#6468);
#6470=IFCCARTESIANPOINT((0.65733270607888694,0.02500000037252903,1.015000000372529));
#6471=IFCDIRECTION((0.,0.,1.));
#6472=IFCDIRECTION((1.,0.,0.));
#6473=IFCAXIS2PLACEMENT3D(#6470,#6471,#6472);
#6474=IFCDIRECTION((0.,0.,1.));
#6475=IFCEXTRUDEDAREASOLID(#6469,#6473,#6474,0.02);
#6476=IFCEXTRUDEDAREASOLID(#6477,#6480,#6484,0.02);
#6477=IFCARBITRARYCLOSEDPROFILEDEF(.AREA.,$,#6478);
#6478=IFCINDEXEDPOLYCURVE(#6479,(IFCLINEINDEX((1,2,3,4,5,6,1))),$);
#6479=IFCCARTESIANPOINTLIST2D(((0.,0.),(0.,0.040000000000000008),(-0.11999999999999988,0.040000000000000008),(-0.11999999999999988,0.020000000000000004),(-0.020000000000000018,0.020000000000000004),(-0.020000000000000018,0.)));
#6480=IFCAXIS2PLACEMENT3D(#6481,#6482,#6483);
#6481=IFCCARTESIANPOINT((0.65733270607888694,0.060000000521540642,1.015000000372529));
#6482=IFCDIRECTION((0.,0.,1.));
#6483=IFCDIRECTION((1.,0.,0.));
#6484=IFCDIRECTION((0.,0.,1.));
#6485=IFCSHAPEREPRESENTATION(#11,'Body','SweptSolid',(#6421,#6430,#6466,#6475,#6476,#6439,#6448,#6457));
#6486=IFCCARTESIANPOINTLIST2D(((0.,0.),(0.,0.05000000074505806),(0.02500000037252903,0.05000000074505806),(0.02500000037252903,0.02500000037252903),(0.05000000074505806,0.02500000037252903),(0.05000000074505806,0.)));
#6487=IFCINDEXEDPOLYCURVE(#6486,(IFCLINEINDEX((1,2,3,4,5,6,1))),$);
#6488=IFCINDEXEDPOLYCURVE(#6489,(IFCLINEINDEX((1,2,3,4,5,6,1))),$);
#6489=IFCCARTESIANPOINTLIST2D(((0.73233270645141602,0.),(0.73233270645141602,0.05000000074505806),(0.70733270607888699,0.05000000074505806),(0.70733270607888699,0.02500000037252903),(0.68233270570635796,0.02500000037252903),(0.68233270570635796,0.)));
#6490=IFCDIRECTION((1.,0.));
#6491=IFCCARTESIANPOINT((0.060000000521540642,0.05000000074505806));
#6492=IFCAXIS2PLACEMENT2D(#6491,#6490);
#6493=IFCELLIPSE(#6492,0.64733270555734634,0.68233270570635796);
#6494=IFCCARTESIANPOINT((0.70733270607888699,0.05000000074505806));
#6495=IFCCARTESIANPOINT((0.060000000521540642,0.73233270645141602));
#6496=IFCTRIMMEDCURVE(#6493,(#6494),(#6495),.T.,.CARTESIAN.);
#6497=IFCCARTESIANPOINTLIST2D(((0.02500000037252903,0.05000000074505806),(0.060000000521540642,0.05000000074505806),(0.060000000521540642,0.73233270645141602),(0.02500000037252903,0.73233270645141602)));
#6498=IFCINDEXEDPOLYCURVE(#6497,(IFCLINEINDEX((1,2,3,4,1))),$);
#6499=IFCSHAPEREPRESENTATION(#24,'Body','Curve2D',(#6487,#6488,#6496,#6498));
#6500=IFCCARTESIANPOINTLIST2D(((0.,0.),(0.73233270645141602,0.),(0.73233270645141602,2.),(0.,2.)));
#6501=IFCINDEXEDPOLYCURVE(#6500,(IFCLINEINDEX((1,2,3,4,1))),$);
#6502=IFCARBITRARYCLOSEDPROFILEDEF(.AREA.,$,#6501);
#6503=IFCCARTESIANPOINT((0.,-0.60000002384185791,0.));
#6504=IFCDIRECTION((0.,-1.,0.));
#6505=IFCDIRECTION((1.,0.,0.));
#6506=IFCAXIS2PLACEMENT3D(#6503,#6504,#6505);
#6507=IFCDIRECTION((0.,0.,-1.));
#6508=IFCEXTRUDEDAREASOLID(#6502,#6506,#6507,1.2);
#6509=IFCSHAPEREPRESENTATION(#11,'Body','SweptSolid',(#6508));
#6515=IFCCARTESIANPOINT((3.5594000900874452,0.10000020555508726,0.));
#6516=IFCDIRECTION((0.,0.,1.));
#6517=IFCDIRECTION((-0.99999999999980282,6.2783296073104869E-07,0.));
#6518=IFCAXIS2PLACEMENT3D(#6515,#6516,#6517);
#6519=IFCLOCALPLACEMENT(#5870,#6518);
#6520=IFCCARTESIANPOINT((0.,8.8817841970012523E-16,0.));
#6521=IFCDIRECTION((0.,0.,1.));
#6522=IFCDIRECTION((1.,3.1763735522036263E-22,0.));
#6523=IFCAXIS2PLACEMENT3D(#6520,#6521,#6522);
#6524=IFCLOCALPLACEMENT(#6519,#6523);
#6525=IFCDOORTYPE('1Ia_ncvijEbeM1npD0ZR2V',$,'2F-Bed room 1',$,$,(#6526),(#6528,#6536,#6614),$,$,.DOOR.,.SINGLE_SWING_LEFT.,$,$);
#6526=IFCPROPERTYSET('2C2ZIPAPH0_Rz2QkTROyDy',$,'BBIM_Door',$,(#6527));
#6527=IFCPROPERTYSINGLEVALUE('Data',$,IFCTEXT('{"door_type": "SINGLE_SWING_LEFT", "overall_height": 2.0, "overall_width": 0.8974456787109375, "lining_properties": {"lining_depth": 0.05000000074505806, "lining_thickness": 0.05000000074505806, "lining_offset": 0.0, "lining_to_panel_offset_x": 0.02500000037252903, "lining_to_panel_offset_y": 0.02500000037252903, "transom_thickness": 0.0, "casing_thickness": 0.07500000298023224, "casing_depth": 0.004999999888241291, "threshold_thickness": 0.02500000037252903, "threshold_depth": 0.10000000149011612, "threshold_offset": 0.0}, "panel_properties": {"panel_depth": 0.03500000014901161, "panel_width_ratio": 1.0}}'),$);
#6528=IFCREPRESENTATIONMAP(#6529,#6715);
#6529=IFCAXIS2PLACEMENT3D(#6530,#6531,#6532);
#6530=IFCCARTESIANPOINT((0.,0.,0.));
#6531=IFCDIRECTION((0.,0.,1.));
#6532=IFCDIRECTION((1.,0.,0.));
#6536=IFCREPRESENTATIONMAP(#6537,#6788);
#6537=IFCAXIS2PLACEMENT3D(#6538,#6539,#6540);
#6538=IFCCARTESIANPOINT((0.,0.,0.));
#6539=IFCDIRECTION((0.,0.,1.));
#6540=IFCDIRECTION((1.,0.,0.));
#6614=IFCREPRESENTATIONMAP(#6615,#6806);
#6615=IFCAXIS2PLACEMENT3D(#6616,#6617,#6618);
#6616=IFCCARTESIANPOINT((0.,0.,0.));
#6617=IFCDIRECTION((0.,0.,1.));
#6618=IFCDIRECTION((1.,0.,0.));
#6633=IFCDOOR('3G5tXQ55rF4v_coO2D9krA',$,'Door',$,$,#6831,#6642,$,2.,0.8974456787109375,$,.SINGLE_SWING_LEFT.,$);
#6634=IFCRELDEFINESBYTYPE('2A$o7aALvE7O6qfKmvWAHy',$,$,$,(#6633),#6525);
#6635=IFCCARTESIANPOINT((0.,0.,0.));
#6636=IFCDIRECTION((1.,0.,0.));
#6637=IFCDIRECTION((0.,1.,0.));
#6638=IFCDIRECTION((0.,0.,1.));
#6639=IFCCARTESIANTRANSFORMATIONOPERATOR3D(#6636,#6637,#6635,1.,#6638);
#6640=IFCMAPPEDITEM(#6528,#6639);
#6641=IFCSHAPEREPRESENTATION(#18,'Profile','MappedRepresentation',(#6640));
#6642=IFCPRODUCTDEFINITIONSHAPE($,$,(#6641,#6649,#6656));
#6643=IFCCARTESIANPOINT((0.,0.,0.));
#6644=IFCDIRECTION((1.,0.,0.));
#6645=IFCDIRECTION((0.,1.,0.));
#6646=IFCDIRECTION((0.,0.,1.));
#6647=IFCCARTESIANTRANSFORMATIONOPERATOR3D(#6644,#6645,#6643,1.,#6646);
#6648=IFCMAPPEDITEM(#6536,#6647);
#6649=IFCSHAPEREPRESENTATION(#11,'Body','MappedRepresentation',(#6648));
#6650=IFCCARTESIANPOINT((0.,0.,0.));
#6651=IFCDIRECTION((1.,0.,0.));
#6652=IFCDIRECTION((0.,1.,0.));
#6653=IFCDIRECTION((0.,0.,1.));
#6654=IFCCARTESIANTRANSFORMATIONOPERATOR3D(#6651,#6652,#6650,1.,#6653);
#6655=IFCMAPPEDITEM(#6614,#6654);
#6656=IFCSHAPEREPRESENTATION(#24,'Body','MappedRepresentation',(#6655));
#6657=IFCOPENINGELEMENT('2$f7zfxLbAqhtnQd$72bHG',$,'Opening',$,$,#6826,#6685,$,.OPENING.);
#6673=IFCCARTESIANPOINT((0.,0.,0.));
#6674=IFCDIRECTION((1.,0.,0.));
#6675=IFCDIRECTION((0.,0.,1.));
#6676=IFCAXIS2PLACEMENT3D(#6673,#6675,#6674);
#6677=IFCREPRESENTATIONMAP(#6676,#6816);
#6678=IFCCARTESIANPOINT((0.,0.,0.));
#6679=IFCDIRECTION((1.,0.,0.));
#6680=IFCDIRECTION((0.,1.,0.));
#6681=IFCDIRECTION((0.,0.,1.));
#6682=IFCCARTESIANTRANSFORMATIONOPERATOR3D(#6679,#6680,#6678,1.,#6681);
#6683=IFCMAPPEDITEM(#6677,#6682);
#6684=IFCSHAPEREPRESENTATION(#11,'Body','MappedRepresentation',(#6683));
#6685=IFCPRODUCTDEFINITIONSHAPE($,$,(#6684));
#6686=IFCRELVOIDSELEMENT('27nd$lBQr9Pgs8KTC9UCjT',$,$,$,#5089,#6657);
#6692=IFCRELFILLSELEMENT('3KqTuMORT87uTNHEfW2iZF',$,$,$,#6657,#6633);
#6713=IFCCARTESIANPOINTLIST3D(((0.,0.,0.),(0.8974456787109375,0.,0.),(0.8974456787109375,0.,2.),(0.,0.,2.)));
#6714=IFCINDEXEDPOLYCURVE(#6713,(IFCLINEINDEX((1,2,3,4,1))),$);
#6715=IFCSHAPEREPRESENTATION(#18,'Profile','Curve3D',(#6714));
#6716=IFCCARTESIANPOINTLIST2D(((0.,0.),(0.,2.),(0.8974456787109375,2.),(0.8974456787109375,0.),(0.87244567833840847,0.),(0.87244567833840847,1.974999999627471),(0.02500000037252903,1.974999999627471),(0.02500000037252903,0.)));
#6717=IFCINDEXEDPOLYCURVE(#6716,(IFCLINEINDEX((1,2,3,4,5,6,7,8,1))),$);
#6718=IFCARBITRARYCLOSEDPROFILEDEF(.AREA.,$,#6717);
#6719=IFCCARTESIANPOINT((0.,0.02500000037252903,0.));
#6720=IFCDIRECTION((0.,-1.,0.));
#6721=IFCDIRECTION((1.,0.,0.));
#6722=IFCAXIS2PLACEMENT3D(#6719,#6720,#6721);
#6723=IFCDIRECTION((0.,0.,-1.));
#6724=IFCEXTRUDEDAREASOLID(#6718,#6722,#6723,0.02500000037252903);
#6725=IFCCARTESIANPOINTLIST2D(((0.,0.),(0.,2.),(0.8974456787109375,2.),(0.8974456787109375,0.),(0.84744567796587944,0.),(0.84744567796587944,1.9499999992549419),(0.05000000074505806,1.9499999992549419),(0.05000000074505806,0.)));
#6726=IFCINDEXEDPOLYCURVE(#6725,(IFCLINEINDEX((1,2,3,4,5,6,7,8,1))),$);
#6727=IFCARBITRARYCLOSEDPROFILEDEF(.AREA.,$,#6726);
#6728=IFCCARTESIANPOINT((0.,0.,0.));
#6729=IFCDIRECTION((0.,-1.,0.));
#6730=IFCDIRECTION((1.,0.,0.));
#6731=IFCAXIS2PLACEMENT3D(#6728,#6729,#6730);
#6732=IFCDIRECTION((0.,0.,-1.));
#6733=IFCEXTRUDEDAREASOLID(#6727,#6731,#6732,0.02500000037252903);
#6734=IFCCARTESIANPOINTLIST2D(((0.,0.),(0.79744567722082138,0.),(0.79744567722082138,0.10000000149011612),(0.,0.10000000149011612)));
#6735=IFCINDEXEDPOLYCURVE(#6734,(IFCLINEINDEX((1,2,3,4,1))),$);
#6736=IFCARBITRARYCLOSEDPROFILEDEF(.AREA.,$,#6735);
#6737=IFCCARTESIANPOINT((0.05000000074505806,0.,0.));
#6738=IFCDIRECTION((0.,0.,1.));
#6739=IFCDIRECTION((1.,0.,0.));
#6740=IFCAXIS2PLACEMENT3D(#6737,#6738,#6739);
#6741=IFCDIRECTION((0.,0.,1.));
#6742=IFCEXTRUDEDAREASOLID(#6736,#6740,#6741,0.02500000037252903);
#6743=IFCCARTESIANPOINTLIST2D(((0.,0.),(0.,2.0250000022351742),(0.94744568318128586,2.0250000022351742),(0.94744568318128586,0.),(0.87244568020105362,0.),(0.87244568020105362,1.9499999992549419),(0.075000002980232239,1.9499999992549419),(0.075000002980232239,0.)));
#6744=IFCINDEXEDPOLYCURVE(#6743,(IFCLINEINDEX((1,2,3,4,5,6,7,8,1))),$);
#6745=IFCARBITRARYCLOSEDPROFILEDEF(.AREA.,$,#6744);
#6746=IFCCARTESIANPOINT((-0.025000002235174179,-0.004999999888241291,0.));
#6747=IFCDIRECTION((0.,-1.,0.));
#6748=IFCDIRECTION((1.,0.,0.));
#6749=IFCAXIS2PLACEMENT3D(#6746,#6747,#6748);
#6750=IFCDIRECTION((0.,0.,-1.));
#6751=IFCEXTRUDEDAREASOLID(#6745,#6749,#6750,0.004999999888241291);
#6752=IFCCARTESIANPOINTLIST2D(((0.,0.),(0.,2.0250000022351742),(0.94744568318128586,2.0250000022351742),(0.94744568318128586,0.),(0.89744568057358265,0.),(0.89744568057358265,1.974999999627471),(0.050000002607703209,1.974999999627471),(0.050000002607703209,0.)));
#6753=IFCINDEXEDPOLYCURVE(#6752,(IFCLINEINDEX((1,2,3,4,5,6,7,8,1))),$);
#6754=IFCARBITRARYCLOSEDPROFILEDEF(.AREA.,$,#6753);
#6755=IFCCARTESIANPOINT((-0.025000002235174179,0.05000000074505806,0.));
#6756=IFCDIRECTION((0.,-1.,0.));
#6757=IFCDIRECTION((1.,0.,0.));
#6758=IFCAXIS2PLACEMENT3D(#6755,#6756,#6757);
#6759=IFCDIRECTION((0.,0.,-1.));
#6760=IFCEXTRUDEDAREASOLID(#6754,#6758,#6759,0.004999999888241291);
#6761=IFCCARTESIANPOINTLIST2D(((0.,0.),(0.84744567796587944,0.),(0.84744567796587944,0.035000000149011612),(0.,0.035000000149011612)));
#6762=IFCINDEXEDPOLYCURVE(#6761,(IFCLINEINDEX((1,2,3,4,1))),$);
#6763=IFCARBITRARYCLOSEDPROFILEDEF(.AREA.,$,#6762);
#6764=IFCCARTESIANPOINT((0.02500000037252903,0.02500000037252903,0.02500000037252903));
#6765=IFCDIRECTION((0.,0.,1.));
#6766=IFCDIRECTION((1.,0.,0.));
#6767=IFCAXIS2PLACEMENT3D(#6764,#6765,#6766);
#6768=IFCDIRECTION((0.,0.,1.));
#6769=IFCEXTRUDEDAREASOLID(#6763,#6767,#6768,1.9499999992549419);
#6770=IFCCARTESIANPOINTLIST2D(((0.,0.),(0.,-0.040000000000000001),(-0.11999999999999988,-0.040000000000000001),(-0.11999999999999988,-0.02),(-0.020000000000000018,-0.02),(-0.020000000000000018,0.)));
#6771=IFCINDEXEDPOLYCURVE(#6770,(IFCLINEINDEX((1,2,3,4,5,6,1))),$);
#6772=IFCARBITRARYCLOSEDPROFILEDEF(.AREA.,$,#6771);
#6773=IFCCARTESIANPOINT((0.82244567833840843,0.02500000037252903,1.015000000372529));
#6774=IFCDIRECTION((0.,0.,1.));
#6775=IFCDIRECTION((1.,0.,0.));
#6776=IFCAXIS2PLACEMENT3D(#6773,#6774,#6775);
#6777=IFCDIRECTION((0.,0.,1.));
#6778=IFCEXTRUDEDAREASOLID(#6772,#6776,#6777,0.02);
#6779=IFCEXTRUDEDAREASOLID(#6780,#6783,#6787,0.02);
#6780=IFCARBITRARYCLOSEDPROFILEDEF(.AREA.,$,#6781);
#6781=IFCINDEXEDPOLYCURVE(#6782,(IFCLINEINDEX((1,2,3,4,5,6,1))),$);
#6782=IFCCARTESIANPOINTLIST2D(((0.,0.),(0.,0.040000000000000008),(-0.11999999999999988,0.040000000000000008),(-0.11999999999999988,0.020000000000000004),(-0.020000000000000018,0.020000000000000004),(-0.020000000000000018,0.)));
#6783=IFCAXIS2PLACEMENT3D(#6784,#6785,#6786);
#6784=IFCCARTESIANPOINT((0.82244567833840843,0.060000000521540642,1.015000000372529));
#6785=IFCDIRECTION((0.,0.,1.));
#6786=IFCDIRECTION((1.,0.,0.));
#6787=IFCDIRECTION((0.,0.,1.));
#6788=IFCSHAPEREPRESENTATION(#11,'Body','SweptSolid',(#6724,#6733,#6769,#6778,#6779,#6742,#6751,#6760));
#6789=IFCSHAPEREPRESENTATION(#11,'Body','SweptSolid',(#6724,#6733,#6742,#6751,#6760));
#6790=IFCSHAPEASPECT((#6789),'Lining',$,.T.,#6642);
#6791=IFCSHAPEREPRESENTATION(#11,'Body','SweptSolid',(#6769,#6778,#6779));
#6792=IFCSHAPEASPECT((#6791),'Framing',$,.T.,#6642);
#6793=IFCCARTESIANPOINTLIST2D(((0.,0.),(0.,0.05000000074505806),(0.02500000037252903,0.05000000074505806),(0.02500000037252903,0.02500000037252903),(0.05000000074505806,0.02500000037252903),(0.05000000074505806,0.)));
#6794=IFCINDEXEDPOLYCURVE(#6793,(IFCLINEINDEX((1,2,3,4,5,6,1))),$);
#6795=IFCINDEXEDPOLYCURVE(#6796,(IFCLINEINDEX((1,2,3,4,5,6,1))),$);
#6796=IFCCARTESIANPOINTLIST2D(((0.8974456787109375,0.),(0.8974456787109375,0.05000000074505806),(0.87244567833840847,0.05000000074505806),(0.87244567833840847,0.02500000037252903),(0.84744567796587944,0.02500000037252903),(0.84744567796587944,0.)));
#6797=IFCDIRECTION((1.,0.));
#6798=IFCCARTESIANPOINT((0.060000000521540642,0.05000000074505806));
#6799=IFCAXIS2PLACEMENT2D(#6798,#6797);
#6800=IFCELLIPSE(#6799,0.81244567781686783,0.84744567796587944);
#6801=IFCCARTESIANPOINT((0.87244567833840847,0.05000000074505806));
#6802=IFCCARTESIANPOINT((0.060000000521540642,0.8974456787109375));
#6803=IFCTRIMMEDCURVE(#6800,(#6801),(#6802),.T.,.CARTESIAN.);
#6804=IFCCARTESIANPOINTLIST2D(((0.02500000037252903,0.05000000074505806),(0.060000000521540642,0.05000000074505806),(0.060000000521540642,0.8974456787109375),(0.02500000037252903,0.8974456787109375)));
#6805=IFCINDEXEDPOLYCURVE(#6804,(IFCLINEINDEX((1,2,3,4,1))),$);
#6806=IFCSHAPEREPRESENTATION(#24,'Body','Curve2D',(#6794,#6795,#6803,#6805));
#6807=IFCCARTESIANPOINTLIST2D(((0.,0.),(0.8974456787109375,0.),(0.8974456787109375,2.),(0.,2.)));
#6808=IFCINDEXEDPOLYCURVE(#6807,(IFCLINEINDEX((1,2,3,4,1))),$);
#6809=IFCARBITRARYCLOSEDPROFILEDEF(.AREA.,$,#6808);
#6810=IFCCARTESIANPOINT((0.,-0.60000002384185791,0.));
#6811=IFCDIRECTION((0.,-1.,0.));
#6812=IFCDIRECTION((1.,0.,0.));
#6813=IFCAXIS2PLACEMENT3D(#6810,#6811,#6812);
#6814=IFCDIRECTION((0.,0.,-1.));
#6815=IFCEXTRUDEDAREASOLID(#6809,#6813,#6814,1.2);
#6816=IFCSHAPEREPRESENTATION(#11,'Body','SweptSolid',(#6815));
#6822=IFCCARTESIANPOINT((2.6847597837037647,0.084998964446715536,0.));
#6823=IFCDIRECTION((0.,0.,1.));
#6824=IFCDIRECTION((-0.99999999999980282,6.2782780183375962E-07,0.));
#6825=IFCAXIS2PLACEMENT3D(#6822,#6823,#6824);
#6826=IFCLOCALPLACEMENT(#5824,#6825);
#6827=IFCCARTESIANPOINT((0.,0.,0.));
#6828=IFCDIRECTION((0.,0.,1.));
#6829=IFCDIRECTION((1.,2.7105054312137611E-20,0.));
#6830=IFCAXIS2PLACEMENT3D(#6827,#6828,#6829);
#6831=IFCLOCALPLACEMENT(#6826,#6830);
#6832=IFCDOORTYPE('3xF93fJqD9_eKQMROWHWy5',$,'MASTERS-2F',$,$,(#6833),(#6835,#6843,#6921),$,$,.DOOR.,.SINGLE_SWING_LEFT.,$,$);
#6833=IFCPROPERTYSET('3LeUD0nSzElQFVREsT5P33',$,'BBIM_Door',$,(#6834));
#6834=IFCPROPERTYSINGLEVALUE('Data',$,IFCTEXT('{"door_type": "SINGLE_SWING_RIGHT", "overall_height": 2.0, "overall_width": 0.7964856624603271, "lining_properties": {"lining_depth": 0.05000000074505806, "lining_thickness": 0.05000000074505806, "lining_offset": 0.0, "lining_to_panel_offset_x": 0.02500000037252903, "lining_to_panel_offset_y": 0.02500000037252903, "transom_thickness": 0.0, "casing_thickness": 0.07500000298023224, "casing_depth": 0.004999999888241291, "threshold_thickness": 0.02500000037252903, "threshold_depth": 0.10000000149011612, "threshold_offset": 0.0}, "panel_properties": {"panel_depth": 0.03500000014901161, "panel_width_ratio": 1.0}}'),$);
#6835=IFCREPRESENTATIONMAP(#6836,#7052);
#6836=IFCAXIS2PLACEMENT3D(#6837,#6838,#6839);
#6837=IFCCARTESIANPOINT((0.,0.,0.));
#6838=IFCDIRECTION((0.,0.,1.));
#6839=IFCDIRECTION((1.,0.,0.));
#6843=IFCREPRESENTATIONMAP(#6844,#7125);
#6844=IFCAXIS2PLACEMENT3D(#6845,#6846,#6847);
#6845=IFCCARTESIANPOINT((0.,0.,0.));
#6846=IFCDIRECTION((0.,0.,1.));
#6847=IFCDIRECTION((1.,0.,0.));
#6921=IFCREPRESENTATIONMAP(#6922,#7143);
#6922=IFCAXIS2PLACEMENT3D(#6923,#6924,#6925);
#6923=IFCCARTESIANPOINT((0.,0.,0.));
#6924=IFCDIRECTION((0.,0.,1.));
#6925=IFCDIRECTION((1.,0.,0.));
#6940=IFCDOOR('2$aYGY8zH91ucFynYb6ih9',$,'Door',$,$,#7168,#6949,$,2.,0.79648566246032715,$,.SINGLE_SWING_RIGHT.,$);
#6941=IFCRELDEFINESBYTYPE('2sxzO5jg96d81AI5BVwwX8',$,$,$,(#6940),#6832);
#6942=IFCCARTESIANPOINT((0.,0.,0.));
#6943=IFCDIRECTION((1.,0.,0.));
#6944=IFCDIRECTION((0.,1.,0.));
#6945=IFCDIRECTION((0.,0.,1.));
#6946=IFCCARTESIANTRANSFORMATIONOPERATOR3D(#6943,#6944,#6942,1.,#6945);
#6947=IFCMAPPEDITEM(#6835,#6946);
#6948=IFCSHAPEREPRESENTATION(#18,'Profile','MappedRepresentation',(#6947));
#6949=IFCPRODUCTDEFINITIONSHAPE($,$,(#6948,#6956,#6963));
#6950=IFCCARTESIANPOINT((0.,0.,0.));
#6951=IFCDIRECTION((1.,0.,0.));
#6952=IFCDIRECTION((0.,1.,0.));
#6953=IFCDIRECTION((0.,0.,1.));
#6954=IFCCARTESIANTRANSFORMATIONOPERATOR3D(#6951,#6952,#6950,1.,#6953);
#6955=IFCMAPPEDITEM(#6843,#6954);
#6956=IFCSHAPEREPRESENTATION(#11,'Body','MappedRepresentation',(#6955));
#6957=IFCCARTESIANPOINT((0.,0.,0.));
#6958=IFCDIRECTION((1.,0.,0.));
#6959=IFCDIRECTION((0.,1.,0.));
#6960=IFCDIRECTION((0.,0.,1.));
#6961=IFCCARTESIANTRANSFORMATIONOPERATOR3D(#6958,#6959,#6957,1.,#6960);
#6962=IFCMAPPEDITEM(#6921,#6961);
#6963=IFCSHAPEREPRESENTATION(#24,'Body','MappedRepresentation',(#6962));
#6964=IFCOPENINGELEMENT('3Vh$g0DsbD$A_qIbpd8syH',$,'Opening',$,$,#7163,#6992,$,.OPENING.);
#6980=IFCCARTESIANPOINT((0.,0.,0.));
#6981=IFCDIRECTION((1.,0.,0.));
#6982=IFCDIRECTION((0.,0.,1.));
#6983=IFCAXIS2PLACEMENT3D(#6980,#6982,#6981);
#6984=IFCREPRESENTATIONMAP(#6983,#7153);
#6985=IFCCARTESIANPOINT((0.,0.,0.));
#6986=IFCDIRECTION((1.,0.,0.));
#6987=IFCDIRECTION((0.,1.,0.));
#6988=IFCDIRECTION((0.,0.,1.));
#6989=IFCCARTESIANTRANSFORMATIONOPERATOR3D(#6986,#6987,#6985,1.,#6988);
#6990=IFCMAPPEDITEM(#6984,#6989);
#6991=IFCSHAPEREPRESENTATION(#11,'Body','MappedRepresentation',(#6990));
#6992=IFCPRODUCTDEFINITIONSHAPE($,$,(#6991));
#6993=IFCRELVOIDSELEMENT('2GUP3S8Tr6kemArpKt_1FV',$,$,$,#5573,#6964);
#6999=IFCRELFILLSELEMENT('27Z75Pclb4_QI1iryRDSMj',$,$,$,#6964,#6940);
#7050=IFCCARTESIANPOINTLIST3D(((0.,0.,0.),(0.79648566246032715,0.,0.),(0.79648566246032715,0.,2.),(0.,0.,2.)));
#7051=IFCINDEXEDPOLYCURVE(#7050,(IFCLINEINDEX((1,2,3,4,1))),$);
#7052=IFCSHAPEREPRESENTATION(#18,'Profile','Curve3D',(#7051));
#7053=IFCCARTESIANPOINTLIST2D(((0.,0.),(0.,2.),(0.79648566246032715,2.),(0.79648566246032715,0.),(0.77148566208779812,0.),(0.77148566208779812,1.974999999627471),(0.02500000037252903,1.974999999627471),(0.02500000037252903,0.)));
#7054=IFCINDEXEDPOLYCURVE(#7053,(IFCLINEINDEX((1,2,3,4,5,6,7,8,1))),$);
#7055=IFCARBITRARYCLOSEDPROFILEDEF(.AREA.,$,#7054);
#7056=IFCCARTESIANPOINT((0.,0.02500000037252903,0.));
#7057=IFCDIRECTION((0.,-1.,0.));
#7058=IFCDIRECTION((1.,0.,0.));
#7059=IFCAXIS2PLACEMENT3D(#7056,#7057,#7058);
#7060=IFCDIRECTION((0.,0.,-1.));
#7061=IFCEXTRUDEDAREASOLID(#7055,#7059,#7060,0.02500000037252903);
#7062=IFCCARTESIANPOINTLIST2D(((0.,0.),(0.,2.),(0.79648566246032715,2.),(0.79648566246032715,0.),(0.74648566171526909,0.),(0.74648566171526909,1.9499999992549419),(0.05000000074505806,1.9499999992549419),(0.05000000074505806,0.)));
#7063=IFCINDEXEDPOLYCURVE(#7062,(IFCLINEINDEX((1,2,3,4,5,6,7,8,1))),$);
#7064=IFCARBITRARYCLOSEDPROFILEDEF(.AREA.,$,#7063);
#7065=IFCCARTESIANPOINT((0.,0.,0.));
#7066=IFCDIRECTION((0.,-1.,0.));
#7067=IFCDIRECTION((1.,0.,0.));
#7068=IFCAXIS2PLACEMENT3D(#7065,#7066,#7067);
#7069=IFCDIRECTION((0.,0.,-1.));
#7070=IFCEXTRUDEDAREASOLID(#7064,#7068,#7069,0.02500000037252903);
#7071=IFCCARTESIANPOINTLIST2D(((0.,0.),(0.69648566097021103,0.),(0.69648566097021103,0.10000000149011612),(0.,0.10000000149011612)));
#7072=IFCINDEXEDPOLYCURVE(#7071,(IFCLINEINDEX((1,2,3,4,1))),$);
#7073=IFCARBITRARYCLOSEDPROFILEDEF(.AREA.,$,#7072);
#7074=IFCCARTESIANPOINT((0.05000000074505806,0.,0.));
#7075=IFCDIRECTION((0.,0.,1.));
#7076=IFCDIRECTION((1.,0.,0.));
#7077=IFCAXIS2PLACEMENT3D(#7074,#7075,#7076);
#7078=IFCDIRECTION((0.,0.,1.));
#7079=IFCEXTRUDEDAREASOLID(#7073,#7077,#7078,0.02500000037252903);
#7080=IFCCARTESIANPOINTLIST2D(((0.,0.),(0.,2.0250000022351742),(0.84648566693067551,2.0250000022351742),(0.84648566693067551,0.),(0.77148566395044327,0.),(0.77148566395044327,1.9499999992549419),(0.075000002980232239,1.9499999992549419),(0.075000002980232239,0.)));
#7081=IFCINDEXEDPOLYCURVE(#7080,(IFCLINEINDEX((1,2,3,4,5,6,7,8,1))),$);
#7082=IFCARBITRARYCLOSEDPROFILEDEF(.AREA.,$,#7081);
#7083=IFCCARTESIANPOINT((-0.025000002235174179,-0.004999999888241291,0.));
#7084=IFCDIRECTION((0.,-1.,0.));
#7085=IFCDIRECTION((1.,0.,0.));
#7086=IFCAXIS2PLACEMENT3D(#7083,#7084,#7085);
#7087=IFCDIRECTION((0.,0.,-1.));
#7088=IFCEXTRUDEDAREASOLID(#7082,#7086,#7087,0.004999999888241291);
#7089=IFCCARTESIANPOINTLIST2D(((0.,0.),(0.,2.0250000022351742),(0.84648566693067551,2.0250000022351742),(0.84648566693067551,0.),(0.7964856643229723,0.),(0.7964856643229723,1.974999999627471),(0.050000002607703209,1.974999999627471),(0.050000002607703209,0.)));
#7090=IFCINDEXEDPOLYCURVE(#7089,(IFCLINEINDEX((1,2,3,4,5,6,7,8,1))),$);
#7091=IFCARBITRARYCLOSEDPROFILEDEF(.AREA.,$,#7090);
#7092=IFCCARTESIANPOINT((-0.025000002235174179,0.05000000074505806,0.));
#7093=IFCDIRECTION((0.,-1.,0.));
#7094=IFCDIRECTION((1.,0.,0.));
#7095=IFCAXIS2PLACEMENT3D(#7092,#7093,#7094);
#7096=IFCDIRECTION((0.,0.,-1.));
#7097=IFCEXTRUDEDAREASOLID(#7091,#7095,#7096,0.004999999888241291);
#7098=IFCCARTESIANPOINTLIST2D(((0.,0.),(0.74648566171526909,0.),(0.74648566171526909,0.035000000149011612),(0.,0.035000000149011612)));
#7099=IFCINDEXEDPOLYCURVE(#7098,(IFCLINEINDEX((1,2,3,4,1))),$);
#7100=IFCARBITRARYCLOSEDPROFILEDEF(.AREA.,$,#7099);
#7101=IFCCARTESIANPOINT((0.02500000037252903,0.02500000037252903,0.02500000037252903));
#7102=IFCDIRECTION((0.,0.,1.));
#7103=IFCDIRECTION((1.,0.,0.));
#7104=IFCAXIS2PLACEMENT3D(#7101,#7102,#7103);
#7105=IFCDIRECTION((0.,0.,1.));
#7106=IFCEXTRUDEDAREASOLID(#7100,#7104,#7105,1.9499999992549419);
#7107=IFCCARTESIANPOINTLIST2D(((0.,0.),(0.,-0.040000000000000001),(0.12,-0.040000000000000001),(0.12,-0.02),(0.02,-0.02),(0.02,0.)));
#7108=IFCINDEXEDPOLYCURVE(#7107,(IFCLINEINDEX((1,2,3,4,5,6,1))),$);
#7109=IFCARBITRARYCLOSEDPROFILEDEF(.AREA.,$,#7108);
#7110=IFCCARTESIANPOINT((0.075000000372529033,0.02500000037252903,1.015000000372529));
#7111=IFCDIRECTION((0.,0.,1.));
#7112=IFCDIRECTION((1.,0.,0.));
#7113=IFCAXIS2PLACEMENT3D(#7110,#7111,#7112);
#7114=IFCDIRECTION((0.,0.,1.));
#7115=IFCEXTRUDEDAREASOLID(#7109,#7113,#7114,0.02);
#7116=IFCEXTRUDEDAREASOLID(#7117,#7120,#7124,0.02);
#7117=IFCARBITRARYCLOSEDPROFILEDEF(.AREA.,$,#7118);
#7118=IFCINDEXEDPOLYCURVE(#7119,(IFCLINEINDEX((1,2,3,4,5,6,1))),$);
#7119=IFCCARTESIANPOINTLIST2D(((0.,0.),(0.,0.040000000000000008),(0.11999999999999998,0.040000000000000008),(0.11999999999999998,0.020000000000000004),(0.020000000000000004,0.020000000000000004),(0.020000000000000004,0.)));
#7120=IFCAXIS2PLACEMENT3D(#7121,#7122,#7123);
#7121=IFCCARTESIANPOINT((0.075000000372529033,0.060000000521540642,1.015000000372529));
#7122=IFCDIRECTION((0.,0.,1.));
#7123=IFCDIRECTION((1.,0.,0.));
#7124=IFCDIRECTION((0.,0.,1.));
#7125=IFCSHAPEREPRESENTATION(#11,'Body','SweptSolid',(#7061,#7070,#7106,#7115,#7116,#7079,#7088,#7097));
#7126=IFCSHAPEREPRESENTATION(#11,'Body','SweptSolid',(#7061,#7070,#7079,#7088,#7097));
#7127=IFCSHAPEASPECT((#7126),'Lining',$,.T.,#6949);
#7128=IFCSHAPEREPRESENTATION(#11,'Body','SweptSolid',(#7106,#7115,#7116));
#7129=IFCSHAPEASPECT((#7128),'Framing',$,.T.,#6949);
#7130=IFCCARTESIANPOINTLIST2D(((0.,0.),(0.,0.05000000074505806),(0.02500000037252903,0.05000000074505806),(0.02500000037252903,0.02500000037252903),(0.05000000074505806,0.02500000037252903),(0.05000000074505806,0.)));
#7131=IFCINDEXEDPOLYCURVE(#7130,(IFCLINEINDEX((1,2,3,4,5,6,1))),$);
#7132=IFCINDEXEDPOLYCURVE(#7133,(IFCLINEINDEX((1,2,3,4,5,6,1))),$);
#7133=IFCCARTESIANPOINTLIST2D(((0.79648566246032715,0.),(0.79648566246032715,0.05000000074505806),(0.77148566208779812,0.05000000074505806),(0.77148566208779812,0.02500000037252903),(0.74648566171526909,0.02500000037252903),(0.74648566171526909,0.)));
#7134=IFCDIRECTION((1.,0.));
#7135=IFCCARTESIANPOINT((0.73648566193878651,0.05000000074505806));
#7136=IFCAXIS2PLACEMENT2D(#7135,#7134);
#7137=IFCELLIPSE(#7136,0.71148566156625748,0.74648566171526909);
#7138=IFCCARTESIANPOINT((0.73648566193878651,0.79648566246032715));
#7139=IFCCARTESIANPOINT((0.02500000037252903,0.05000000074505806));
#7140=IFCTRIMMEDCURVE(#7137,(#7138),(#7139),.T.,.CARTESIAN.);
#7141=IFCCARTESIANPOINTLIST2D(((0.77148566208779812,0.05000000074505806),(0.73648566193878651,0.05000000074505806),(0.73648566193878651,0.79648566246032715),(0.77148566208779812,0.79648566246032715)));
#7142=IFCINDEXEDPOLYCURVE(#7141,(IFCLINEINDEX((1,2,3,4,1))),$);
#7143=IFCSHAPEREPRESENTATION(#24,'Body','Curve2D',(#7131,#7132,#7140,#7142));
#7144=IFCCARTESIANPOINTLIST2D(((0.,0.),(0.79648566246032715,0.),(0.79648566246032715,2.),(0.,2.)));
#7145=IFCINDEXEDPOLYCURVE(#7144,(IFCLINEINDEX((1,2,3,4,1))),$);
#7146=IFCARBITRARYCLOSEDPROFILEDEF(.AREA.,$,#7145);
#7147=IFCCARTESIANPOINT((0.,-0.60000002384185791,0.));
#7148=IFCDIRECTION((0.,-1.,0.));
#7149=IFCDIRECTION((1.,0.,0.));
#7150=IFCAXIS2PLACEMENT3D(#7147,#7148,#7149);
#7151=IFCDIRECTION((0.,0.,-1.));
#7152=IFCEXTRUDEDAREASOLID(#7146,#7150,#7151,1.2);
#7153=IFCSHAPEREPRESENTATION(#11,'Body','SweptSolid',(#7152));
#7159=IFCCARTESIANPOINT((1.015200631479428,0.085000511032372161,0.));
#7160=IFCDIRECTION((0.,0.,1.));
#7161=IFCDIRECTION((-0.99999999999999623,-8.7422790784325385E-08,0.));
#7162=IFCAXIS2PLACEMENT3D(#7159,#7160,#7161);
#7163=IFCLOCALPLACEMENT(#5615,#7162);
#7164=IFCCARTESIANPOINT((-6.6613381477509392E-16,0.,0.));
#7165=IFCDIRECTION((0.,0.,1.));
#7166=IFCDIRECTION((1.,-5.2939559203393771E-23,0.));
#7167=IFCAXIS2PLACEMENT3D(#7164,#7165,#7166);
#7168=IFCLOCALPLACEMENT(#7163,#7167);
#7169=IFCDOORTYPE('1RuegCWSr3OwV6nA2PYnnU',$,'2F-Bed room 2',$,$,(#7170),(#7172,#7180,#7258),$,$,.DOOR.,.SINGLE_SWING_LEFT.,$,$);
#7170=IFCPROPERTYSET('3lFfpD2jb5Txdj$HwcR3OL',$,'BBIM_Door',$,(#7171));
#7171=IFCPROPERTYSINGLEVALUE('Data',$,IFCTEXT('{"door_type": "SINGLE_SWING_RIGHT", "overall_height": 2.0, "overall_width": 0.9086636304855347, "lining_properties": {"lining_depth": 0.05000000074505806, "lining_thickness": 0.05000000074505806, "lining_offset": 0.0, "lining_to_panel_offset_x": 0.02500000037252903, "lining_to_panel_offset_y": 0.02500000037252903, "transom_thickness": 0.0, "casing_thickness": 0.07500000298023224, "casing_depth": 0.004999999888241291, "threshold_thickness": 0.02500000037252903, "threshold_depth": 0.10000000149011612, "threshold_offset": 0.0}, "panel_properties": {"panel_depth": 0.03500000014901161, "panel_width_ratio": 1.0}}'),$);
#7172=IFCREPRESENTATIONMAP(#7173,#7478);
#7173=IFCAXIS2PLACEMENT3D(#7174,#7175,#7176);
#7174=IFCCARTESIANPOINT((0.,0.,0.));
#7175=IFCDIRECTION((0.,0.,1.));
#7176=IFCDIRECTION((1.,0.,0.));
#7180=IFCREPRESENTATIONMAP(#7181,#7551);
#7181=IFCAXIS2PLACEMENT3D(#7182,#7183,#7184);
#7182=IFCCARTESIANPOINT((0.,0.,0.));
#7183=IFCDIRECTION((0.,0.,1.));
#7184=IFCDIRECTION((1.,0.,0.));
#7258=IFCREPRESENTATIONMAP(#7259,#7565);
#7259=IFCAXIS2PLACEMENT3D(#7260,#7261,#7262);
#7260=IFCCARTESIANPOINT((0.,0.,0.));
#7261=IFCDIRECTION((0.,0.,1.));
#7262=IFCDIRECTION((1.,0.,0.));
#7277=IFCDOOR('24_l2$gXfB4xLTJgNAcOuM',$,'Door',$,$,#7590,#7286,$,2.,0.90866363048553467,$,.SINGLE_SWING_RIGHT.,$);
#7278=IFCRELDEFINESBYTYPE('1m1LBxDbLCHRoh_FnVdRDI',$,$,$,(#7277),#7169);
#7279=IFCCARTESIANPOINT((0.,0.,0.));
#7280=IFCDIRECTION((1.,0.,0.));
#7281=IFCDIRECTION((0.,1.,0.));
#7282=IFCDIRECTION((0.,0.,1.));
#7283=IFCCARTESIANTRANSFORMATIONOPERATOR3D(#7280,#7281,#7279,1.,#7282);
#7284=IFCMAPPEDITEM(#7172,#7283);
#7285=IFCSHAPEREPRESENTATION(#18,'Profile','MappedRepresentation',(#7284));
#7286=IFCPRODUCTDEFINITIONSHAPE($,$,(#7285,#7293,#7300));
#7287=IFCCARTESIANPOINT((0.,0.,0.));
#7288=IFCDIRECTION((1.,0.,0.));
#7289=IFCDIRECTION((0.,1.,0.));
#7290=IFCDIRECTION((0.,0.,1.));
#7291=IFCCARTESIANTRANSFORMATIONOPERATOR3D(#7288,#7289,#7287,1.,#7290);
#7292=IFCMAPPEDITEM(#7180,#7291);
#7293=IFCSHAPEREPRESENTATION(#11,'Body','MappedRepresentation',(#7292));
#7294=IFCCARTESIANPOINT((0.,0.,0.));
#7295=IFCDIRECTION((1.,0.,0.));
#7296=IFCDIRECTION((0.,1.,0.));
#7297=IFCDIRECTION((0.,0.,1.));
#7298=IFCCARTESIANTRANSFORMATIONOPERATOR3D(#7295,#7296,#7294,1.,#7297);
#7299=IFCMAPPEDITEM(#7258,#7298);
#7300=IFCSHAPEREPRESENTATION(#24,'Body','MappedRepresentation',(#7299));
#7301=IFCOPENINGELEMENT('2FF33sxSTFLOraHoGxfaYs',$,'Opening',$,$,#7585,#7329,$,.OPENING.);
#7317=IFCCARTESIANPOINT((0.,0.,0.));
#7318=IFCDIRECTION((1.,0.,0.));
#7319=IFCDIRECTION((0.,0.,1.));
#7320=IFCAXIS2PLACEMENT3D(#7317,#7319,#7318);
#7321=IFCREPRESENTATIONMAP(#7320,#7575);
#7322=IFCCARTESIANPOINT((0.,0.,0.));
#7323=IFCDIRECTION((1.,0.,0.));
#7324=IFCDIRECTION((0.,1.,0.));
#7325=IFCDIRECTION((0.,0.,1.));
#7326=IFCCARTESIANTRANSFORMATIONOPERATOR3D(#7323,#7324,#7322,1.,#7325);
#7327=IFCMAPPEDITEM(#7321,#7326);
#7328=IFCSHAPEREPRESENTATION(#11,'Body','MappedRepresentation',(#7327));
#7329=IFCPRODUCTDEFINITIONSHAPE($,$,(#7328));
#7330=IFCRELVOIDSELEMENT('0cdTZllQjCaf1SllHOcYgy',$,$,$,#5986,#7301);
#7336=IFCRELFILLSELEMENT('2vSDxxmnn0g9zlesfdXLwq',$,$,$,#7301,#7277);
#7345=IFCCARTESIANPOINTLIST2D(((0.,0.),(0.,2.),(0.90866363048553467,2.),(0.90866363048553467,0.),(0.88366363011300564,0.),(0.88366363011300564,1.974999999627471),(0.02500000037252903,1.974999999627471),(0.02500000037252903,0.)));
#7346=IFCINDEXEDPOLYCURVE(#7345,(IFCLINEINDEX((1,2,3,4,5,6,7,8,1))),$);
#7347=IFCARBITRARYCLOSEDPROFILEDEF(.AREA.,$,#7346);
#7348=IFCCARTESIANPOINT((0.,0.02500000037252903,0.));
#7349=IFCDIRECTION((0.,-1.,0.));
#7350=IFCDIRECTION((1.,0.,0.));
#7351=IFCAXIS2PLACEMENT3D(#7348,#7349,#7350);
#7352=IFCDIRECTION((0.,0.,-1.));
#7353=IFCEXTRUDEDAREASOLID(#7347,#7351,#7352,0.02500000037252903);
#7354=IFCCARTESIANPOINTLIST2D(((0.,0.),(0.,2.),(0.90866363048553467,2.),(0.90866363048553467,0.),(0.85866362974047661,0.),(0.85866362974047661,1.9499999992549419),(0.05000000074505806,1.9499999992549419),(0.05000000074505806,0.)));
#7355=IFCINDEXEDPOLYCURVE(#7354,(IFCLINEINDEX((1,2,3,4,5,6,7,8,1))),$);
#7356=IFCARBITRARYCLOSEDPROFILEDEF(.AREA.,$,#7355);
#7357=IFCCARTESIANPOINT((0.,0.,0.));
#7358=IFCDIRECTION((0.,-1.,0.));
#7359=IFCDIRECTION((1.,0.,0.));
#7360=IFCAXIS2PLACEMENT3D(#7357,#7358,#7359);
#7361=IFCDIRECTION((0.,0.,-1.));
#7362=IFCEXTRUDEDAREASOLID(#7356,#7360,#7361,0.02500000037252903);
#7363=IFCCARTESIANPOINTLIST2D(((0.,0.),(0.80866362899541855,0.),(0.80866362899541855,0.10000000149011612),(0.,0.10000000149011612)));
#7364=IFCINDEXEDPOLYCURVE(#7363,(IFCLINEINDEX((1,2,3,4,1))),$);
#7365=IFCARBITRARYCLOSEDPROFILEDEF(.AREA.,$,#7364);
#7366=IFCCARTESIANPOINT((0.05000000074505806,0.,0.));
#7367=IFCDIRECTION((0.,0.,1.));
#7368=IFCDIRECTION((1.,0.,0.));
#7369=IFCAXIS2PLACEMENT3D(#7366,#7367,#7368);
#7370=IFCDIRECTION((0.,0.,1.));
#7371=IFCEXTRUDEDAREASOLID(#7365,#7369,#7370,0.02500000037252903);
#7372=IFCCARTESIANPOINTLIST2D(((0.,0.),(0.,2.0250000022351742),(0.95866363495588303,2.0250000022351742),(0.95866363495588303,0.),(0.88366363197565079,0.),(0.88366363197565079,1.9499999992549419),(0.075000002980232239,1.9499999992549419),(0.075000002980232239,0.)));
#7373=IFCINDEXEDPOLYCURVE(#7372,(IFCLINEINDEX((1,2,3,4,5,6,7,8,1))),$);
#7374=IFCARBITRARYCLOSEDPROFILEDEF(.AREA.,$,#7373);
#7375=IFCCARTESIANPOINT((-0.025000002235174179,-0.004999999888241291,0.));
#7376=IFCDIRECTION((0.,-1.,0.));
#7377=IFCDIRECTION((1.,0.,0.));
#7378=IFCAXIS2PLACEMENT3D(#7375,#7376,#7377);
#7379=IFCDIRECTION((0.,0.,-1.));
#7380=IFCEXTRUDEDAREASOLID(#7374,#7378,#7379,0.004999999888241291);
#7381=IFCCARTESIANPOINTLIST2D(((0.,0.),(0.,2.0250000022351742),(0.95866363495588303,2.0250000022351742),(0.95866363495588303,0.),(0.90866363234817982,0.),(0.90866363234817982,1.974999999627471),(0.050000002607703209,1.974999999627471),(0.050000002607703209,0.)));
#7382=IFCINDEXEDPOLYCURVE(#7381,(IFCLINEINDEX((1,2,3,4,5,6,7,8,1))),$);
#7383=IFCARBITRARYCLOSEDPROFILEDEF(.AREA.,$,#7382);
#7384=IFCCARTESIANPOINT((-0.025000002235174179,0.05000000074505806,0.));
#7385=IFCDIRECTION((0.,-1.,0.));
#7386=IFCDIRECTION((1.,0.,0.));
#7387=IFCAXIS2PLACEMENT3D(#7384,#7385,#7386);
#7388=IFCDIRECTION((0.,0.,-1.));
#7389=IFCEXTRUDEDAREASOLID(#7383,#7387,#7388,0.004999999888241291);
#7390=IFCCARTESIANPOINTLIST2D(((0.,0.),(0.85866362974047661,0.),(0.85866362974047661,0.035000000149011612),(0.,0.035000000149011612)));
#7391=IFCINDEXEDPOLYCURVE(#7390,(IFCLINEINDEX((1,2,3,4,1))),$);
#7392=IFCARBITRARYCLOSEDPROFILEDEF(.AREA.,$,#7391);
#7393=IFCCARTESIANPOINT((0.02500000037252903,0.02500000037252903,0.02500000037252903));
#7394=IFCDIRECTION((0.,0.,1.));
#7395=IFCDIRECTION((1.,0.,0.));
#7396=IFCAXIS2PLACEMENT3D(#7393,#7394,#7395);
#7397=IFCDIRECTION((0.,0.,1.));
#7398=IFCEXTRUDEDAREASOLID(#7392,#7396,#7397,1.9499999992549419);
#7399=IFCCARTESIANPOINTLIST2D(((0.,0.),(0.,-0.040000000000000001),(0.12,-0.040000000000000001),(0.12,-0.02),(0.02,-0.02),(0.02,0.)));
#7400=IFCINDEXEDPOLYCURVE(#7399,(IFCLINEINDEX((1,2,3,4,5,6,1))),$);
#7401=IFCARBITRARYCLOSEDPROFILEDEF(.AREA.,$,#7400);
#7402=IFCCARTESIANPOINT((0.075000000372529033,0.02500000037252903,1.015000000372529));
#7403=IFCDIRECTION((0.,0.,1.));
#7404=IFCDIRECTION((1.,0.,0.));
#7405=IFCAXIS2PLACEMENT3D(#7402,#7403,#7404);
#7406=IFCDIRECTION((0.,0.,1.));
#7407=IFCEXTRUDEDAREASOLID(#7401,#7405,#7406,0.02);
#7408=IFCEXTRUDEDAREASOLID(#7409,#7412,#7416,0.02);
#7409=IFCARBITRARYCLOSEDPROFILEDEF(.AREA.,$,#7410);
#7410=IFCINDEXEDPOLYCURVE(#7411,(IFCLINEINDEX((1,2,3,4,5,6,1))),$);
#7411=IFCCARTESIANPOINTLIST2D(((0.,0.),(0.,0.040000000000000008),(0.11999999999999998,0.040000000000000008),(0.11999999999999998,0.020000000000000004),(0.020000000000000004,0.020000000000000004),(0.020000000000000004,0.)));
#7412=IFCAXIS2PLACEMENT3D(#7413,#7414,#7415);
#7413=IFCCARTESIANPOINT((0.075000000372529033,0.060000000521540642,1.015000000372529));
#7414=IFCDIRECTION((0.,0.,1.));
#7415=IFCDIRECTION((1.,0.,0.));
#7416=IFCDIRECTION((0.,0.,1.));
#7418=IFCSHAPEREPRESENTATION(#11,'Body','SweptSolid',(#7505,#7371,#7496,#7389,#7362,#7487,#7523,#7380,#7353,#7514));
#7419=IFCSHAPEASPECT((#7418),'Lining',$,.T.,#7286);
#7420=IFCSHAPEREPRESENTATION(#11,'Body','SweptSolid',(#7408,#7398,#7542,#7532,#7541,#7407));
#7421=IFCSHAPEASPECT((#7420),'Framing',$,.T.,#7286);
#7476=IFCCARTESIANPOINTLIST3D(((0.,0.,0.),(0.90866363048553467,0.,0.),(0.90866363048553467,0.,2.),(0.,0.,2.)));
#7477=IFCINDEXEDPOLYCURVE(#7476,(IFCLINEINDEX((1,2,3,4,1))),$);
#7478=IFCSHAPEREPRESENTATION(#18,'Profile','Curve3D',(#7477));
#7479=IFCCARTESIANPOINTLIST2D(((0.,0.),(0.,2.),(0.90866363048553467,2.),(0.90866363048553467,0.),(0.88366363011300564,0.),(0.88366363011300564,1.974999999627471),(0.02500000037252903,1.974999999627471),(0.02500000037252903,0.)));
#7480=IFCINDEXEDPOLYCURVE(#7479,(IFCLINEINDEX((1,2,3,4,5,6,7,8,1))),$);
#7481=IFCARBITRARYCLOSEDPROFILEDEF(.AREA.,$,#7480);
#7482=IFCCARTESIANPOINT((0.,0.02500000037252903,0.));
#7483=IFCDIRECTION((0.,-1.,0.));
#7484=IFCDIRECTION((1.,0.,0.));
#7485=IFCAXIS2PLACEMENT3D(#7482,#7483,#7484);
#7486=IFCDIRECTION((0.,0.,-1.));
#7487=IFCEXTRUDEDAREASOLID(#7481,#7485,#7486,0.02500000037252903);
#7488=IFCCARTESIANPOINTLIST2D(((0.,0.),(0.,2.),(0.90866363048553467,2.),(0.90866363048553467,0.),(0.85866362974047661,0.),(0.85866362974047661,1.9499999992549419),(0.05000000074505806,1.9499999992549419),(0.05000000074505806,0.)));
#7489=IFCINDEXEDPOLYCURVE(#7488,(IFCLINEINDEX((1,2,3,4,5,6,7,8,1))),$);
#7490=IFCARBITRARYCLOSEDPROFILEDEF(.AREA.,$,#7489);
#7491=IFCCARTESIANPOINT((0.,0.,0.));
#7492=IFCDIRECTION((0.,-1.,0.));
#7493=IFCDIRECTION((1.,0.,0.));
#7494=IFCAXIS2PLACEMENT3D(#7491,#7492,#7493);
#7495=IFCDIRECTION((0.,0.,-1.));
#7496=IFCEXTRUDEDAREASOLID(#7490,#7494,#7495,0.02500000037252903);
#7497=IFCCARTESIANPOINTLIST2D(((0.,0.),(0.80866362899541855,0.),(0.80866362899541855,0.10000000149011612),(0.,0.10000000149011612)));
#7498=IFCINDEXEDPOLYCURVE(#7497,(IFCLINEINDEX((1,2,3,4,1))),$);
#7499=IFCARBITRARYCLOSEDPROFILEDEF(.AREA.,$,#7498);
#7500=IFCCARTESIANPOINT((0.05000000074505806,0.,0.));
#7501=IFCDIRECTION((0.,0.,1.));
#7502=IFCDIRECTION((1.,0.,0.));
#7503=IFCAXIS2PLACEMENT3D(#7500,#7501,#7502);
#7504=IFCDIRECTION((0.,0.,1.));
#7505=IFCEXTRUDEDAREASOLID(#7499,#7503,#7504,0.02500000037252903);
#7506=IFCCARTESIANPOINTLIST2D(((0.,0.),(0.,2.0250000022351742),(0.95866363495588303,2.0250000022351742),(0.95866363495588303,0.),(0.88366363197565079,0.),(0.88366363197565079,1.9499999992549419),(0.075000002980232239,1.9499999992549419),(0.075000002980232239,0.)));
#7507=IFCINDEXEDPOLYCURVE(#7506,(IFCLINEINDEX((1,2,3,4,5,6,7,8,1))),$);
#7508=IFCARBITRARYCLOSEDPROFILEDEF(.AREA.,$,#7507);
#7509=IFCCARTESIANPOINT((-0.025000002235174179,-0.004999999888241291,0.));
#7510=IFCDIRECTION((0.,-1.,0.));
#7511=IFCDIRECTION((1.,0.,0.));
#7512=IFCAXIS2PLACEMENT3D(#7509,#7510,#7511);
#7513=IFCDIRECTION((0.,0.,-1.));
#7514=IFCEXTRUDEDAREASOLID(#7508,#7512,#7513,0.004999999888241291);
#7515=IFCCARTESIANPOINTLIST2D(((0.,0.),(0.,2.0250000022351742),(0.95866363495588303,2.0250000022351742),(0.95866363495588303,0.),(0.90866363234817982,0.),(0.90866363234817982,1.974999999627471),(0.050000002607703209,1.974999999627471),(0.050000002607703209,0.)));
#7516=IFCINDEXEDPOLYCURVE(#7515,(IFCLINEINDEX((1,2,3,4,5,6,7,8,1))),$);
#7517=IFCARBITRARYCLOSEDPROFILEDEF(.AREA.,$,#7516);
#7518=IFCCARTESIANPOINT((-0.025000002235174179,0.05000000074505806,0.));
#7519=IFCDIRECTION((0.,-1.,0.));
#7520=IFCDIRECTION((1.,0.,0.));
#7521=IFCAXIS2PLACEMENT3D(#7518,#7519,#7520);
#7522=IFCDIRECTION((0.,0.,-1.));
#7523=IFCEXTRUDEDAREASOLID(#7517,#7521,#7522,0.004999999888241291);
#7524=IFCCARTESIANPOINTLIST2D(((0.,0.),(0.85866362974047661,0.),(0.85866362974047661,0.035000000149011612),(0.,0.035000000149011612)));
#7525=IFCINDEXEDPOLYCURVE(#7524,(IFCLINEINDEX((1,2,3,4,1))),$);
#7526=IFCARBITRARYCLOSEDPROFILEDEF(.AREA.,$,#7525);
#7527=IFCCARTESIANPOINT((0.02500000037252903,0.02500000037252903,0.02500000037252903));
#7528=IFCDIRECTION((0.,0.,1.));
#7529=IFCDIRECTION((1.,0.,0.));
#7530=IFCAXIS2PLACEMENT3D(#7527,#7528,#7529);
#7531=IFCDIRECTION((0.,0.,1.));
#7532=IFCEXTRUDEDAREASOLID(#7526,#7530,#7531,1.9499999992549419);
#7533=IFCCARTESIANPOINTLIST2D(((0.,0.),(0.,-0.040000000000000001),(0.12,-0.040000000000000001),(0.12,-0.02),(0.02,-0.02),(0.02,0.)));
#7534=IFCINDEXEDPOLYCURVE(#7533,(IFCLINEINDEX((1,2,3,4,5,6,1))),$);
#7535=IFCARBITRARYCLOSEDPROFILEDEF(.AREA.,$,#7534);
#7536=IFCCARTESIANPOINT((0.075000000372529033,0.02500000037252903,1.015000000372529));
#7537=IFCDIRECTION((0.,0.,1.));
#7538=IFCDIRECTION((1.,0.,0.));
#7539=IFCAXIS2PLACEMENT3D(#7536,#7537,#7538);
#7540=IFCDIRECTION((0.,0.,1.));
#7541=IFCEXTRUDEDAREASOLID(#7535,#7539,#7540,0.02);
#7542=IFCEXTRUDEDAREASOLID(#7543,#7546,#7550,0.02);
#7543=IFCARBITRARYCLOSEDPROFILEDEF(.AREA.,$,#7544);
#7544=IFCINDEXEDPOLYCURVE(#7545,(IFCLINEINDEX((1,2,3,4,5,6,1))),$);
#7545=IFCCARTESIANPOINTLIST2D(((0.,0.),(0.,0.040000000000000008),(0.11999999999999998,0.040000000000000008),(0.11999999999999998,0.020000000000000004),(0.020000000000000004,0.020000000000000004),(0.020000000000000004,0.)));
#7546=IFCAXIS2PLACEMENT3D(#7547,#7548,#7549);
#7547=IFCCARTESIANPOINT((0.075000000372529033,0.060000000521540642,1.015000000372529));
#7548=IFCDIRECTION((0.,0.,1.));
#7549=IFCDIRECTION((1.,0.,0.));
#7550=IFCDIRECTION((0.,0.,1.));
#7551=IFCSHAPEREPRESENTATION(#11,'Body','SweptSolid',(#7487,#7496,#7532,#7541,#7542,#7505,#7514,#7523));
#7552=IFCCARTESIANPOINTLIST2D(((0.,0.),(0.,0.05000000074505806),(0.02500000037252903,0.05000000074505806),(0.02500000037252903,0.02500000037252903),(0.05000000074505806,0.02500000037252903),(0.05000000074505806,0.)));
#7553=IFCINDEXEDPOLYCURVE(#7552,(IFCLINEINDEX((1,2,3,4,5,6,1))),$);
#7554=IFCINDEXEDPOLYCURVE(#7555,(IFCLINEINDEX((1,2,3,4,5,6,1))),$);
#7555=IFCCARTESIANPOINTLIST2D(((0.90866363048553467,0.),(0.90866363048553467,0.05000000074505806),(0.88366363011300564,0.05000000074505806),(0.88366363011300564,0.02500000037252903),(0.85866362974047661,0.02500000037252903),(0.85866362974047661,0.)));
#7556=IFCDIRECTION((1.,0.));
#7557=IFCCARTESIANPOINT((0.84866362996399403,0.05000000074505806));
#7558=IFCAXIS2PLACEMENT2D(#7557,#7556);
#7559=IFCELLIPSE(#7558,0.823663629591465,0.85866362974047661);
#7560=IFCCARTESIANPOINT((0.84866362996399403,0.90866363048553467));
#7561=IFCCARTESIANPOINT((0.02500000037252903,0.05000000074505806));
#7562=IFCTRIMMEDCURVE(#7559,(#7560),(#7561),.T.,.CARTESIAN.);
#7563=IFCCARTESIANPOINTLIST2D(((0.88366363011300564,0.05000000074505806),(0.84866362996399403,0.05000000074505806),(0.84866362996399403,0.90866363048553467),(0.88366363011300564,0.90866363048553467)));
#7564=IFCINDEXEDPOLYCURVE(#7563,(IFCLINEINDEX((1,2,3,4,1))),$);
#7565=IFCSHAPEREPRESENTATION(#24,'Body','Curve2D',(#7553,#7554,#7562,#7564));
#7566=IFCCARTESIANPOINTLIST2D(((0.,0.),(0.90866363048553467,0.),(0.90866363048553467,2.),(0.,2.)));
#7567=IFCINDEXEDPOLYCURVE(#7566,(IFCLINEINDEX((1,2,3,4,1))),$);
#7568=IFCARBITRARYCLOSEDPROFILEDEF(.AREA.,$,#7567);
#7569=IFCCARTESIANPOINT((0.,-0.60000002384185791,0.));
#7570=IFCDIRECTION((0.,-1.,0.));
#7571=IFCDIRECTION((1.,0.,0.));
#7572=IFCAXIS2PLACEMENT3D(#7569,#7570,#7571);
#7573=IFCDIRECTION((0.,0.,-1.));
#7574=IFCEXTRUDEDAREASOLID(#7568,#7572,#7573,1.2);
#7575=IFCSHAPEREPRESENTATION(#11,'Body','SweptSolid',(#7574));
#7581=IFCCARTESIANPOINT((1.1671396471660629,0.084998995065689087,0.));
#7582=IFCDIRECTION((0.,0.,1.));
#7583=IFCDIRECTION((-0.99999999999980305,6.2783294652023326E-07,0.));
#7584=IFCAXIS2PLACEMENT3D(#7581,#7582,#7583);
#7585=IFCLOCALPLACEMENT(#6047,#7584);
#7586=IFCCARTESIANPOINT((0.,0.,0.));
#7587=IFCDIRECTION((0.,0.,1.));
#7588=IFCDIRECTION((1.,0.,0.));
#7589=IFCAXIS2PLACEMENT3D(#7586,#7587,#7588);
#7590=IFCLOCALPLACEMENT(#7585,#7589);
#7592=IFCCARTESIANPOINTLIST2D(((0.,0.),(0.099999980529283536,0.10000000000000001),(1.7011072261779281,0.10000000000000001),(1.6011072098858581,0.)));
#7593=IFCINDEXEDPOLYCURVE(#7592,(IFCLINEINDEX((1,2,3,4,1))),$);
#7594=IFCARBITRARYCLOSEDPROFILEDEF(.AREA.,$,#7593);
#7595=IFCCARTESIANPOINT((0.,0.,0.));
#7596=IFCDIRECTION((0.,0.,1.));
#7597=IFCDIRECTION((1.,0.,0.));
#7598=IFCAXIS2PLACEMENT3D(#7595,#7596,#7597);
#7599=IFCDIRECTION((0.,0.,1.));
#7600=IFCEXTRUDEDAREASOLID(#7594,#7598,#7599,3.);
#7601=IFCSHAPEREPRESENTATION(#11,'Body','SweptSolid',(#7600));
#7602=IFCCARTESIANPOINTLIST2D(((0.,0.),(1.6011072098858581,0.)));
#7603=IFCINDEXEDPOLYCURVE(#7602,$,$);
#7604=IFCSHAPEREPRESENTATION(#23,'Axis','Curve2D',(#7603));
#7618=IFCRELCONNECTSPATHELEMENTS('0KdWDqQx9BAOUQyxjr_LH6',$,$,$,$,#4354,#4379,(),(),.ATSTART.,.ATEND.);
#7619=IFCCARTESIANPOINTLIST2D(((0.,0.),(0.1000000464912377,0.10000000000000001),(7.0600745282819846,0.10000000000000001),(7.1600007335723266,0.)));
#7620=IFCINDEXEDPOLYCURVE(#7619,(IFCLINEINDEX((1,2,3,4,1))),$);
#7621=IFCARBITRARYCLOSEDPROFILEDEF(.AREA.,$,#7620);
#7622=IFCCARTESIANPOINT((0.,0.,0.));
#7623=IFCDIRECTION((0.,0.,1.));
#7624=IFCDIRECTION((1.,0.,0.));
#7625=IFCAXIS2PLACEMENT3D(#7622,#7623,#7624);
#7626=IFCDIRECTION((0.,0.,1.));
#7627=IFCEXTRUDEDAREASOLID(#7621,#7625,#7626,3.);
#7628=IFCSHAPEREPRESENTATION(#11,'Body','SweptSolid',(#7627));
#7629=IFCCARTESIANPOINTLIST2D(((0.,0.),(7.1600007335723266,0.)));
#7630=IFCINDEXEDPOLYCURVE(#7629,$,$);
#7631=IFCSHAPEREPRESENTATION(#23,'Axis','Curve2D',(#7630));
#7645=IFCRELCONNECTSPATHELEMENTS('1VSQwg3Sv39vMDoiTOjI2g',$,$,$,$,#4737,#4278,(),(),.ATSTART.,.ATEND.);
#7646=IFCCARTESIANPOINTLIST2D(((0.,0.),(0.099999992450210157,0.10000000000000001),(9.4953130741215084,0.10000000000000001),(9.5953130729290201,0.)));
#7647=IFCINDEXEDPOLYCURVE(#7646,(IFCLINEINDEX((1,2,3,4,1))),$);
#7648=IFCARBITRARYCLOSEDPROFILEDEF(.AREA.,$,#7647);
#7649=IFCCARTESIANPOINT((0.,0.,0.));
#7650=IFCDIRECTION((0.,0.,1.));
#7651=IFCDIRECTION((1.,0.,0.));
#7652=IFCAXIS2PLACEMENT3D(#7649,#7650,#7651);
#7653=IFCDIRECTION((0.,0.,1.));
#7654=IFCEXTRUDEDAREASOLID(#7648,#7652,#7653,3.);
#7655=IFCSHAPEREPRESENTATION(#11,'Body','SweptSolid',(#7654));
#7656=IFCCARTESIANPOINTLIST2D(((0.,0.),(9.5953130729290201,0.)));
#7657=IFCINDEXEDPOLYCURVE(#7656,$,$);
#7658=IFCSHAPEREPRESENTATION(#23,'Axis','Curve2D',(#7657));
#7659=IFCCARTESIANPOINTLIST2D(((0.,0.),(0.09999999880751248,0.10000000000000001),(3.8717137742350283,0.10000000000000001),(3.9717137905270974,0.)));
#7660=IFCINDEXEDPOLYCURVE(#7659,(IFCLINEINDEX((1,2,3,4,1))),$);
#7661=IFCARBITRARYCLOSEDPROFILEDEF(.AREA.,$,#7660);
#7662=IFCCARTESIANPOINT((0.,0.,0.));
#7663=IFCDIRECTION((0.,0.,1.));
#7664=IFCDIRECTION((1.,0.,0.));
#7665=IFCAXIS2PLACEMENT3D(#7662,#7663,#7664);
#7666=IFCDIRECTION((0.,0.,1.));
#7667=IFCEXTRUDEDAREASOLID(#7661,#7665,#7666,3.);
#7668=IFCSHAPEREPRESENTATION(#11,'Body','SweptSolid',(#7667));
#7669=IFCCARTESIANPOINTLIST2D(((0.,0.),(3.9717137905270974,0.)));
#7670=IFCINDEXEDPOLYCURVE(#7669,$,$);
#7671=IFCSHAPEREPRESENTATION(#23,'Axis','Curve2D',(#7670));
#7672=IFCCARTESIANPOINT((4.2183191867978076,6.5098943717571203,0.));
#7673=IFCDIRECTION((0.,0.,1.));
#7674=IFCDIRECTION((-0.99999999999999623,8.7422776573475527E-08,0.));
#7675=IFCAXIS2PLACEMENT3D(#7672,#7673,#7674);
#7676=IFCLOCALPLACEMENT(#106,#7675);
#7677=IFCDOORTYPE('3nr$EMCSf3W9ury7WVguDP',$,'2F - Masters Bedroom 2',$,$,(#7678),(#7680,#7688,#7757,#7769),$,$,.DOOR.,.SINGLE_SWING_LEFT.,$,$);
#7678=IFCPROPERTYSET('0r6WooKyz0DRnWHnlIroOm',$,'BBIM_Door',$,(#7679));
#7679=IFCPROPERTYSINGLEVALUE('Data',$,IFCTEXT('{"door_type": "SLIDING_TO_RIGHT", "overall_height": 2.0, "overall_width": 2.832836151123047, "lining_properties": {"lining_depth": 0.05000000074505806, "lining_thickness": 0.05000000074505806, "lining_offset": 0.0, "transom_thickness": 0.0, "casing_thickness": 0.07500000298023224, "casing_depth": 0.004999999888241291, "threshold_thickness": 0.02500000037252903, "threshold_depth": 0.10000000149011612, "threshold_offset": 0.0}, "panel_properties": {"panel_depth": 0.03500000014901161, "panel_width_ratio": 1.0}}'),$);
#7680=IFCREPRESENTATIONMAP(#7681,#15106);
#7681=IFCAXIS2PLACEMENT3D(#7682,#7683,#7684);
#7682=IFCCARTESIANPOINT((0.,0.,0.));
#7683=IFCDIRECTION((0.,0.,1.));
#7684=IFCDIRECTION((1.,0.,0.));
#7688=IFCREPRESENTATIONMAP(#7689,#15170);
#7689=IFCAXIS2PLACEMENT3D(#7690,#7691,#7692);
#7690=IFCCARTESIANPOINT((0.,0.,0.));
#7691=IFCDIRECTION((0.,0.,1.));
#7692=IFCDIRECTION((1.,0.,0.));
#7757=IFCREPRESENTATIONMAP(#7758,#15177);
#7758=IFCAXIS2PLACEMENT3D(#7759,#7760,#7761);
#7759=IFCCARTESIANPOINT((0.,0.,0.));
#7760=IFCDIRECTION((0.,0.,1.));
#7761=IFCDIRECTION((1.,0.,0.));
#7769=IFCREPRESENTATIONMAP(#7770,#15182);
#7770=IFCAXIS2PLACEMENT3D(#7771,#7772,#7773);
#7771=IFCCARTESIANPOINT((0.,0.,0.));
#7772=IFCDIRECTION((0.,0.,1.));
#7773=IFCDIRECTION((1.,0.,0.));
#7779=IFCDOOR('2Rae0ny0552BGS$IXG$Ndt',$,'Door',$,$,#15207,#7788,$,2.,2.8328361511230469,$,.SLIDING_TO_RIGHT.,$);
#7780=IFCRELDEFINESBYTYPE('3EGDyaFsT12R5y9XPpURzG',$,$,$,(#7779),#7677);
#7781=IFCCARTESIANPOINT((0.,0.,0.));
#7782=IFCDIRECTION((1.,0.,0.));
#7783=IFCDIRECTION((0.,1.,0.));
#7784=IFCDIRECTION((0.,0.,1.));
#7785=IFCCARTESIANTRANSFORMATIONOPERATOR3D(#7782,#7783,#7781,1.,#7784);
#7786=IFCMAPPEDITEM(#7680,#7785);
#7787=IFCSHAPEREPRESENTATION(#18,'Profile','MappedRepresentation',(#7786));
#7788=IFCPRODUCTDEFINITIONSHAPE($,$,(#7787,#7795,#7802,#7809));
#7789=IFCCARTESIANPOINT((0.,0.,0.));
#7790=IFCDIRECTION((1.,0.,0.));
#7791=IFCDIRECTION((0.,1.,0.));
#7792=IFCDIRECTION((0.,0.,1.));
#7793=IFCCARTESIANTRANSFORMATIONOPERATOR3D(#7790,#7791,#7789,1.,#7792);
#7794=IFCMAPPEDITEM(#7688,#7793);
#7795=IFCSHAPEREPRESENTATION(#11,'Body','MappedRepresentation',(#7794));
#7796=IFCCARTESIANPOINT((0.,0.,0.));
#7797=IFCDIRECTION((1.,0.,0.));
#7798=IFCDIRECTION((0.,1.,0.));
#7799=IFCDIRECTION((0.,0.,1.));
#7800=IFCCARTESIANTRANSFORMATIONOPERATOR3D(#7797,#7798,#7796,1.,#7799);
#7801=IFCMAPPEDITEM(#7757,#7800);
#7802=IFCSHAPEREPRESENTATION(#24,'Body','MappedRepresentation',(#7801));
#7803=IFCCARTESIANPOINT((0.,0.,0.));
#7804=IFCDIRECTION((1.,0.,0.));
#7805=IFCDIRECTION((0.,1.,0.));
#7806=IFCDIRECTION((0.,0.,1.));
#7807=IFCCARTESIANTRANSFORMATIONOPERATOR3D(#7804,#7805,#7803,1.,#7806);
#7808=IFCMAPPEDITEM(#7769,#7807);
#7809=IFCSHAPEREPRESENTATION(#25,'Annotation','MappedRepresentation',(#7808));
#7810=IFCOPENINGELEMENT('1a_KGzdJz1hBD1SdignK2o',$,'Opening',$,$,#15202,#7838,$,.OPENING.);
#7826=IFCCARTESIANPOINT((0.,0.,0.));
#7827=IFCDIRECTION((1.,0.,0.));
#7828=IFCDIRECTION((0.,0.,1.));
#7829=IFCAXIS2PLACEMENT3D(#7826,#7828,#7827);
#7830=IFCREPRESENTATIONMAP(#7829,#15192);
#7831=IFCCARTESIANPOINT((0.,0.,0.));
#7832=IFCDIRECTION((1.,0.,0.));
#7833=IFCDIRECTION((0.,1.,0.));
#7834=IFCDIRECTION((0.,0.,1.));
#7835=IFCCARTESIANTRANSFORMATIONOPERATOR3D(#7832,#7833,#7831,1.,#7834);
#7836=IFCMAPPEDITEM(#7830,#7835);
#7837=IFCSHAPEREPRESENTATION(#11,'Body','MappedRepresentation',(#7836));
#7838=IFCPRODUCTDEFINITIONSHAPE($,$,(#7837));
#7839=IFCRELVOIDSELEMENT('2YQJnnaI5829jTN96zx3l9',$,$,$,#4379,#7810);
#7845=IFCRELFILLSELEMENT('3opWQJsn16eu42dxWeopfd',$,$,$,#7810,#7779);
#7854=IFCCARTESIANPOINTLIST2D(((0.,0.),(0.,2.),(2.0365726947784424,2.),(2.0365726947784424,0.),(1.9865726940333843,0.),(1.9865726940333843,1.9499999992549419),(0.05000000074505806,1.9499999992549419),(0.05000000074505806,0.)));
#7855=IFCINDEXEDPOLYCURVE(#7854,(IFCLINEINDEX((1,2,3,4,5,6,7,8,1))),$);
#7856=IFCARBITRARYCLOSEDPROFILEDEF(.AREA.,$,#7855);
#7857=IFCCARTESIANPOINT((0.,0.,0.));
#7858=IFCDIRECTION((0.,-1.,0.));
#7859=IFCDIRECTION((1.,0.,0.));
#7860=IFCAXIS2PLACEMENT3D(#7857,#7858,#7859);
#7861=IFCDIRECTION((0.,0.,-1.));
#7862=IFCEXTRUDEDAREASOLID(#7856,#7860,#7861,0.05000000074505806);
#7863=IFCCARTESIANPOINTLIST2D(((0.,0.),(1.9365726932883263,0.),(1.9365726932883263,0.10000000149011612),(0.,0.10000000149011612)));
#7864=IFCINDEXEDPOLYCURVE(#7863,(IFCLINEINDEX((1,2,3,4,1))),$);
#7865=IFCARBITRARYCLOSEDPROFILEDEF(.AREA.,$,#7864);
#7866=IFCCARTESIANPOINT((0.05000000074505806,0.,0.));
#7867=IFCDIRECTION((0.,0.,1.));
#7868=IFCDIRECTION((1.,0.,0.));
#7869=IFCAXIS2PLACEMENT3D(#7866,#7867,#7868);
#7870=IFCDIRECTION((0.,0.,1.));
#7871=IFCEXTRUDEDAREASOLID(#7865,#7869,#7870,0.02500000037252903);
#7872=IFCCARTESIANPOINTLIST2D(((0.,0.),(0.,2.0250000022351742),(2.0865726992487907,2.0250000022351742),(2.0865726992487907,0.),(2.0115726962685585,0.),(2.0115726962685585,1.9499999992549419),(0.075000002980232239,1.9499999992549419),(0.075000002980232239,0.)));
#7873=IFCINDEXEDPOLYCURVE(#7872,(IFCLINEINDEX((1,2,3,4,5,6,7,8,1))),$);
#7874=IFCARBITRARYCLOSEDPROFILEDEF(.AREA.,$,#7873);
#7875=IFCCARTESIANPOINT((-0.025000002235174179,-0.004999999888241291,0.));
#7876=IFCDIRECTION((0.,-1.,0.));
#7877=IFCDIRECTION((1.,0.,0.));
#7878=IFCAXIS2PLACEMENT3D(#7875,#7876,#7877);
#7879=IFCDIRECTION((0.,0.,-1.));
#7880=IFCEXTRUDEDAREASOLID(#7874,#7878,#7879,0.004999999888241291);
#7881=IFCCARTESIANPOINTLIST2D(((0.,0.),(0.,2.0250000022351742),(2.0865726992487907,2.0250000022351742),(2.0865726992487907,0.),(2.0115726962685585,0.),(2.0115726962685585,1.9499999992549419),(0.075000002980232239,1.9499999992549419),(0.075000002980232239,0.)));
#7882=IFCINDEXEDPOLYCURVE(#7881,(IFCLINEINDEX((1,2,3,4,5,6,7,8,1))),$);
#7883=IFCARBITRARYCLOSEDPROFILEDEF(.AREA.,$,#7882);
#7884=IFCCARTESIANPOINT((-0.025000002235174179,0.05000000074505806,0.));
#7885=IFCDIRECTION((0.,-1.,0.));
#7886=IFCDIRECTION((1.,0.,0.));
#7887=IFCAXIS2PLACEMENT3D(#7884,#7885,#7886);
#7888=IFCDIRECTION((0.,0.,-1.));
#7889=IFCEXTRUDEDAREASOLID(#7883,#7887,#7888,0.004999999888241291);
#7890=IFCCARTESIANPOINTLIST2D(((0.,0.),(1.9365726932883263,0.),(1.9365726932883263,0.035000000149011612),(0.,0.035000000149011612)));
#7891=IFCINDEXEDPOLYCURVE(#7890,(IFCLINEINDEX((1,2,3,4,1))),$);
#7892=IFCARBITRARYCLOSEDPROFILEDEF(.AREA.,$,#7891);
#7893=IFCCARTESIANPOINT((0.05000000074505806,-0.035000000149011612,0.02500000037252903));
#7894=IFCDIRECTION((0.,0.,1.));
#7895=IFCDIRECTION((1.,0.,0.));
#7896=IFCAXIS2PLACEMENT3D(#7893,#7894,#7895);
#7897=IFCDIRECTION((0.,0.,1.));
#7898=IFCEXTRUDEDAREASOLID(#7892,#7896,#7897,1.9249999988824129);
#7899=IFCCARTESIANPOINTLIST2D(((0.,0.),(0.,-0.040000000000000001),(0.12,-0.040000000000000001),(0.12,-0.02),(0.02,-0.02),(0.02,0.)));
#7900=IFCINDEXEDPOLYCURVE(#7899,(IFCLINEINDEX((1,2,3,4,5,6,1))),$);
#7901=IFCARBITRARYCLOSEDPROFILEDEF(.AREA.,$,#7900);
#7902=IFCCARTESIANPOINT((0.10000000074505806,-0.035000000149011612,1.015000000372529));
#7903=IFCDIRECTION((0.,0.,1.));
#7904=IFCDIRECTION((1.,0.,0.));
#7905=IFCAXIS2PLACEMENT3D(#7902,#7903,#7904);
#7906=IFCDIRECTION((0.,0.,1.));
#7907=IFCEXTRUDEDAREASOLID(#7901,#7905,#7906,0.02);
#7908=IFCEXTRUDEDAREASOLID(#7909,#7912,#7916,0.02);
#7909=IFCARBITRARYCLOSEDPROFILEDEF(.AREA.,$,#7910);
#7910=IFCINDEXEDPOLYCURVE(#7911,(IFCLINEINDEX((1,2,3,4,5,6,1))),$);
#7911=IFCCARTESIANPOINTLIST2D(((0.,0.),(0.,0.040000000000000008),(0.11999999999999998,0.040000000000000008),(0.11999999999999998,0.020000000000000004),(0.020000000000000004,0.020000000000000004),(0.020000000000000004,0.)));
#7912=IFCAXIS2PLACEMENT3D(#7913,#7914,#7915);
#7913=IFCCARTESIANPOINT((0.10000000074505806,0.,1.015000000372529));
#7914=IFCDIRECTION((0.,0.,1.));
#7915=IFCDIRECTION((1.,0.,0.));
#7916=IFCDIRECTION((0.,0.,1.));
#7918=IFCSHAPEREPRESENTATION(#11,'Body','SweptSolid',(#7889,#14934,#15011,#14916,#14907,#7880,#14925,#15029,#15038,#15115,#7871,#15133,#15020,#15142,#15124,#7862));
#7919=IFCSHAPEASPECT((#7918),'Lining',$,.T.,#7788);
#7920=IFCSHAPEREPRESENTATION(#11,'Body','SweptSolid',(#15151,#14952,#15161,#15056,#7908,#14953,#14943,#7898,#15047,#15057,#15160,#7907));
#7921=IFCSHAPEASPECT((#7920),'Framing',$,.T.,#7788);
#7959=IFCDOORTYPE('1CjiQRl2j4DxB5sn4UCNdZ',$,'2F - Masters Bedroom 1',$,$,(#7960),(#7962,#7970,#8048),$,$,.DOOR.,.SINGLE_SWING_LEFT.,$,$);
#7960=IFCPROPERTYSET('0JZx$FyFT8jw$0nwKvisoe',$,'BBIM_Door',$,(#7961));
#7961=IFCPROPERTYSINGLEVALUE('Data',$,IFCTEXT('{"door_type": "SINGLE_SWING_LEFT", "overall_height": 2.0, "overall_width": 0.9507302641868591, "lining_properties": {"lining_depth": 0.05000000074505806, "lining_thickness": 0.05000000074505806, "lining_offset": 0.0, "lining_to_panel_offset_x": 0.02500000037252903, "lining_to_panel_offset_y": 0.02500000037252903, "transom_thickness": 0.0, "casing_thickness": 0.07500000298023224, "casing_depth": 0.004999999888241291, "threshold_thickness": 0.02500000037252903, "threshold_depth": 0.10000000149011612, "threshold_offset": 0.0}, "panel_properties": {"panel_depth": 0.03500000014901161, "panel_width_ratio": 1.0}}'),$);
#7962=IFCREPRESENTATIONMAP(#7963,#8134);
#7963=IFCAXIS2PLACEMENT3D(#7964,#7965,#7966);
#7964=IFCCARTESIANPOINT((0.,0.,0.));
#7965=IFCDIRECTION((0.,0.,1.));
#7966=IFCDIRECTION((1.,0.,0.));
#7970=IFCREPRESENTATIONMAP(#7971,#8207);
#7971=IFCAXIS2PLACEMENT3D(#7972,#7973,#7974);
#7972=IFCCARTESIANPOINT((0.,0.,0.));
#7973=IFCDIRECTION((0.,0.,1.));
#7974=IFCDIRECTION((1.,0.,0.));
#8048=IFCREPRESENTATIONMAP(#8049,#8225);
#8049=IFCAXIS2PLACEMENT3D(#8050,#8051,#8052);
#8050=IFCCARTESIANPOINT((0.,0.,0.));
#8051=IFCDIRECTION((0.,0.,1.));
#8052=IFCDIRECTION((1.,0.,0.));
#8067=IFCDOOR('1dF2jmAUv1NhrJ46MvciDO',$,'Door',$,$,#8250,#8076,$,2.,0.95073026418685913,$,.SINGLE_SWING_LEFT.,$);
#8068=IFCRELDEFINESBYTYPE('1OUA1dXcDAG8NprN7y198a',$,$,$,(#8067),#7959);
#8069=IFCCARTESIANPOINT((0.,0.,0.));
#8070=IFCDIRECTION((1.,0.,0.));
#8071=IFCDIRECTION((0.,1.,0.));
#8072=IFCDIRECTION((0.,0.,1.));
#8073=IFCCARTESIANTRANSFORMATIONOPERATOR3D(#8070,#8071,#8069,1.,#8072);
#8074=IFCMAPPEDITEM(#7962,#8073);
#8075=IFCSHAPEREPRESENTATION(#18,'Profile','MappedRepresentation',(#8074));
#8076=IFCPRODUCTDEFINITIONSHAPE($,$,(#8075,#8083,#8090));
#8077=IFCCARTESIANPOINT((0.,0.,0.));
#8078=IFCDIRECTION((1.,0.,0.));
#8079=IFCDIRECTION((0.,1.,0.));
#8080=IFCDIRECTION((0.,0.,1.));
#8081=IFCCARTESIANTRANSFORMATIONOPERATOR3D(#8078,#8079,#8077,1.,#8080);
#8082=IFCMAPPEDITEM(#7970,#8081);
#8083=IFCSHAPEREPRESENTATION(#11,'Body','MappedRepresentation',(#8082));
#8084=IFCCARTESIANPOINT((0.,0.,0.));
#8085=IFCDIRECTION((1.,0.,0.));
#8086=IFCDIRECTION((0.,1.,0.));
#8087=IFCDIRECTION((0.,0.,1.));
#8088=IFCCARTESIANTRANSFORMATIONOPERATOR3D(#8085,#8086,#8084,1.,#8087);
#8089=IFCMAPPEDITEM(#8048,#8088);
#8090=IFCSHAPEREPRESENTATION(#24,'Body','MappedRepresentation',(#8089));
#8091=IFCOPENINGELEMENT('1xmeQi$uTFQgDFA2IFTGLh',$,'Opening',$,$,#8245,#8119,$,.OPENING.);
#8107=IFCCARTESIANPOINT((0.,0.,0.));
#8108=IFCDIRECTION((1.,0.,0.));
#8109=IFCDIRECTION((0.,0.,1.));
#8110=IFCAXIS2PLACEMENT3D(#8107,#8109,#8108);
#8111=IFCREPRESENTATIONMAP(#8110,#8235);
#8112=IFCCARTESIANPOINT((0.,0.,0.));
#8113=IFCDIRECTION((1.,0.,0.));
#8114=IFCDIRECTION((0.,1.,0.));
#8115=IFCDIRECTION((0.,0.,1.));
#8116=IFCCARTESIANTRANSFORMATIONOPERATOR3D(#8113,#8114,#8112,1.,#8115);
#8117=IFCMAPPEDITEM(#8111,#8116);
#8118=IFCSHAPEREPRESENTATION(#11,'Body','MappedRepresentation',(#8117));
#8119=IFCPRODUCTDEFINITIONSHAPE($,$,(#8118));
#8120=IFCRELVOIDSELEMENT('2KVtzHMED9fRnS_lOdaont',$,$,$,#4662,#8091);
#8126=IFCRELFILLSELEMENT('0Bmpse4$XDtAOFishu1bHZ',$,$,$,#8091,#8067);
#8132=IFCCARTESIANPOINTLIST3D(((0.,0.,0.),(0.95073026418685913,0.,0.),(0.95073026418685913,0.,2.),(0.,0.,2.)));
#8133=IFCINDEXEDPOLYCURVE(#8132,(IFCLINEINDEX((1,2,3,4,1))),$);
#8134=IFCSHAPEREPRESENTATION(#18,'Profile','Curve3D',(#8133));
#8135=IFCCARTESIANPOINTLIST2D(((0.,0.),(0.,2.),(0.95073026418685913,2.),(0.95073026418685913,0.),(0.9257302638143301,0.),(0.9257302638143301,1.974999999627471),(0.02500000037252903,1.974999999627471),(0.02500000037252903,0.)));
#8136=IFCINDEXEDPOLYCURVE(#8135,(IFCLINEINDEX((1,2,3,4,5,6,7,8,1))),$);
#8137=IFCARBITRARYCLOSEDPROFILEDEF(.AREA.,$,#8136);
#8138=IFCCARTESIANPOINT((0.,0.02500000037252903,0.));
#8139=IFCDIRECTION((0.,-1.,0.));
#8140=IFCDIRECTION((1.,0.,0.));
#8141=IFCAXIS2PLACEMENT3D(#8138,#8139,#8140);
#8142=IFCDIRECTION((0.,0.,-1.));
#8143=IFCEXTRUDEDAREASOLID(#8137,#8141,#8142,0.02500000037252903);
#8144=IFCCARTESIANPOINTLIST2D(((0.,0.),(0.,2.),(0.95073026418685913,2.),(0.95073026418685913,0.),(0.90073026344180107,0.),(0.90073026344180107,1.9499999992549419),(0.05000000074505806,1.9499999992549419),(0.05000000074505806,0.)));
#8145=IFCINDEXEDPOLYCURVE(#8144,(IFCLINEINDEX((1,2,3,4,5,6,7,8,1))),$);
#8146=IFCARBITRARYCLOSEDPROFILEDEF(.AREA.,$,#8145);
#8147=IFCCARTESIANPOINT((0.,0.,0.));
#8148=IFCDIRECTION((0.,-1.,0.));
#8149=IFCDIRECTION((1.,0.,0.));
#8150=IFCAXIS2PLACEMENT3D(#8147,#8148,#8149);
#8151=IFCDIRECTION((0.,0.,-1.));
#8152=IFCEXTRUDEDAREASOLID(#8146,#8150,#8151,0.02500000037252903);
#8153=IFCCARTESIANPOINTLIST2D(((0.,0.),(0.85073026269674301,0.),(0.85073026269674301,0.10000000149011612),(0.,0.10000000149011612)));
#8154=IFCINDEXEDPOLYCURVE(#8153,(IFCLINEINDEX((1,2,3,4,1))),$);
#8155=IFCARBITRARYCLOSEDPROFILEDEF(.AREA.,$,#8154);
#8156=IFCCARTESIANPOINT((0.05000000074505806,0.,0.));
#8157=IFCDIRECTION((0.,0.,1.));
#8158=IFCDIRECTION((1.,0.,0.));
#8159=IFCAXIS2PLACEMENT3D(#8156,#8157,#8158);
#8160=IFCDIRECTION((0.,0.,1.));
#8161=IFCEXTRUDEDAREASOLID(#8155,#8159,#8160,0.02500000037252903);
#8162=IFCCARTESIANPOINTLIST2D(((0.,0.),(0.,2.0250000022351742),(1.0007302686572075,2.0250000022351742),(1.0007302686572075,0.),(0.92573026567697525,0.),(0.92573026567697525,1.9499999992549419),(0.075000002980232239,1.9499999992549419),(0.075000002980232239,0.)));
#8163=IFCINDEXEDPOLYCURVE(#8162,(IFCLINEINDEX((1,2,3,4,5,6,7,8,1))),$);
#8164=IFCARBITRARYCLOSEDPROFILEDEF(.AREA.,$,#8163);
#8165=IFCCARTESIANPOINT((-0.025000002235174179,-0.004999999888241291,0.));
#8166=IFCDIRECTION((0.,-1.,0.));
#8167=IFCDIRECTION((1.,0.,0.));
#8168=IFCAXIS2PLACEMENT3D(#8165,#8166,#8167);
#8169=IFCDIRECTION((0.,0.,-1.));
#8170=IFCEXTRUDEDAREASOLID(#8164,#8168,#8169,0.004999999888241291);
#8171=IFCCARTESIANPOINTLIST2D(((0.,0.),(0.,2.0250000022351742),(1.0007302686572075,2.0250000022351742),(1.0007302686572075,0.),(0.95073026604950428,0.),(0.95073026604950428,1.974999999627471),(0.050000002607703209,1.974999999627471),(0.050000002607703209,0.)));
#8172=IFCINDEXEDPOLYCURVE(#8171,(IFCLINEINDEX((1,2,3,4,5,6,7,8,1))),$);
#8173=IFCARBITRARYCLOSEDPROFILEDEF(.AREA.,$,#8172);
#8174=IFCCARTESIANPOINT((-0.025000002235174179,0.05000000074505806,0.));
#8175=IFCDIRECTION((0.,-1.,0.));
#8176=IFCDIRECTION((1.,0.,0.));
#8177=IFCAXIS2PLACEMENT3D(#8174,#8175,#8176);
#8178=IFCDIRECTION((0.,0.,-1.));
#8179=IFCEXTRUDEDAREASOLID(#8173,#8177,#8178,0.004999999888241291);
#8180=IFCCARTESIANPOINTLIST2D(((0.,0.),(0.90073026344180107,0.),(0.90073026344180107,0.035000000149011612),(0.,0.035000000149011612)));
#8181=IFCINDEXEDPOLYCURVE(#8180,(IFCLINEINDEX((1,2,3,4,1))),$);
#8182=IFCARBITRARYCLOSEDPROFILEDEF(.AREA.,$,#8181);
#8183=IFCCARTESIANPOINT((0.02500000037252903,0.02500000037252903,0.02500000037252903));
#8184=IFCDIRECTION((0.,0.,1.));
#8185=IFCDIRECTION((1.,0.,0.));
#8186=IFCAXIS2PLACEMENT3D(#8183,#8184,#8185);
#8187=IFCDIRECTION((0.,0.,1.));
#8188=IFCEXTRUDEDAREASOLID(#8182,#8186,#8187,1.9499999992549419);
#8189=IFCCARTESIANPOINTLIST2D(((0.,0.),(0.,-0.040000000000000001),(-0.11999999999999988,-0.040000000000000001),(-0.11999999999999988,-0.02),(-0.020000000000000018,-0.02),(-0.020000000000000018,0.)));
#8190=IFCINDEXEDPOLYCURVE(#8189,(IFCLINEINDEX((1,2,3,4,5,6,1))),$);
#8191=IFCARBITRARYCLOSEDPROFILEDEF(.AREA.,$,#8190);
#8192=IFCCARTESIANPOINT((0.87573026381433006,0.02500000037252903,1.015000000372529));
#8193=IFCDIRECTION((0.,0.,1.));
#8194=IFCDIRECTION((1.,0.,0.));
#8195=IFCAXIS2PLACEMENT3D(#8192,#8193,#8194);
#8196=IFCDIRECTION((0.,0.,1.));
#8197=IFCEXTRUDEDAREASOLID(#8191,#8195,#8196,0.02);
#8198=IFCEXTRUDEDAREASOLID(#8199,#8202,#8206,0.02);
#8199=IFCARBITRARYCLOSEDPROFILEDEF(.AREA.,$,#8200);
#8200=IFCINDEXEDPOLYCURVE(#8201,(IFCLINEINDEX((1,2,3,4,5,6,1))),$);
#8201=IFCCARTESIANPOINTLIST2D(((0.,0.),(0.,0.040000000000000008),(-0.11999999999999988,0.040000000000000008),(-0.11999999999999988,0.020000000000000004),(-0.020000000000000018,0.020000000000000004),(-0.020000000000000018,0.)));
#8202=IFCAXIS2PLACEMENT3D(#8203,#8204,#8205);
#8203=IFCCARTESIANPOINT((0.87573026381433006,0.060000000521540642,1.015000000372529));
#8204=IFCDIRECTION((0.,0.,1.));
#8205=IFCDIRECTION((1.,0.,0.));
#8206=IFCDIRECTION((0.,0.,1.));
#8207=IFCSHAPEREPRESENTATION(#11,'Body','SweptSolid',(#8143,#8152,#8188,#8197,#8198,#8161,#8170,#8179));
#8208=IFCSHAPEREPRESENTATION(#11,'Body','SweptSolid',(#8143,#8152,#8161,#8170,#8179));
#8209=IFCSHAPEASPECT((#8208),'Lining',$,.T.,#8076);
#8210=IFCSHAPEREPRESENTATION(#11,'Body','SweptSolid',(#8188,#8197,#8198));
#8211=IFCSHAPEASPECT((#8210),'Framing',$,.T.,#8076);
#8212=IFCCARTESIANPOINTLIST2D(((0.,0.),(0.,0.05000000074505806),(0.02500000037252903,0.05000000074505806),(0.02500000037252903,0.02500000037252903),(0.05000000074505806,0.02500000037252903),(0.05000000074505806,0.)));
#8213=IFCINDEXEDPOLYCURVE(#8212,(IFCLINEINDEX((1,2,3,4,5,6,1))),$);
#8214=IFCINDEXEDPOLYCURVE(#8215,(IFCLINEINDEX((1,2,3,4,5,6,1))),$);
#8215=IFCCARTESIANPOINTLIST2D(((0.95073026418685913,0.),(0.95073026418685913,0.05000000074505806),(0.9257302638143301,0.05000000074505806),(0.9257302638143301,0.02500000037252903),(0.90073026344180107,0.02500000037252903),(0.90073026344180107,0.)));
#8216=IFCDIRECTION((1.,0.));
#8217=IFCCARTESIANPOINT((0.060000000521540642,0.05000000074505806));
#8218=IFCAXIS2PLACEMENT2D(#8217,#8216);
#8219=IFCELLIPSE(#8218,0.86573026329278946,0.90073026344180107);
#8220=IFCCARTESIANPOINT((0.9257302638143301,0.05000000074505806));
#8221=IFCCARTESIANPOINT((0.060000000521540642,0.95073026418685913));
#8222=IFCTRIMMEDCURVE(#8219,(#8220),(#8221),.T.,.CARTESIAN.);
#8223=IFCCARTESIANPOINTLIST2D(((0.02500000037252903,0.05000000074505806),(0.060000000521540642,0.05000000074505806),(0.060000000521540642,0.95073026418685913),(0.02500000037252903,0.95073026418685913)));
#8224=IFCINDEXEDPOLYCURVE(#8223,(IFCLINEINDEX((1,2,3,4,1))),$);
#8225=IFCSHAPEREPRESENTATION(#24,'Body','Curve2D',(#8213,#8214,#8222,#8224));
#8226=IFCCARTESIANPOINTLIST2D(((0.,0.),(0.95073026418685913,0.),(0.95073026418685913,2.),(0.,2.)));
#8227=IFCINDEXEDPOLYCURVE(#8226,(IFCLINEINDEX((1,2,3,4,1))),$);
#8228=IFCARBITRARYCLOSEDPROFILEDEF(.AREA.,$,#8227);
#8229=IFCCARTESIANPOINT((0.,-0.60000002384185791,0.));
#8230=IFCDIRECTION((0.,-1.,0.));
#8231=IFCDIRECTION((1.,0.,0.));
#8232=IFCAXIS2PLACEMENT3D(#8229,#8230,#8231);
#8233=IFCDIRECTION((0.,0.,-1.));
#8234=IFCEXTRUDEDAREASOLID(#8228,#8232,#8233,1.2);
#8235=IFCSHAPEREPRESENTATION(#11,'Body','SweptSolid',(#8234));
#8241=IFCCARTESIANPOINT((0.26967379447295536,0.015000343322753906,0.));
#8242=IFCDIRECTION((0.,0.,1.));
#8243=IFCDIRECTION((0.99999999999988631,-4.7683715820307079E-07,0.));
#8244=IFCAXIS2PLACEMENT3D(#8241,#8242,#8243);
#8245=IFCLOCALPLACEMENT(#5674,#8244);
#8246=IFCCARTESIANPOINT((2.2204460492503131E-16,-4.4408920985006262E-16,0.));
#8247=IFCDIRECTION((0.,0.,1.));
#8248=IFCDIRECTION((1.,5.2939559203393771E-23,0.));
#8249=IFCAXIS2PLACEMENT3D(#8246,#8247,#8248);
#8250=IFCLOCALPLACEMENT(#8245,#8249);
#8251=IFCWINDOWTYPE('00kyqBA8r8h8oFXVARShUg',$,'2F - BR2',$,$,(#8252),(#8254,#8262,#8348),$,$,.WINDOW.,.SINGLE_PANEL.,$,$);
#8252=IFCPROPERTYSET('0qpcCNL5n6guxKZ0AbQ9pl',$,'BBIM_Window',$,(#8253));
#8253=IFCPROPERTYSINGLEVALUE('Data',$,IFCTEXT('{"window_type": "DOUBLE_PANEL_VERTICAL", "overall_height": 0.8999999761581421, "overall_width": 1.2343775033950806, "lining_properties": {"lining_depth": 0.05000000074505806, "lining_thickness": 0.05000000074505806, "lining_offset": 0.05000000074505806, "lining_to_panel_offset_x": 0.02500000037252903, "lining_to_panel_offset_y": 0.02500000037252903, "mullion_thickness": 0.05000000074505806, "first_mullion_offset": 0.565836489200592}, "panel_properties": {"frame_depth": [0.03500000014901161, 0.03500000014901161, 0.03500000014901161], "frame_thickness": [0.03500000014901161, 0.03500000014901161, 0.03500000014901161]}}'),$);
#8254=IFCREPRESENTATIONMAP(#8255,#8498);
#8255=IFCAXIS2PLACEMENT3D(#8256,#8257,#8258);
#8256=IFCCARTESIANPOINT((0.,0.,0.));
#8257=IFCDIRECTION((0.,0.,1.));
#8258=IFCDIRECTION((1.,0.,0.));
#8262=IFCREPRESENTATIONMAP(#8263,#8579);
#8263=IFCAXIS2PLACEMENT3D(#8264,#8265,#8266);
#8264=IFCCARTESIANPOINT((0.,0.,0.));
#8265=IFCDIRECTION((0.,0.,1.));
#8266=IFCDIRECTION((1.,0.,0.));
#8348=IFCREPRESENTATIONMAP(#8349,#8618);
#8349=IFCAXIS2PLACEMENT3D(#8350,#8351,#8352);
#8350=IFCCARTESIANPOINT((0.,0.,0.));
#8351=IFCDIRECTION((0.,0.,1.));
#8352=IFCDIRECTION((1.,0.,0.));
#8386=IFCWINDOW('0SAawOWybD19kDjFGpkkJZ',$,'Window',$,$,#8643,#8395,$,0.89999997615814209,1.2343775033950806,$,.DOUBLE_PANEL_VERTICAL.,$);
#8387=IFCRELDEFINESBYTYPE('3fS17wcgb7qOIiERpu4T$D',$,$,$,(#8386),#8251);
#8388=IFCCARTESIANPOINT((0.,0.,0.));
#8389=IFCDIRECTION((1.,0.,0.));
#8390=IFCDIRECTION((0.,1.,0.));
#8391=IFCDIRECTION((0.,0.,1.));
#8392=IFCCARTESIANTRANSFORMATIONOPERATOR3D(#8389,#8390,#8388,1.,#8391);
#8393=IFCMAPPEDITEM(#8254,#8392);
#8394=IFCSHAPEREPRESENTATION(#18,'Profile','MappedRepresentation',(#8393));
#8395=IFCPRODUCTDEFINITIONSHAPE($,$,(#8394,#8402,#8409));
#8396=IFCCARTESIANPOINT((0.,0.,0.));
#8397=IFCDIRECTION((1.,0.,0.));
#8398=IFCDIRECTION((0.,1.,0.));
#8399=IFCDIRECTION((0.,0.,1.));
#8400=IFCCARTESIANTRANSFORMATIONOPERATOR3D(#8397,#8398,#8396,1.,#8399);
#8401=IFCMAPPEDITEM(#8262,#8400);
#8402=IFCSHAPEREPRESENTATION(#11,'Body','MappedRepresentation',(#8401));
#8403=IFCCARTESIANPOINT((0.,0.,0.));
#8404=IFCDIRECTION((1.,0.,0.));
#8405=IFCDIRECTION((0.,1.,0.));
#8406=IFCDIRECTION((0.,0.,1.));
#8407=IFCCARTESIANTRANSFORMATIONOPERATOR3D(#8404,#8405,#8403,1.,#8406);
#8408=IFCMAPPEDITEM(#8348,#8407);
#8409=IFCSHAPEREPRESENTATION(#24,'Body','MappedRepresentation',(#8408));
#8410=IFCOPENINGELEMENT('2eoxiKAE558gAVOz5nByoN',$,'Opening',$,$,#8638,#8438,$,.OPENING.);
#8426=IFCCARTESIANPOINT((0.,0.,0.));
#8427=IFCDIRECTION((1.,0.,0.));
#8428=IFCDIRECTION((0.,0.,1.));
#8429=IFCAXIS2PLACEMENT3D(#8426,#8428,#8427);
#8430=IFCREPRESENTATIONMAP(#8429,#8628);
#8431=IFCCARTESIANPOINT((0.,0.,0.));
#8432=IFCDIRECTION((1.,0.,0.));
#8433=IFCDIRECTION((0.,1.,0.));
#8434=IFCDIRECTION((0.,0.,1.));
#8435=IFCCARTESIANTRANSFORMATIONOPERATOR3D(#8432,#8433,#8431,1.,#8434);
#8436=IFCMAPPEDITEM(#8430,#8435);
#8437=IFCSHAPEREPRESENTATION(#11,'Body','MappedRepresentation',(#8436));
#8438=IFCPRODUCTDEFINITIONSHAPE($,$,(#8437));
#8439=IFCRELVOIDSELEMENT('1iZSWywQj8t8Vzrg41HOoS',$,$,$,#4712,#8410);
#8445=IFCRELFILLSELEMENT('0NzHPNyh5ENe$qw59Uaaux',$,$,$,#8410,#8386);
#8496=IFCCARTESIANPOINTLIST3D(((0.,0.,0.),(1.2343775033950806,0.,0.),(1.2343775033950806,0.,0.89999997615814209),(0.,0.,0.89999997615814209)));
#8497=IFCINDEXEDPOLYCURVE(#8496,(IFCLINEINDEX((1,2,3,4,1))),$);
#8498=IFCSHAPEREPRESENTATION(#18,'Profile','Curve3D',(#8497));
#8499=IFCCARTESIANPOINTLIST2D(((0.56583648920059204,0.),(0.,0.),(0.,0.89999997615814209),(0.56583648920059204,0.89999997615814209),(0.56583648920059204,0.87499997578561306),(0.02500000037252903,0.87499997578561306),(0.02500000037252903,0.02500000037252903),(0.56583648920059204,0.02500000037252903)));
#8500=IFCINDEXEDPOLYCURVE(#8499,(IFCLINEINDEX((1,2,3,4,5,6,7,8,1))),$);
#8501=IFCARBITRARYCLOSEDPROFILEDEF(.AREA.,$,#8500);
#8502=IFCCARTESIANPOINT((0.,0.090000001713633537,0.));
#8503=IFCDIRECTION((0.,-1.,0.));
#8504=IFCDIRECTION((1.,0.,0.));
#8505=IFCAXIS2PLACEMENT3D(#8502,#8503,#8504);
#8506=IFCDIRECTION((0.,0.,-1.));
#8507=IFCEXTRUDEDAREASOLID(#8501,#8505,#8506,0.0099999997764825821);
#8508=IFCCARTESIANPOINTLIST2D(((0.,0.),(0.56583648920059204,0.),(0.56583648920059204,0.89999997615814209),(0.,0.89999997615814209)));
#8509=IFCINDEXEDPOLYCURVE(#8508,(IFCLINEINDEX((1,2,3,4,1))),$);
#8510=IFCCARTESIANPOINTLIST2D(((0.05000000074505806,0.05000000074505806),(0.54083648882806301,0.05000000074505806),(0.54083648882806301,0.84999997541308403),(0.05000000074505806,0.84999997541308403)));
#8511=IFCINDEXEDPOLYCURVE(#8510,(IFCLINEINDEX((1,2,3,4,1))),$);
#8512=IFCARBITRARYPROFILEDEFWITHVOIDS(.AREA.,$,#8509,(#8511));
#8513=IFCCARTESIANPOINT((0.,0.05000000074505806,0.));
#8514=IFCDIRECTION((0.,-1.,0.));
#8515=IFCDIRECTION((1.,0.,0.));
#8516=IFCAXIS2PLACEMENT3D(#8513,#8514,#8515);
#8517=IFCDIRECTION((0.,0.,-1.));
#8518=IFCEXTRUDEDAREASOLID(#8512,#8516,#8517,0.040000000968575478);
#8519=IFCCARTESIANPOINTLIST2D(((0.,0.),(0.54083648882806301,0.),(0.54083648882806301,0.84999997541308403),(0.,0.84999997541308403)));
#8520=IFCINDEXEDPOLYCURVE(#8519,(IFCLINEINDEX((1,2,3,4,1))),$);
#8521=IFCCARTESIANPOINTLIST2D(((0.035000000149011612,0.035000000149011612),(0.5058364886790514,0.035000000149011612),(0.5058364886790514,0.81499997526407242),(0.035000000149011612,0.81499997526407242)));
#8522=IFCINDEXEDPOLYCURVE(#8521,(IFCLINEINDEX((1,2,3,4,1))),$);
#8523=IFCARBITRARYPROFILEDEFWITHVOIDS(.AREA.,$,#8520,(#8522));
#8524=IFCCARTESIANPOINT((0.02500000037252903,0.090000001713633537,0.02500000037252903));
#8525=IFCDIRECTION((0.,-1.,0.));
#8526=IFCDIRECTION((1.,0.,0.));
#8527=IFCAXIS2PLACEMENT3D(#8524,#8525,#8526);
#8528=IFCDIRECTION((0.,0.,-1.));
#8529=IFCEXTRUDEDAREASOLID(#8523,#8527,#8528,0.035000000149011612);
#8530=IFCINDEXEDPOLYCURVE(#8531,(IFCLINEINDEX((1,2,3,4,1))),$);
#8531=IFCCARTESIANPOINTLIST2D(((0.035000000149011612,0.035000000149011612),(0.5058364886790514,0.035000000149011612),(0.5058364886790514,0.81499997526407242),(0.035000000149011612,0.81499997526407242)));
#8532=IFCARBITRARYCLOSEDPROFILEDEF(.AREA.,$,#8530);
#8533=IFCCARTESIANPOINT((0.02500000037252903,0.10250000178813934,0.02500000037252903));
#8534=IFCDIRECTION((0.,-1.,0.));
#8535=IFCDIRECTION((1.,0.,0.));
#8536=IFCAXIS2PLACEMENT3D(#8533,#8534,#8535);
#8537=IFCDIRECTION((0.,0.,-1.));
#8538=IFCEXTRUDEDAREASOLID(#8532,#8536,#8537,0.01);
#8539=IFCCARTESIANPOINTLIST2D(((0.,0.89999997615814209),(0.66854101419448853,0.89999997615814209),(0.66854101419448853,0.),(0.,0.),(0.,0.02500000037252903),(0.6435410138219595,0.02500000037252903),(0.6435410138219595,0.87499997578561306),(0.,0.87499997578561306)));
#8540=IFCINDEXEDPOLYCURVE(#8539,(IFCLINEINDEX((1,2,3,4,5,6,7,8,1))),$);
#8541=IFCARBITRARYCLOSEDPROFILEDEF(.AREA.,$,#8540);
#8542=IFCCARTESIANPOINT((0.56583648920059204,0.090000001713633537,0.));
#8543=IFCDIRECTION((0.,-1.,0.));
#8544=IFCDIRECTION((1.,0.,0.));
#8545=IFCAXIS2PLACEMENT3D(#8542,#8543,#8544);
#8546=IFCDIRECTION((0.,0.,-1.));
#8547=IFCEXTRUDEDAREASOLID(#8541,#8545,#8546,0.0099999997764825821);
#8548=IFCCARTESIANPOINTLIST2D(((0.,0.),(0.66854101419448853,0.),(0.66854101419448853,0.89999997615814209),(0.,0.89999997615814209)));
#8549=IFCINDEXEDPOLYCURVE(#8548,(IFCLINEINDEX((1,2,3,4,1))),$);
#8550=IFCCARTESIANPOINTLIST2D(((0.02500000037252903,0.05000000074505806),(0.61854101344943047,0.05000000074505806),(0.61854101344943047,0.84999997541308403),(0.02500000037252903,0.84999997541308403)));
#8551=IFCINDEXEDPOLYCURVE(#8550,(IFCLINEINDEX((1,2,3,4,1))),$);
#8552=IFCARBITRARYPROFILEDEFWITHVOIDS(.AREA.,$,#8549,(#8551));
#8553=IFCCARTESIANPOINT((0.56583648920059204,0.05000000074505806,0.));
#8554=IFCDIRECTION((0.,-1.,0.));
#8555=IFCDIRECTION((1.,0.,0.));
#8556=IFCAXIS2PLACEMENT3D(#8553,#8554,#8555);
#8557=IFCDIRECTION((0.,0.,-1.));
#8558=IFCEXTRUDEDAREASOLID(#8552,#8556,#8557,0.040000000968575478);
#8559=IFCCARTESIANPOINTLIST2D(((0.,0.),(0.6435410138219595,0.),(0.6435410138219595,0.84999997541308403),(0.,0.84999997541308403)));
#8560=IFCINDEXEDPOLYCURVE(#8559,(IFCLINEINDEX((1,2,3,4,1))),$);
#8561=IFCCARTESIANPOINTLIST2D(((0.035000000149011612,0.035000000149011612),(0.60854101367294788,0.035000000149011612),(0.60854101367294788,0.81499997526407242),(0.035000000149011612,0.81499997526407242)));
#8562=IFCINDEXEDPOLYCURVE(#8561,(IFCLINEINDEX((1,2,3,4,1))),$);
#8563=IFCARBITRARYPROFILEDEFWITHVOIDS(.AREA.,$,#8560,(#8562));
#8564=IFCCARTESIANPOINT((0.56583648920059204,0.090000001713633537,0.02500000037252903));
#8565=IFCDIRECTION((0.,-1.,0.));
#8566=IFCDIRECTION((1.,0.,0.));
#8567=IFCAXIS2PLACEMENT3D(#8564,#8565,#8566);
#8568=IFCDIRECTION((0.,0.,-1.));
#8569=IFCEXTRUDEDAREASOLID(#8563,#8567,#8568,0.035000000149011612);
#8570=IFCINDEXEDPOLYCURVE(#8571,(IFCLINEINDEX((1,2,3,4,1))),$);
#8571=IFCCARTESIANPOINTLIST2D(((0.035000000149011612,0.035000000149011612),(0.60854101367294788,0.035000000149011612),(0.60854101367294788,0.81499997526407242),(0.035000000149011612,0.81499997526407242)));
#8572=IFCARBITRARYCLOSEDPROFILEDEF(.AREA.,$,#8570);
#8573=IFCCARTESIANPOINT((0.56583648920059204,0.10250000178813934,0.02500000037252903));
#8574=IFCDIRECTION((0.,-1.,0.));
#8575=IFCDIRECTION((1.,0.,0.));
#8576=IFCAXIS2PLACEMENT3D(#8573,#8574,#8575);
#8577=IFCDIRECTION((0.,0.,-1.));
#8578=IFCEXTRUDEDAREASOLID(#8572,#8576,#8577,0.01);
#8579=IFCSHAPEREPRESENTATION(#11,'Body','SweptSolid',(#8507,#8518,#8529,#8538,#8547,#8558,#8569,#8578));
#8580=IFCSHAPEREPRESENTATION(#11,'Body','SweptSolid',(#8507,#8518,#8547,#8558));
#8581=IFCSHAPEASPECT((#8580),'Lining',$,.T.,#8395);
#8582=IFCSHAPEREPRESENTATION(#11,'Body','SweptSolid',(#8529,#8569));
#8583=IFCSHAPEASPECT((#8582),'Framing',$,.T.,#8395);
#8584=IFCSHAPEREPRESENTATION(#11,'Body','SweptSolid',(#8538,#8578));
#8585=IFCSHAPEASPECT((#8584),'Glazing',$,.T.,#8395);
#8586=IFCCARTESIANPOINTLIST2D(((0.05000000074505806,0.05000000074505806),(0.54083648882806301,0.05000000074505806)));
#8587=IFCINDEXEDPOLYCURVE(#8586,$,$);
#8588=IFCCARTESIANPOINTLIST2D(((0.,0.10000000149011612),(0.02500000037252903,0.10000000149011612),(0.02500000037252903,0.090000001713633537),(0.05000000074505806,0.090000001713633537),(0.05000000074505806,0.05000000074505806),(0.,0.05000000074505806)));
#8589=IFCINDEXEDPOLYCURVE(#8588,(IFCLINEINDEX((1,2,3,4,5,6,1))),$);
#8590=IFCCARTESIANPOINTLIST2D(((0.56583648920059204,0.10000000149011612),(0.56583648920059204,0.10000000149011612),(0.56583648920059204,0.090000001713633537),(0.54083648882806301,0.090000001713633537),(0.54083648882806301,0.05000000074505806),(0.56583648920059204,0.05000000074505806)));
#8591=IFCINDEXEDPOLYCURVE(#8590,$,$);
#8592=IFCCARTESIANPOINTLIST2D(((0.02500000037252903,0.090000001713633537),(0.060000000521540642,0.090000001713633537),(0.060000000521540642,0.12500000186264515),(0.02500000037252903,0.12500000186264515)));
#8593=IFCINDEXEDPOLYCURVE(#8592,(IFCLINEINDEX((1,2,3,4,1))),$);
#8594=IFCINDEXEDPOLYCURVE(#8595,(IFCLINEINDEX((1,2,3,4,1))),$);
#8595=IFCCARTESIANPOINTLIST2D(((0.56583648920059204,0.090000001713633537),(0.53083648905158043,0.090000001713633537),(0.53083648905158043,0.12500000186264515),(0.56583648920059204,0.12500000186264515)));
#8596=IFCCARTESIANPOINTLIST2D(((0.060000000521540642,0.090000001713633537),(0.53083648905158043,0.090000001713633537)));
#8597=IFCINDEXEDPOLYCURVE(#8596,$,$);
#8598=IFCINDEXEDPOLYCURVE(#8599,$,$);
#8599=IFCCARTESIANPOINTLIST2D(((0.060000000521540642,0.12500000186264515),(0.53083648905158043,0.12500000186264515)));
#8600=IFCINDEXEDPOLYCURVE(#8601,$,$);
#8601=IFCCARTESIANPOINTLIST2D(((0.060000000521540642,0.10750000178813934),(0.53083648905158043,0.10750000178813934)));
#8602=IFCCARTESIANPOINTLIST2D(((0.59083648957312107,0.05000000074505806),(1.1843775026500225,0.05000000074505806)));
#8603=IFCINDEXEDPOLYCURVE(#8602,$,$);
#8604=IFCCARTESIANPOINTLIST2D(((0.56583648920059204,0.10000000149011612),(0.56583648920059204,0.10000000149011612),(0.56583648920059204,0.090000001713633537),(0.59083648957312107,0.090000001713633537),(0.59083648957312107,0.05000000074505806),(0.56583648920059204,0.05000000074505806)));
#8605=IFCINDEXEDPOLYCURVE(#8604,$,$);
#8606=IFCCARTESIANPOINTLIST2D(((1.2343775033950806,0.10000000149011612),(1.2093775030225515,0.10000000149011612),(1.2093775030225515,0.090000001713633537),(1.1843775026500225,0.090000001713633537),(1.1843775026500225,0.05000000074505806),(1.2343775033950806,0.05000000074505806)));
#8607=IFCINDEXEDPOLYCURVE(#8606,(IFCLINEINDEX((1,2,3,4,5,6,1))),$);
#8608=IFCCARTESIANPOINTLIST2D(((0.56583648920059204,0.090000001713633537),(0.60083648934960365,0.090000001713633537),(0.60083648934960365,0.12500000186264515),(0.56583648920059204,0.12500000186264515)));
#8609=IFCINDEXEDPOLYCURVE(#8608,(IFCLINEINDEX((1,2,3,4,1))),$);
#8610=IFCINDEXEDPOLYCURVE(#8611,(IFCLINEINDEX((1,2,3,4,1))),$);
#8611=IFCCARTESIANPOINTLIST2D(((1.2093775030225515,0.090000001713633537),(1.1743775028735399,0.090000001713633537),(1.1743775028735399,0.12500000186264515),(1.2093775030225515,0.12500000186264515)));
#8612=IFCCARTESIANPOINTLIST2D(((0.60083648934960365,0.090000001713633537),(1.1743775028735399,0.090000001713633537)));
#8613=IFCINDEXEDPOLYCURVE(#8612,$,$);
#8614=IFCINDEXEDPOLYCURVE(#8615,$,$);
#8615=IFCCARTESIANPOINTLIST2D(((0.60083648934960365,0.12500000186264515),(1.1743775028735399,0.12500000186264515)));
#8616=IFCINDEXEDPOLYCURVE(#8617,$,$);
#8617=IFCCARTESIANPOINTLIST2D(((0.60083648934960365,0.10750000178813934),(1.1743775028735399,0.10750000178813934)));
#8618=IFCSHAPEREPRESENTATION(#24,'Body','Curve2D',(#8587,#8589,#8591,#8593,#8594,#8597,#8598,#8600,#8603,#8605,#8607,#8609,#8610,#8613,#8614,#8616));
#8619=IFCCARTESIANPOINTLIST2D(((0.,0.),(1.2343775033950806,0.),(1.2343775033950806,0.89999997615814209),(0.,0.89999997615814209)));
#8620=IFCINDEXEDPOLYCURVE(#8619,(IFCLINEINDEX((1,2,3,4,1))),$);
#8621=IFCARBITRARYCLOSEDPROFILEDEF(.AREA.,$,#8620);
#8622=IFCCARTESIANPOINT((0.,-0.60000002384185791,0.));
#8623=IFCDIRECTION((0.,-1.,0.));
#8624=IFCDIRECTION((1.,0.,0.));
#8625=IFCAXIS2PLACEMENT3D(#8622,#8623,#8624);
#8626=IFCDIRECTION((0.,0.,-1.));
#8627=IFCEXTRUDEDAREASOLID(#8621,#8625,#8626,1.2);
#8628=IFCSHAPEREPRESENTATION(#11,'Body','SweptSolid',(#8627));
#8634=IFCCARTESIANPOINT((0.32623401208836489,1.1920928955078125E-06,1.));
#8635=IFCDIRECTION((0.,0.,1.));
#8636=IFCDIRECTION((0.99999999999988631,-4.7683715820307079E-07,0.));
#8637=IFCAXIS2PLACEMENT3D(#8634,#8635,#8636);
#8638=IFCLOCALPLACEMENT(#4859,#8637);
#8639=IFCCARTESIANPOINT((-8.8817841970012523E-16,0.,0.));
#8640=IFCDIRECTION((0.,0.,1.));
#8641=IFCDIRECTION((1.,0.,0.));
#8642=IFCAXIS2PLACEMENT3D(#8639,#8640,#8641);
#8643=IFCLOCALPLACEMENT(#8638,#8642);
#8644=IFCWINDOWTYPE('1pH9aWIKf1RvSLfrSzVayI',$,'2F - Masters Bedroom 2',$,$,(#8645),(#8647,#8655,#8703),$,$,.WINDOW.,.SINGLE_PANEL.,$,$);
#8645=IFCPROPERTYSET('3H3kegreL6outM3y2Wvk8$',$,'BBIM_Window',$,(#8646));
#8646=IFCPROPERTYSINGLEVALUE('Data',$,IFCTEXT('{"window_type": "SINGLE_PANEL", "overall_height": 0.8999999761581421, "overall_width": 0.8000977039337158, "lining_properties": {"lining_depth": 0.05000000074505806, "lining_thickness": 0.05000000074505806, "lining_offset": 0.05000000074505806, "lining_to_panel_offset_x": 0.02500000037252903, "lining_to_panel_offset_y": 0.02500000037252903}, "panel_properties": {"frame_depth": [0.03500000014901161, 0.03500000014901161, 0.03500000014901161], "frame_thickness": [0.03500000014901161, 0.03500000014901161, 0.03500000014901161]}}'),$);
#8647=IFCREPRESENTATIONMAP(#8648,#8837);
#8648=IFCAXIS2PLACEMENT3D(#8649,#8650,#8651);
#8649=IFCCARTESIANPOINT((0.,0.,0.));
#8650=IFCDIRECTION((0.,0.,1.));
#8651=IFCDIRECTION((1.,0.,0.));
#8655=IFCREPRESENTATIONMAP(#8656,#8880);
#8656=IFCAXIS2PLACEMENT3D(#8657,#8658,#8659);
#8657=IFCCARTESIANPOINT((0.,0.,0.));
#8658=IFCDIRECTION((0.,0.,1.));
#8659=IFCDIRECTION((1.,0.,0.));
#8703=IFCREPRESENTATIONMAP(#8704,#8903);
#8704=IFCAXIS2PLACEMENT3D(#8705,#8706,#8707);
#8705=IFCCARTESIANPOINT((0.,0.,0.));
#8706=IFCDIRECTION((0.,0.,1.));
#8707=IFCDIRECTION((1.,0.,0.));
#8725=IFCWINDOW('0I4DjG6_H3rRmN1VLJKAtj',$,'Window',$,$,#8928,#8734,$,0.89999997615814209,0.80009770393371582,$,.SINGLE_PANEL.,$);
#8726=IFCRELDEFINESBYTYPE('1naFEofTnEAhJqx2hJMkxu',$,$,$,(#8725),#8644);
#8727=IFCCARTESIANPOINT((0.,0.,0.));
#8728=IFCDIRECTION((1.,0.,0.));
#8729=IFCDIRECTION((0.,1.,0.));
#8730=IFCDIRECTION((0.,0.,1.));
#8731=IFCCARTESIANTRANSFORMATIONOPERATOR3D(#8728,#8729,#8727,1.,#8730);
#8732=IFCMAPPEDITEM(#8647,#8731);
#8733=IFCSHAPEREPRESENTATION(#18,'Profile','MappedRepresentation',(#8732));
#8734=IFCPRODUCTDEFINITIONSHAPE($,$,(#8733,#8741,#8748));
#8735=IFCCARTESIANPOINT((0.,0.,0.));
#8736=IFCDIRECTION((1.,0.,0.));
#8737=IFCDIRECTION((0.,1.,0.));
#8738=IFCDIRECTION((0.,0.,1.));
#8739=IFCCARTESIANTRANSFORMATIONOPERATOR3D(#8736,#8737,#8735,1.,#8738);
#8740=IFCMAPPEDITEM(#8655,#8739);
#8741=IFCSHAPEREPRESENTATION(#11,'Body','MappedRepresentation',(#8740));
#8742=IFCCARTESIANPOINT((0.,0.,0.));
#8743=IFCDIRECTION((1.,0.,0.));
#8744=IFCDIRECTION((0.,1.,0.));
#8745=IFCDIRECTION((0.,0.,1.));
#8746=IFCCARTESIANTRANSFORMATIONOPERATOR3D(#8743,#8744,#8742,1.,#8745);
#8747=IFCMAPPEDITEM(#8703,#8746);
#8748=IFCSHAPEREPRESENTATION(#24,'Body','MappedRepresentation',(#8747));
#8749=IFCOPENINGELEMENT('1MTSHJgSP7N8rjK0fC2QWx',$,'Opening',$,$,#8923,#8777,$,.OPENING.);
#8765=IFCCARTESIANPOINT((0.,0.,0.));
#8766=IFCDIRECTION((1.,0.,0.));
#8767=IFCDIRECTION((0.,0.,1.));
#8768=IFCAXIS2PLACEMENT3D(#8765,#8767,#8766);
#8769=IFCREPRESENTATIONMAP(#8768,#8913);
#8770=IFCCARTESIANPOINT((0.,0.,0.));
#8771=IFCDIRECTION((1.,0.,0.));
#8772=IFCDIRECTION((0.,1.,0.));
#8773=IFCDIRECTION((0.,0.,1.));
#8774=IFCCARTESIANTRANSFORMATIONOPERATOR3D(#8771,#8772,#8770,1.,#8773);
#8775=IFCMAPPEDITEM(#8769,#8774);
#8776=IFCSHAPEREPRESENTATION(#11,'Body','MappedRepresentation',(#8775));
#8777=IFCPRODUCTDEFINITIONSHAPE($,$,(#8776));
#8778=IFCRELVOIDSELEMENT('0uT2eJA8XFoOGPwzicAVlf',$,$,$,#4354,#8749);
#8784=IFCRELFILLSELEMENT('3K5NjFE6z30hUGTBbxPISD',$,$,$,#8749,#8725);
#8835=IFCCARTESIANPOINTLIST3D(((0.,0.,0.),(0.80009770393371582,0.,0.),(0.80009770393371582,0.,0.89999997615814209),(0.,0.,0.89999997615814209)));
#8836=IFCINDEXEDPOLYCURVE(#8835,(IFCLINEINDEX((1,2,3,4,1))),$);
#8837=IFCSHAPEREPRESENTATION(#18,'Profile','Curve3D',(#8836));
#8838=IFCCARTESIANPOINTLIST2D(((0.,0.),(0.80009770393371582,0.),(0.80009770393371582,0.89999997615814209),(0.,0.89999997615814209)));
#8839=IFCINDEXEDPOLYCURVE(#8838,(IFCLINEINDEX((1,2,3,4,1))),$);
#8840=IFCCARTESIANPOINTLIST2D(((0.02500000037252903,0.02500000037252903),(0.77509770356118679,0.02500000037252903),(0.77509770356118679,0.87499997578561306),(0.02500000037252903,0.87499997578561306)));
#8841=IFCINDEXEDPOLYCURVE(#8840,(IFCLINEINDEX((1,2,3,4,1))),$);
#8842=IFCARBITRARYPROFILEDEFWITHVOIDS(.AREA.,$,#8839,(#8841));
#8843=IFCCARTESIANPOINT((0.,0.090000001713633537,0.));
#8844=IFCDIRECTION((0.,-1.,0.));
#8845=IFCDIRECTION((1.,0.,0.));
#8846=IFCAXIS2PLACEMENT3D(#8843,#8844,#8845);
#8847=IFCDIRECTION((0.,0.,-1.));
#8848=IFCEXTRUDEDAREASOLID(#8842,#8846,#8847,0.0099999997764825821);
#8849=IFCCARTESIANPOINTLIST2D(((0.,0.),(0.80009770393371582,0.),(0.80009770393371582,0.89999997615814209),(0.,0.89999997615814209)));
#8850=IFCINDEXEDPOLYCURVE(#8849,(IFCLINEINDEX((1,2,3,4,1))),$);
#8851=IFCCARTESIANPOINTLIST2D(((0.05000000074505806,0.05000000074505806),(0.75009770318865776,0.05000000074505806),(0.75009770318865776,0.84999997541308403),(0.05000000074505806,0.84999997541308403)));
#8852=IFCINDEXEDPOLYCURVE(#8851,(IFCLINEINDEX((1,2,3,4,1))),$);
#8853=IFCARBITRARYPROFILEDEFWITHVOIDS(.AREA.,$,#8850,(#8852));
#8854=IFCCARTESIANPOINT((0.,0.05000000074505806,0.));
#8855=IFCDIRECTION((0.,-1.,0.));
#8856=IFCDIRECTION((1.,0.,0.));
#8857=IFCAXIS2PLACEMENT3D(#8854,#8855,#8856);
#8858=IFCDIRECTION((0.,0.,-1.));
#8859=IFCEXTRUDEDAREASOLID(#8853,#8857,#8858,0.040000000968575478);
#8860=IFCCARTESIANPOINTLIST2D(((0.,0.),(0.75009770318865776,0.),(0.75009770318865776,0.84999997541308403),(0.,0.84999997541308403)));
#8861=IFCINDEXEDPOLYCURVE(#8860,(IFCLINEINDEX((1,2,3,4,1))),$);
#8862=IFCCARTESIANPOINTLIST2D(((0.035000000149011612,0.035000000149011612),(0.71509770303964615,0.035000000149011612),(0.71509770303964615,0.81499997526407242),(0.035000000149011612,0.81499997526407242)));
#8863=IFCINDEXEDPOLYCURVE(#8862,(IFCLINEINDEX((1,2,3,4,1))),$);
#8864=IFCARBITRARYPROFILEDEFWITHVOIDS(.AREA.,$,#8861,(#8863));
#8865=IFCCARTESIANPOINT((0.02500000037252903,0.090000001713633537,0.02500000037252903));
#8866=IFCDIRECTION((0.,-1.,0.));
#8867=IFCDIRECTION((1.,0.,0.));
#8868=IFCAXIS2PLACEMENT3D(#8865,#8866,#8867);
#8869=IFCDIRECTION((0.,0.,-1.));
#8870=IFCEXTRUDEDAREASOLID(#8864,#8868,#8869,0.035000000149011612);
#8871=IFCINDEXEDPOLYCURVE(#8872,(IFCLINEINDEX((1,2,3,4,1))),$);
#8872=IFCCARTESIANPOINTLIST2D(((0.035000000149011612,0.035000000149011612),(0.71509770303964615,0.035000000149011612),(0.71509770303964615,0.81499997526407242),(0.035000000149011612,0.81499997526407242)));
#8873=IFCARBITRARYCLOSEDPROFILEDEF(.AREA.,$,#8871);
#8874=IFCCARTESIANPOINT((0.02500000037252903,0.10250000178813934,0.02500000037252903));
#8875=IFCDIRECTION((0.,-1.,0.));
#8876=IFCDIRECTION((1.,0.,0.));
#8877=IFCAXIS2PLACEMENT3D(#8874,#8875,#8876);
#8878=IFCDIRECTION((0.,0.,-1.));
#8879=IFCEXTRUDEDAREASOLID(#8873,#8877,#8878,0.01);
#8880=IFCSHAPEREPRESENTATION(#11,'Body','SweptSolid',(#8848,#8859,#8870,#8879));
#8881=IFCSHAPEREPRESENTATION(#11,'Body','SweptSolid',(#8848,#8859));
#8882=IFCSHAPEASPECT((#8881),'Lining',$,.T.,#8734);
#8883=IFCSHAPEREPRESENTATION(#11,'Body','SweptSolid',(#8870));
#8884=IFCSHAPEASPECT((#8883),'Framing',$,.T.,#8734);
#8885=IFCSHAPEREPRESENTATION(#11,'Body','SweptSolid',(#8879));
#8886=IFCSHAPEASPECT((#8885),'Glazing',$,.T.,#8734);
#8887=IFCCARTESIANPOINTLIST2D(((0.05000000074505806,0.05000000074505806),(0.75009770318865776,0.05000000074505806)));
#8888=IFCINDEXEDPOLYCURVE(#8887,$,$);
#8889=IFCCARTESIANPOINTLIST2D(((0.,0.10000000149011612),(0.02500000037252903,0.10000000149011612),(0.02500000037252903,0.090000001713633537),(0.05000000074505806,0.090000001713633537),(0.05000000074505806,0.05000000074505806),(0.,0.05000000074505806)));
#8890=IFCINDEXEDPOLYCURVE(#8889,(IFCLINEINDEX((1,2,3,4,5,6,1))),$);
#8891=IFCCARTESIANPOINTLIST2D(((0.80009770393371582,0.10000000149011612),(0.77509770356118679,0.10000000149011612),(0.77509770356118679,0.090000001713633537),(0.75009770318865776,0.090000001713633537),(0.75009770318865776,0.05000000074505806),(0.80009770393371582,0.05000000074505806)));
#8892=IFCINDEXEDPOLYCURVE(#8891,(IFCLINEINDEX((1,2,3,4,5,6,1))),$);
#8893=IFCCARTESIANPOINTLIST2D(((0.02500000037252903,0.090000001713633537),(0.060000000521540642,0.090000001713633537),(0.060000000521540642,0.12500000186264515),(0.02500000037252903,0.12500000186264515)));
#8894=IFCINDEXEDPOLYCURVE(#8893,(IFCLINEINDEX((1,2,3,4,1))),$);
#8895=IFCINDEXEDPOLYCURVE(#8896,(IFCLINEINDEX((1,2,3,4,1))),$);
#8896=IFCCARTESIANPOINTLIST2D(((0.77509770356118679,0.090000001713633537),(0.74009770341217518,0.090000001713633537),(0.74009770341217518,0.12500000186264515),(0.77509770356118679,0.12500000186264515)));
#8897=IFCCARTESIANPOINTLIST2D(((0.060000000521540642,0.090000001713633537),(0.74009770341217518,0.090000001713633537)));
#8898=IFCINDEXEDPOLYCURVE(#8897,$,$);
#8899=IFCINDEXEDPOLYCURVE(#8900,$,$);
#8900=IFCCARTESIANPOINTLIST2D(((0.060000000521540642,0.12500000186264515),(0.74009770341217518,0.12500000186264515)));
#8901=IFCINDEXEDPOLYCURVE(#8902,$,$);
#8902=IFCCARTESIANPOINTLIST2D(((0.060000000521540642,0.10750000178813934),(0.74009770341217518,0.10750000178813934)));
#8903=IFCSHAPEREPRESENTATION(#24,'Body','Curve2D',(#8888,#8890,#8892,#8894,#8895,#8898,#8899,#8901));
#8904=IFCCARTESIANPOINTLIST2D(((0.,0.),(0.80009770393371582,0.),(0.80009770393371582,0.89999997615814209),(0.,0.89999997615814209)));
#8905=IFCINDEXEDPOLYCURVE(#8904,(IFCLINEINDEX((1,2,3,4,1))),$);
#8906=IFCARBITRARYCLOSEDPROFILEDEF(.AREA.,$,#8905);
#8907=IFCCARTESIANPOINT((0.,-0.60000002384185791,0.));
#8908=IFCDIRECTION((0.,-1.,0.));
#8909=IFCDIRECTION((1.,0.,0.));
#8910=IFCAXIS2PLACEMENT3D(#8907,#8908,#8909);
#8911=IFCDIRECTION((0.,0.,-1.));
#8912=IFCEXTRUDEDAREASOLID(#8906,#8910,#8911,1.2);
#8913=IFCSHAPEREPRESENTATION(#11,'Body','SweptSolid',(#8912));
#8919=IFCCARTESIANPOINT((6.124955825001833,1.4449273897376713E-06,1.));
#8920=IFCDIRECTION((0.,0.,1.));
#8921=IFCDIRECTION((0.99999999999999289,1.1920928244535129E-07,0.));
#8922=IFCAXIS2PLACEMENT3D(#8919,#8920,#8921);
#8923=IFCLOCALPLACEMENT(#4584,#8922);
#8924=IFCCARTESIANPOINT((0.,0.,0.));
#8925=IFCDIRECTION((0.,0.,1.));
#8926=IFCDIRECTION((1.,0.,0.));
#8927=IFCAXIS2PLACEMENT3D(#8924,#8925,#8926);
#8928=IFCLOCALPLACEMENT(#8923,#8927);
#8929=IFCWINDOWTYPE('0061SJQfL1ju5OIF0vn6lA',$,'2F - Masters Bedroom 1',$,$,(#8930),(#8932,#8940,#8988),$,$,.WINDOW.,.SINGLE_PANEL.,$,$);
#8930=IFCPROPERTYSET('25bcE5h8X2j8wdxGISfKPv',$,'BBIM_Window',$,(#8931));
#8931=IFCPROPERTYSINGLEVALUE('Data',$,IFCTEXT('{"window_type": "SINGLE_PANEL", "overall_height": 0.8999999761581421, "overall_width": 0.8068282604217529, "lining_properties": {"lining_depth": 0.05000000074505806, "lining_thickness": 0.05000000074505806, "lining_offset": 0.05000000074505806, "lining_to_panel_offset_x": 0.02500000037252903, "lining_to_panel_offset_y": 0.02500000037252903}, "panel_properties": {"frame_depth": [0.03500000014901161, 0.03500000014901161, 0.03500000014901161], "frame_thickness": [0.03500000014901161, 0.03500000014901161, 0.03500000014901161]}}'),$);
#8932=IFCREPRESENTATIONMAP(#8933,#9122);
#8933=IFCAXIS2PLACEMENT3D(#8934,#8935,#8936);
#8934=IFCCARTESIANPOINT((0.,0.,0.));
#8935=IFCDIRECTION((0.,0.,1.));
#8936=IFCDIRECTION((1.,0.,0.));
#8940=IFCREPRESENTATIONMAP(#8941,#9165);
#8941=IFCAXIS2PLACEMENT3D(#8942,#8943,#8944);
#8942=IFCCARTESIANPOINT((0.,0.,0.));
#8943=IFCDIRECTION((0.,0.,1.));
#8944=IFCDIRECTION((1.,0.,0.));
#8988=IFCREPRESENTATIONMAP(#8989,#9188);
#8989=IFCAXIS2PLACEMENT3D(#8990,#8991,#8992);
#8990=IFCCARTESIANPOINT((0.,0.,0.));
#8991=IFCDIRECTION((0.,0.,1.));
#8992=IFCDIRECTION((1.,0.,0.));
#9010=IFCWINDOW('1yKtE4b7jDWwttZVvYUxHr',$,'Window',$,$,#9213,#9019,$,0.89999997615814209,0.80682826042175293,$,.SINGLE_PANEL.,$);
#9011=IFCRELDEFINESBYTYPE('00xqRJBgz1xx4re7EHV8HO',$,$,$,(#9010),#8929);
#9012=IFCCARTESIANPOINT((0.,0.,0.));
#9013=IFCDIRECTION((1.,0.,0.));
#9014=IFCDIRECTION((0.,1.,0.));
#9015=IFCDIRECTION((0.,0.,1.));
#9016=IFCCARTESIANTRANSFORMATIONOPERATOR3D(#9013,#9014,#9012,1.,#9015);
#9017=IFCMAPPEDITEM(#8932,#9016);
#9018=IFCSHAPEREPRESENTATION(#18,'Profile','MappedRepresentation',(#9017));
#9019=IFCPRODUCTDEFINITIONSHAPE($,$,(#9018,#9026,#9033));
#9020=IFCCARTESIANPOINT((0.,0.,0.));
#9021=IFCDIRECTION((1.,0.,0.));
#9022=IFCDIRECTION((0.,1.,0.));
#9023=IFCDIRECTION((0.,0.,1.));
#9024=IFCCARTESIANTRANSFORMATIONOPERATOR3D(#9021,#9022,#9020,1.,#9023);
#9025=IFCMAPPEDITEM(#8940,#9024);
#9026=IFCSHAPEREPRESENTATION(#11,'Body','MappedRepresentation',(#9025));
#9027=IFCCARTESIANPOINT((0.,0.,0.));
#9028=IFCDIRECTION((1.,0.,0.));
#9029=IFCDIRECTION((0.,1.,0.));
#9030=IFCDIRECTION((0.,0.,1.));
#9031=IFCCARTESIANTRANSFORMATIONOPERATOR3D(#9028,#9029,#9027,1.,#9030);
#9032=IFCMAPPEDITEM(#8988,#9031);
#9033=IFCSHAPEREPRESENTATION(#24,'Body','MappedRepresentation',(#9032));
#9034=IFCOPENINGELEMENT('2RvWO4ZyfBQQBPzwtwwmH1',$,'Opening',$,$,#9208,#9062,$,.OPENING.);
#9050=IFCCARTESIANPOINT((0.,0.,0.));
#9051=IFCDIRECTION((1.,0.,0.));
#9052=IFCDIRECTION((0.,0.,1.));
#9053=IFCAXIS2PLACEMENT3D(#9050,#9052,#9051);
#9054=IFCREPRESENTATIONMAP(#9053,#9198);
#9055=IFCCARTESIANPOINT((0.,0.,0.));
#9056=IFCDIRECTION((1.,0.,0.));
#9057=IFCDIRECTION((0.,1.,0.));
#9058=IFCDIRECTION((0.,0.,1.));
#9059=IFCCARTESIANTRANSFORMATIONOPERATOR3D(#9056,#9057,#9055,1.,#9058);
#9060=IFCMAPPEDITEM(#9054,#9059);
#9061=IFCSHAPEREPRESENTATION(#11,'Body','MappedRepresentation',(#9060));
#9062=IFCPRODUCTDEFINITIONSHAPE($,$,(#9061));
#9063=IFCRELVOIDSELEMENT('0UURInn5jBvOFx9F4n538V',$,$,$,#4354,#9034);
#9069=IFCRELFILLSELEMENT('3oIN4z8PL4MBlD_RroFowr',$,$,$,#9034,#9010);
#9120=IFCCARTESIANPOINTLIST3D(((0.,0.,0.),(0.80682826042175293,0.,0.),(0.80682826042175293,0.,0.89999997615814209),(0.,0.,0.89999997615814209)));
#9121=IFCINDEXEDPOLYCURVE(#9120,(IFCLINEINDEX((1,2,3,4,1))),$);
#9122=IFCSHAPEREPRESENTATION(#18,'Profile','Curve3D',(#9121));
#9123=IFCCARTESIANPOINTLIST2D(((0.,0.),(0.80682826042175293,0.),(0.80682826042175293,0.89999997615814209),(0.,0.89999997615814209)));
#9124=IFCINDEXEDPOLYCURVE(#9123,(IFCLINEINDEX((1,2,3,4,1))),$);
#9125=IFCCARTESIANPOINTLIST2D(((0.02500000037252903,0.02500000037252903),(0.7818282600492239,0.02500000037252903),(0.7818282600492239,0.87499997578561306),(0.02500000037252903,0.87499997578561306)));
#9126=IFCINDEXEDPOLYCURVE(#9125,(IFCLINEINDEX((1,2,3,4,1))),$);
#9127=IFCARBITRARYPROFILEDEFWITHVOIDS(.AREA.,$,#9124,(#9126));
#9128=IFCCARTESIANPOINT((0.,0.090000001713633537,0.));
#9129=IFCDIRECTION((0.,-1.,0.));
#9130=IFCDIRECTION((1.,0.,0.));
#9131=IFCAXIS2PLACEMENT3D(#9128,#9129,#9130);
#9132=IFCDIRECTION((0.,0.,-1.));
#9133=IFCEXTRUDEDAREASOLID(#9127,#9131,#9132,0.0099999997764825821);
#9134=IFCCARTESIANPOINTLIST2D(((0.,0.),(0.80682826042175293,0.),(0.80682826042175293,0.89999997615814209),(0.,0.89999997615814209)));
#9135=IFCINDEXEDPOLYCURVE(#9134,(IFCLINEINDEX((1,2,3,4,1))),$);
#9136=IFCCARTESIANPOINTLIST2D(((0.05000000074505806,0.05000000074505806),(0.75682825967669487,0.05000000074505806),(0.75682825967669487,0.84999997541308403),(0.05000000074505806,0.84999997541308403)));
#9137=IFCINDEXEDPOLYCURVE(#9136,(IFCLINEINDEX((1,2,3,4,1))),$);
#9138=IFCARBITRARYPROFILEDEFWITHVOIDS(.AREA.,$,#9135,(#9137));
#9139=IFCCARTESIANPOINT((0.,0.05000000074505806,0.));
#9140=IFCDIRECTION((0.,-1.,0.));
#9141=IFCDIRECTION((1.,0.,0.));
#9142=IFCAXIS2PLACEMENT3D(#9139,#9140,#9141);
#9143=IFCDIRECTION((0.,0.,-1.));
#9144=IFCEXTRUDEDAREASOLID(#9138,#9142,#9143,0.040000000968575478);
#9145=IFCCARTESIANPOINTLIST2D(((0.,0.),(0.75682825967669487,0.),(0.75682825967669487,0.84999997541308403),(0.,0.84999997541308403)));
#9146=IFCINDEXEDPOLYCURVE(#9145,(IFCLINEINDEX((1,2,3,4,1))),$);
#9147=IFCCARTESIANPOINTLIST2D(((0.035000000149011612,0.035000000149011612),(0.72182825952768326,0.035000000149011612),(0.72182825952768326,0.81499997526407242),(0.035000000149011612,0.81499997526407242)));
#9148=IFCINDEXEDPOLYCURVE(#9147,(IFCLINEINDEX((1,2,3,4,1))),$);
#9149=IFCARBITRARYPROFILEDEFWITHVOIDS(.AREA.,$,#9146,(#9148));
#9150=IFCCARTESIANPOINT((0.02500000037252903,0.090000001713633537,0.02500000037252903));
#9151=IFCDIRECTION((0.,-1.,0.));
#9152=IFCDIRECTION((1.,0.,0.));
#9153=IFCAXIS2PLACEMENT3D(#9150,#9151,#9152);
#9154=IFCDIRECTION((0.,0.,-1.));
#9155=IFCEXTRUDEDAREASOLID(#9149,#9153,#9154,0.035000000149011612);
#9156=IFCINDEXEDPOLYCURVE(#9157,(IFCLINEINDEX((1,2,3,4,1))),$);
#9157=IFCCARTESIANPOINTLIST2D(((0.035000000149011612,0.035000000149011612),(0.72182825952768326,0.035000000149011612),(0.72182825952768326,0.81499997526407242),(0.035000000149011612,0.81499997526407242)));
#9158=IFCARBITRARYCLOSEDPROFILEDEF(.AREA.,$,#9156);
#9159=IFCCARTESIANPOINT((0.02500000037252903,0.10250000178813934,0.02500000037252903));
#9160=IFCDIRECTION((0.,-1.,0.));
#9161=IFCDIRECTION((1.,0.,0.));
#9162=IFCAXIS2PLACEMENT3D(#9159,#9160,#9161);
#9163=IFCDIRECTION((0.,0.,-1.));
#9164=IFCEXTRUDEDAREASOLID(#9158,#9162,#9163,0.01);
#9165=IFCSHAPEREPRESENTATION(#11,'Body','SweptSolid',(#9133,#9144,#9155,#9164));
#9166=IFCSHAPEREPRESENTATION(#11,'Body','SweptSolid',(#9133,#9144));
#9167=IFCSHAPEASPECT((#9166),'Lining',$,.T.,#9019);
#9168=IFCSHAPEREPRESENTATION(#11,'Body','SweptSolid',(#9155));
#9169=IFCSHAPEASPECT((#9168),'Framing',$,.T.,#9019);
#9170=IFCSHAPEREPRESENTATION(#11,'Body','SweptSolid',(#9164));
#9171=IFCSHAPEASPECT((#9170),'Glazing',$,.T.,#9019);
#9172=IFCCARTESIANPOINTLIST2D(((0.05000000074505806,0.05000000074505806),(0.75682825967669487,0.05000000074505806)));
#9173=IFCINDEXEDPOLYCURVE(#9172,$,$);
#9174=IFCCARTESIANPOINTLIST2D(((0.,0.10000000149011612),(0.02500000037252903,0.10000000149011612),(0.02500000037252903,0.090000001713633537),(0.05000000074505806,0.090000001713633537),(0.05000000074505806,0.05000000074505806),(0.,0.05000000074505806)));
#9175=IFCINDEXEDPOLYCURVE(#9174,(IFCLINEINDEX((1,2,3,4,5,6,1))),$);
#9176=IFCCARTESIANPOINTLIST2D(((0.80682826042175293,0.10000000149011612),(0.7818282600492239,0.10000000149011612),(0.7818282600492239,0.090000001713633537),(0.75682825967669487,0.090000001713633537),(0.75682825967669487,0.05000000074505806),(0.80682826042175293,0.05000000074505806)));
#9177=IFCINDEXEDPOLYCURVE(#9176,(IFCLINEINDEX((1,2,3,4,5,6,1))),$);
#9178=IFCCARTESIANPOINTLIST2D(((0.02500000037252903,0.090000001713633537),(0.060000000521540642,0.090000001713633537),(0.060000000521540642,0.12500000186264515),(0.02500000037252903,0.12500000186264515)));
#9179=IFCINDEXEDPOLYCURVE(#9178,(IFCLINEINDEX((1,2,3,4,1))),$);
#9180=IFCINDEXEDPOLYCURVE(#9181,(IFCLINEINDEX((1,2,3,4,1))),$);
#9181=IFCCARTESIANPOINTLIST2D(((0.7818282600492239,0.090000001713633537),(0.74682825990021229,0.090000001713633537),(0.74682825990021229,0.12500000186264515),(0.7818282600492239,0.12500000186264515)));
#9182=IFCCARTESIANPOINTLIST2D(((0.060000000521540642,0.090000001713633537),(0.74682825990021229,0.090000001713633537)));
#9183=IFCINDEXEDPOLYCURVE(#9182,$,$);
#9184=IFCINDEXEDPOLYCURVE(#9185,$,$);
#9185=IFCCARTESIANPOINTLIST2D(((0.060000000521540642,0.12500000186264515),(0.74682825990021229,0.12500000186264515)));
#9186=IFCINDEXEDPOLYCURVE(#9187,$,$);
#9187=IFCCARTESIANPOINTLIST2D(((0.060000000521540642,0.10750000178813934),(0.74682825990021229,0.10750000178813934)));
#9188=IFCSHAPEREPRESENTATION(#24,'Body','Curve2D',(#9173,#9175,#9177,#9179,#9180,#9183,#9184,#9186));
#9189=IFCCARTESIANPOINTLIST2D(((0.,0.),(0.80682826042175293,0.),(0.80682826042175293,0.89999997615814209),(0.,0.89999997615814209)));
#9190=IFCINDEXEDPOLYCURVE(#9189,(IFCLINEINDEX((1,2,3,4,1))),$);
#9191=IFCARBITRARYCLOSEDPROFILEDEF(.AREA.,$,#9190);
#9192=IFCCARTESIANPOINT((0.,-0.60000002384185791,0.));
#9193=IFCDIRECTION((0.,-1.,0.));
#9194=IFCDIRECTION((1.,0.,0.));
#9195=IFCAXIS2PLACEMENT3D(#9192,#9193,#9194);
#9196=IFCDIRECTION((0.,0.,-1.));
#9197=IFCEXTRUDEDAREASOLID(#9191,#9195,#9196,1.2);
#9198=IFCSHAPEREPRESENTATION(#11,'Body','SweptSolid',(#9197));
#9204=IFCCARTESIANPOINT((3.5657238284655492,1.1613068759963596E-06,1.));
#9205=IFCDIRECTION((0.,0.,1.));
#9206=IFCDIRECTION((0.99999999999999289,1.1920928244535129E-07,0.));
#9207=IFCAXIS2PLACEMENT3D(#9204,#9205,#9206);
#9208=IFCLOCALPLACEMENT(#4584,#9207);
#9209=IFCCARTESIANPOINT((0.,0.,0.));
#9210=IFCDIRECTION((0.,0.,1.));
#9211=IFCDIRECTION((1.,0.,0.));
#9212=IFCAXIS2PLACEMENT3D(#9209,#9210,#9211);
#9213=IFCLOCALPLACEMENT(#9208,#9212);
#9214=IFCWINDOWTYPE('00DqEWsaz5tQkvPOuN7fN3',$,'2F-BR1 1',$,$,(#9215),(#9217,#9225,#9273),$,$,.WINDOW.,.SINGLE_PANEL.,$,$);
#9215=IFCPROPERTYSET('1MLV36O6v3DvXL4_5Bq_Ql',$,'BBIM_Window',$,(#9216));
#9216=IFCPROPERTYSINGLEVALUE('Data',$,IFCTEXT('{"window_type": "SINGLE_PANEL", "overall_height": 0.8999999761581421, "overall_width": 0.815241813659668, "lining_properties": {"lining_depth": 0.05000000074505806, "lining_thickness": 0.05000000074505806, "lining_offset": 0.05000000074505806, "lining_to_panel_offset_x": 0.02500000037252903, "lining_to_panel_offset_y": 0.02500000037252903}, "panel_properties": {"frame_depth": [0.03500000014901161, 0.03500000014901161, 0.03500000014901161], "frame_thickness": [0.03500000014901161, 0.03500000014901161, 0.03500000014901161]}}'),$);
#9217=IFCREPRESENTATIONMAP(#9218,#9377);
#9218=IFCAXIS2PLACEMENT3D(#9219,#9220,#9221);
#9219=IFCCARTESIANPOINT((0.,0.,0.));
#9220=IFCDIRECTION((0.,0.,1.));
#9221=IFCDIRECTION((1.,0.,0.));
#9225=IFCREPRESENTATIONMAP(#9226,#9420);
#9226=IFCAXIS2PLACEMENT3D(#9227,#9228,#9229);
#9227=IFCCARTESIANPOINT((0.,0.,0.));
#9228=IFCDIRECTION((0.,0.,1.));
#9229=IFCDIRECTION((1.,0.,0.));
#9273=IFCREPRESENTATIONMAP(#9274,#9443);
#9274=IFCAXIS2PLACEMENT3D(#9275,#9276,#9277);
#9275=IFCCARTESIANPOINT((0.,0.,0.));
#9276=IFCDIRECTION((0.,0.,1.));
#9277=IFCDIRECTION((1.,0.,0.));
#9295=IFCWINDOW('3VsJD4RWb1FuT4AKJl$GgE',$,'Window',$,$,#9468,#9304,$,0.89999997615814209,0.81524181365966797,$,.SINGLE_PANEL.,$);
#9296=IFCRELDEFINESBYTYPE('1mcwoh8oL789eCPSkJRctV',$,$,$,(#9295),#9214);
#9297=IFCCARTESIANPOINT((0.,0.,0.));
#9298=IFCDIRECTION((1.,0.,0.));
#9299=IFCDIRECTION((0.,1.,0.));
#9300=IFCDIRECTION((0.,0.,1.));
#9301=IFCCARTESIANTRANSFORMATIONOPERATOR3D(#9298,#9299,#9297,1.,#9300);
#9302=IFCMAPPEDITEM(#9217,#9301);
#9303=IFCSHAPEREPRESENTATION(#18,'Profile','MappedRepresentation',(#9302));
#9304=IFCPRODUCTDEFINITIONSHAPE($,$,(#9303,#9311,#9318));
#9305=IFCCARTESIANPOINT((0.,0.,0.));
#9306=IFCDIRECTION((1.,0.,0.));
#9307=IFCDIRECTION((0.,1.,0.));
#9308=IFCDIRECTION((0.,0.,1.));
#9309=IFCCARTESIANTRANSFORMATIONOPERATOR3D(#9306,#9307,#9305,1.,#9308);
#9310=IFCMAPPEDITEM(#9225,#9309);
#9311=IFCSHAPEREPRESENTATION(#11,'Body','MappedRepresentation',(#9310));
#9312=IFCCARTESIANPOINT((0.,0.,0.));
#9313=IFCDIRECTION((1.,0.,0.));
#9314=IFCDIRECTION((0.,1.,0.));
#9315=IFCDIRECTION((0.,0.,1.));
#9316=IFCCARTESIANTRANSFORMATIONOPERATOR3D(#9313,#9314,#9312,1.,#9315);
#9317=IFCMAPPEDITEM(#9273,#9316);
#9318=IFCSHAPEREPRESENTATION(#24,'Body','MappedRepresentation',(#9317));
#9319=IFCOPENINGELEMENT('21z9knXjPFJwLOBHguTdrL',$,'Opening',$,$,#9463,#9347,$,.OPENING.);
#9335=IFCCARTESIANPOINT((0.,0.,0.));
#9336=IFCDIRECTION((1.,0.,0.));
#9337=IFCDIRECTION((0.,0.,1.));
#9338=IFCAXIS2PLACEMENT3D(#9335,#9337,#9336);
#9339=IFCREPRESENTATIONMAP(#9338,#9453);
#9340=IFCCARTESIANPOINT((0.,0.,0.));
#9341=IFCDIRECTION((1.,0.,0.));
#9342=IFCDIRECTION((0.,1.,0.));
#9343=IFCDIRECTION((0.,0.,1.));
#9344=IFCCARTESIANTRANSFORMATIONOPERATOR3D(#9341,#9342,#9340,1.,#9343);
#9345=IFCMAPPEDITEM(#9339,#9344);
#9346=IFCSHAPEREPRESENTATION(#11,'Body','MappedRepresentation',(#9345));
#9347=IFCPRODUCTDEFINITIONSHAPE($,$,(#9346));
#9348=IFCRELVOIDSELEMENT('2s1ei8WOnCfwlfgieFh$Y7',$,$,$,#4354,#9319);
#9354=IFCRELFILLSELEMENT('3qIyzCkJP8cxWEsXqip7ao',$,$,$,#9319,#9295);
#9375=IFCCARTESIANPOINTLIST3D(((0.,0.,0.),(0.81524181365966797,0.,0.),(0.81524181365966797,0.,0.89999997615814209),(0.,0.,0.89999997615814209)));
#9376=IFCINDEXEDPOLYCURVE(#9375,(IFCLINEINDEX((1,2,3,4,1))),$);
#9377=IFCSHAPEREPRESENTATION(#18,'Profile','Curve3D',(#9376));
#9378=IFCCARTESIANPOINTLIST2D(((0.,0.),(0.81524181365966797,0.),(0.81524181365966797,0.89999997615814209),(0.,0.89999997615814209)));
#9379=IFCINDEXEDPOLYCURVE(#9378,(IFCLINEINDEX((1,2,3,4,1))),$);
#9380=IFCCARTESIANPOINTLIST2D(((0.02500000037252903,0.02500000037252903),(0.79024181328713894,0.02500000037252903),(0.79024181328713894,0.87499997578561306),(0.02500000037252903,0.87499997578561306)));
#9381=IFCINDEXEDPOLYCURVE(#9380,(IFCLINEINDEX((1,2,3,4,1))),$);
#9382=IFCARBITRARYPROFILEDEFWITHVOIDS(.AREA.,$,#9379,(#9381));
#9383=IFCCARTESIANPOINT((0.,0.090000001713633537,0.));
#9384=IFCDIRECTION((0.,-1.,0.));
#9385=IFCDIRECTION((1.,0.,0.));
#9386=IFCAXIS2PLACEMENT3D(#9383,#9384,#9385);
#9387=IFCDIRECTION((0.,0.,-1.));
#9388=IFCEXTRUDEDAREASOLID(#9382,#9386,#9387,0.0099999997764825821);
#9389=IFCCARTESIANPOINTLIST2D(((0.,0.),(0.81524181365966797,0.),(0.81524181365966797,0.89999997615814209),(0.,0.89999997615814209)));
#9390=IFCINDEXEDPOLYCURVE(#9389,(IFCLINEINDEX((1,2,3,4,1))),$);
#9391=IFCCARTESIANPOINTLIST2D(((0.05000000074505806,0.05000000074505806),(0.76524181291460991,0.05000000074505806),(0.76524181291460991,0.84999997541308403),(0.05000000074505806,0.84999997541308403)));
#9392=IFCINDEXEDPOLYCURVE(#9391,(IFCLINEINDEX((1,2,3,4,1))),$);
#9393=IFCARBITRARYPROFILEDEFWITHVOIDS(.AREA.,$,#9390,(#9392));
#9394=IFCCARTESIANPOINT((0.,0.05000000074505806,0.));
#9395=IFCDIRECTION((0.,-1.,0.));
#9396=IFCDIRECTION((1.,0.,0.));
#9397=IFCAXIS2PLACEMENT3D(#9394,#9395,#9396);
#9398=IFCDIRECTION((0.,0.,-1.));
#9399=IFCEXTRUDEDAREASOLID(#9393,#9397,#9398,0.040000000968575478);
#9400=IFCCARTESIANPOINTLIST2D(((0.,0.),(0.76524181291460991,0.),(0.76524181291460991,0.84999997541308403),(0.,0.84999997541308403)));
#9401=IFCINDEXEDPOLYCURVE(#9400,(IFCLINEINDEX((1,2,3,4,1))),$);
#9402=IFCCARTESIANPOINTLIST2D(((0.035000000149011612,0.035000000149011612),(0.7302418127655983,0.035000000149011612),(0.7302418127655983,0.81499997526407242),(0.035000000149011612,0.81499997526407242)));
#9403=IFCINDEXEDPOLYCURVE(#9402,(IFCLINEINDEX((1,2,3,4,1))),$);
#9404=IFCARBITRARYPROFILEDEFWITHVOIDS(.AREA.,$,#9401,(#9403));
#9405=IFCCARTESIANPOINT((0.02500000037252903,0.090000001713633537,0.02500000037252903));
#9406=IFCDIRECTION((0.,-1.,0.));
#9407=IFCDIRECTION((1.,0.,0.));
#9408=IFCAXIS2PLACEMENT3D(#9405,#9406,#9407);
#9409=IFCDIRECTION((0.,0.,-1.));
#9410=IFCEXTRUDEDAREASOLID(#9404,#9408,#9409,0.035000000149011612);
#9411=IFCINDEXEDPOLYCURVE(#9412,(IFCLINEINDEX((1,2,3,4,1))),$);
#9412=IFCCARTESIANPOINTLIST2D(((0.035000000149011612,0.035000000149011612),(0.7302418127655983,0.035000000149011612),(0.7302418127655983,0.81499997526407242),(0.035000000149011612,0.81499997526407242)));
#9413=IFCARBITRARYCLOSEDPROFILEDEF(.AREA.,$,#9411);
#9414=IFCCARTESIANPOINT((0.02500000037252903,0.10250000178813934,0.02500000037252903));
#9415=IFCDIRECTION((0.,-1.,0.));
#9416=IFCDIRECTION((1.,0.,0.));
#9417=IFCAXIS2PLACEMENT3D(#9414,#9415,#9416);
#9418=IFCDIRECTION((0.,0.,-1.));
#9419=IFCEXTRUDEDAREASOLID(#9413,#9417,#9418,0.01);
#9420=IFCSHAPEREPRESENTATION(#11,'Body','SweptSolid',(#9388,#9399,#9410,#9419));
#9421=IFCSHAPEREPRESENTATION(#11,'Body','SweptSolid',(#9388,#9399));
#9422=IFCSHAPEASPECT((#9421),'Lining',$,.T.,#9304);
#9423=IFCSHAPEREPRESENTATION(#11,'Body','SweptSolid',(#9410));
#9424=IFCSHAPEASPECT((#9423),'Framing',$,.T.,#9304);
#9425=IFCSHAPEREPRESENTATION(#11,'Body','SweptSolid',(#9419));
#9426=IFCSHAPEASPECT((#9425),'Glazing',$,.T.,#9304);
#9427=IFCCARTESIANPOINTLIST2D(((0.05000000074505806,0.05000000074505806),(0.76524181291460991,0.05000000074505806)));
#9428=IFCINDEXEDPOLYCURVE(#9427,$,$);
#9429=IFCCARTESIANPOINTLIST2D(((0.,0.10000000149011612),(0.02500000037252903,0.10000000149011612),(0.02500000037252903,0.090000001713633537),(0.05000000074505806,0.090000001713633537),(0.05000000074505806,0.05000000074505806),(0.,0.05000000074505806)));
#9430=IFCINDEXEDPOLYCURVE(#9429,(IFCLINEINDEX((1,2,3,4,5,6,1))),$);
#9431=IFCCARTESIANPOINTLIST2D(((0.81524181365966797,0.10000000149011612),(0.79024181328713894,0.10000000149011612),(0.79024181328713894,0.090000001713633537),(0.76524181291460991,0.090000001713633537),(0.76524181291460991,0.05000000074505806),(0.81524181365966797,0.05000000074505806)));
#9432=IFCINDEXEDPOLYCURVE(#9431,(IFCLINEINDEX((1,2,3,4,5,6,1))),$);
#9433=IFCCARTESIANPOINTLIST2D(((0.02500000037252903,0.090000001713633537),(0.060000000521540642,0.090000001713633537),(0.060000000521540642,0.12500000186264515),(0.02500000037252903,0.12500000186264515)));
#9434=IFCINDEXEDPOLYCURVE(#9433,(IFCLINEINDEX((1,2,3,4,1))),$);
#9435=IFCINDEXEDPOLYCURVE(#9436,(IFCLINEINDEX((1,2,3,4,1))),$);
#9436=IFCCARTESIANPOINTLIST2D(((0.79024181328713894,0.090000001713633537),(0.75524181313812733,0.090000001713633537),(0.75524181313812733,0.12500000186264515),(0.79024181328713894,0.12500000186264515)));
#9437=IFCCARTESIANPOINTLIST2D(((0.060000000521540642,0.090000001713633537),(0.75524181313812733,0.090000001713633537)));
#9438=IFCINDEXEDPOLYCURVE(#9437,$,$);
#9439=IFCINDEXEDPOLYCURVE(#9440,$,$);
#9440=IFCCARTESIANPOINTLIST2D(((0.060000000521540642,0.12500000186264515),(0.75524181313812733,0.12500000186264515)));
#9441=IFCINDEXEDPOLYCURVE(#9442,$,$);
#9442=IFCCARTESIANPOINTLIST2D(((0.060000000521540642,0.10750000178813934),(0.75524181313812733,0.10750000178813934)));
#9443=IFCSHAPEREPRESENTATION(#24,'Body','Curve2D',(#9428,#9430,#9432,#9434,#9435,#9438,#9439,#9441));
#9444=IFCCARTESIANPOINTLIST2D(((0.,0.),(0.81524181365966797,0.),(0.81524181365966797,0.89999997615814209),(0.,0.89999997615814209)));
#9445=IFCINDEXEDPOLYCURVE(#9444,(IFCLINEINDEX((1,2,3,4,1))),$);
#9446=IFCARBITRARYCLOSEDPROFILEDEF(.AREA.,$,#9445);
#9447=IFCCARTESIANPOINT((0.,-0.60000002384185791,0.));
#9448=IFCDIRECTION((0.,-1.,0.));
#9449=IFCDIRECTION((1.,0.,0.));
#9450=IFCAXIS2PLACEMENT3D(#9447,#9448,#9449);
#9451=IFCDIRECTION((0.,0.,-1.));
#9452=IFCEXTRUDEDAREASOLID(#9446,#9450,#9451,1.2);
#9453=IFCSHAPEREPRESENTATION(#11,'Body','SweptSolid',(#9452));
#9459=IFCCARTESIANPOINT((1.537391595036528,3.6076738618717741E-07,1.));
#9460=IFCDIRECTION((0.,0.,1.));
#9461=IFCDIRECTION((0.99999999999999289,1.1920928244535129E-07,0.));
#9462=IFCAXIS2PLACEMENT3D(#9459,#9460,#9461);
#9463=IFCLOCALPLACEMENT(#4584,#9462);
#9464=IFCCARTESIANPOINT((0.,4.4408920985006262E-16,0.));
#9465=IFCDIRECTION((0.,0.,1.));
#9466=IFCDIRECTION((1.,0.,0.));
#9467=IFCAXIS2PLACEMENT3D(#9464,#9465,#9466);
#9468=IFCLOCALPLACEMENT(#9463,#9467);
#9469=IFCWINDOWTYPE('09QT2g_Wn9Sh56Xoeh_JfE',$,'2F-BR1 2',$,$,(#9470),(#9472,#9480,#9528),$,$,.WINDOW.,.SINGLE_PANEL.,$,$);
#9470=IFCPROPERTYSET('17XOx9f6H4vxFowGpy8bOD',$,'BBIM_Window',$,(#9471));
#9471=IFCPROPERTYSINGLEVALUE('Data',$,IFCTEXT('{"window_type": "DOUBLE_PANEL_VERTICAL", "overall_height": 0.8999999761581421, "overall_width": 1.199450969696045, "lining_properties": {"lining_depth": 0.05000000074505806, "lining_thickness": 0.05000000074505806, "lining_offset": 0.05000000074505806, "lining_to_panel_offset_x": 0.02500000037252903, "lining_to_panel_offset_y": 0.02500000037252903, "mullion_thickness": 0.05000000074505806, "first_mullion_offset": 0.5804447531700134}, "panel_properties": {"frame_depth": [0.03500000014901161, 0.03500000014901161, 0.03500000014901161], "frame_thickness": [0.03500000014901161, 0.03500000014901161, 0.03500000014901161]}}'),$);
#9472=IFCREPRESENTATIONMAP(#9473,#9756);
#9473=IFCAXIS2PLACEMENT3D(#9474,#9475,#9476);
#9474=IFCCARTESIANPOINT((0.,0.,0.));
#9475=IFCDIRECTION((0.,0.,1.));
#9476=IFCDIRECTION((1.,0.,0.));
#9480=IFCREPRESENTATIONMAP(#9481,#9837);
#9481=IFCAXIS2PLACEMENT3D(#9482,#9483,#9484);
#9482=IFCCARTESIANPOINT((0.,0.,0.));
#9483=IFCDIRECTION((0.,0.,1.));
#9484=IFCDIRECTION((1.,0.,0.));
#9528=IFCREPRESENTATIONMAP(#9529,#9870);
#9529=IFCAXIS2PLACEMENT3D(#9530,#9531,#9532);
#9530=IFCCARTESIANPOINT((0.,0.,0.));
#9531=IFCDIRECTION((0.,0.,1.));
#9532=IFCDIRECTION((1.,0.,0.));
#9550=IFCWINDOW('3VQcb_EsvFzxXQyGUs_TFv',$,'Window',$,$,#9895,#9559,$,0.89999997615814209,1.1994509696960449,$,.DOUBLE_PANEL_VERTICAL.,$);
#9551=IFCRELDEFINESBYTYPE('1AQljuVxH9gxfatuBXd9Rc',$,$,$,(#9550),#9469);
#9552=IFCCARTESIANPOINT((0.,0.,0.));
#9553=IFCDIRECTION((1.,0.,0.));
#9554=IFCDIRECTION((0.,1.,0.));
#9555=IFCDIRECTION((0.,0.,1.));
#9556=IFCCARTESIANTRANSFORMATIONOPERATOR3D(#9553,#9554,#9552,1.,#9555);
#9557=IFCMAPPEDITEM(#9472,#9556);
#9558=IFCSHAPEREPRESENTATION(#18,'Profile','MappedRepresentation',(#9557));
#9559=IFCPRODUCTDEFINITIONSHAPE($,$,(#9558,#9566,#9573));
#9560=IFCCARTESIANPOINT((0.,0.,0.));
#9561=IFCDIRECTION((1.,0.,0.));
#9562=IFCDIRECTION((0.,1.,0.));
#9563=IFCDIRECTION((0.,0.,1.));
#9564=IFCCARTESIANTRANSFORMATIONOPERATOR3D(#9561,#9562,#9560,1.,#9563);
#9565=IFCMAPPEDITEM(#9480,#9564);
#9566=IFCSHAPEREPRESENTATION(#11,'Body','MappedRepresentation',(#9565));
#9567=IFCCARTESIANPOINT((0.,0.,0.));
#9568=IFCDIRECTION((1.,0.,0.));
#9569=IFCDIRECTION((0.,1.,0.));
#9570=IFCDIRECTION((0.,0.,1.));
#9571=IFCCARTESIANTRANSFORMATIONOPERATOR3D(#9568,#9569,#9567,1.,#9570);
#9572=IFCMAPPEDITEM(#9528,#9571);
#9573=IFCSHAPEREPRESENTATION(#24,'Body','MappedRepresentation',(#9572));
#9574=IFCOPENINGELEMENT('0F9uSY9A10ERRitMAwBy5a',$,'Opening',$,$,#9890,#9602,$,.OPENING.);
#9590=IFCCARTESIANPOINT((0.,0.,0.));
#9591=IFCDIRECTION((1.,0.,0.));
#9592=IFCDIRECTION((0.,0.,1.));
#9593=IFCAXIS2PLACEMENT3D(#9590,#9592,#9591);
#9594=IFCREPRESENTATIONMAP(#9593,#9880);
#9595=IFCCARTESIANPOINT((0.,0.,0.));
#9596=IFCDIRECTION((1.,0.,0.));
#9597=IFCDIRECTION((0.,1.,0.));
#9598=IFCDIRECTION((0.,0.,1.));
#9599=IFCCARTESIANTRANSFORMATIONOPERATOR3D(#9596,#9597,#9595,1.,#9598);
#9600=IFCMAPPEDITEM(#9594,#9599);
#9601=IFCSHAPEREPRESENTATION(#11,'Body','MappedRepresentation',(#9600));
#9602=IFCPRODUCTDEFINITIONSHAPE($,$,(#9601));
#9603=IFCRELVOIDSELEMENT('1kFn4SvvX0_g1MiviHxDiJ',$,$,$,#4329,#9574);
#9609=IFCRELFILLSELEMENT('0iPsSghsv28vllBIYykk8D',$,$,$,#9574,#9550);
#9663=IFCCARTESIANPOINTLIST2D(((0.,0.),(1.1994509696960449,0.),(1.1994509696960449,0.89999997615814209),(0.,0.89999997615814209)));
#9664=IFCINDEXEDPOLYCURVE(#9663,(IFCLINEINDEX((1,2,3,4,1))),$);
#9665=IFCCARTESIANPOINTLIST2D(((0.02500000037252903,0.02500000037252903),(1.1744509693235159,0.02500000037252903),(1.1744509693235159,0.87499997578561306),(0.02500000037252903,0.87499997578561306)));
#9666=IFCINDEXEDPOLYCURVE(#9665,(IFCLINEINDEX((1,2,3,4,1))),$);
#9667=IFCARBITRARYPROFILEDEFWITHVOIDS(.AREA.,$,#9664,(#9666));
#9668=IFCCARTESIANPOINT((0.,0.090000001713633537,0.));
#9669=IFCDIRECTION((0.,-1.,0.));
#9670=IFCDIRECTION((1.,0.,0.));
#9671=IFCAXIS2PLACEMENT3D(#9668,#9669,#9670);
#9672=IFCDIRECTION((0.,0.,-1.));
#9673=IFCEXTRUDEDAREASOLID(#9667,#9671,#9672,0.0099999997764825821);
#9674=IFCCARTESIANPOINTLIST2D(((0.,0.),(1.1994509696960449,0.),(1.1994509696960449,0.89999997615814209),(0.,0.89999997615814209)));
#9675=IFCINDEXEDPOLYCURVE(#9674,(IFCLINEINDEX((1,2,3,4,1))),$);
#9676=IFCCARTESIANPOINTLIST2D(((0.05000000074505806,0.05000000074505806),(1.1494509689509869,0.05000000074505806),(1.1494509689509869,0.84999997541308403),(0.05000000074505806,0.84999997541308403)));
#9677=IFCINDEXEDPOLYCURVE(#9676,(IFCLINEINDEX((1,2,3,4,1))),$);
#9678=IFCARBITRARYPROFILEDEFWITHVOIDS(.AREA.,$,#9675,(#9677));
#9679=IFCCARTESIANPOINT((0.,0.05000000074505806,0.));
#9680=IFCDIRECTION((0.,-1.,0.));
#9681=IFCDIRECTION((1.,0.,0.));
#9682=IFCAXIS2PLACEMENT3D(#9679,#9680,#9681);
#9683=IFCDIRECTION((0.,0.,-1.));
#9684=IFCEXTRUDEDAREASOLID(#9678,#9682,#9683,0.040000000968575478);
#9685=IFCCARTESIANPOINTLIST2D(((0.,0.),(1.1494509689509869,0.),(1.1494509689509869,0.84999997541308403),(0.,0.84999997541308403)));
#9686=IFCINDEXEDPOLYCURVE(#9685,(IFCLINEINDEX((1,2,3,4,1))),$);
#9687=IFCCARTESIANPOINTLIST2D(((0.035000000149011612,0.035000000149011612),(1.1144509688019753,0.035000000149011612),(1.1144509688019753,0.81499997526407242),(0.035000000149011612,0.81499997526407242)));
#9688=IFCINDEXEDPOLYCURVE(#9687,(IFCLINEINDEX((1,2,3,4,1))),$);
#9689=IFCARBITRARYPROFILEDEFWITHVOIDS(.AREA.,$,#9686,(#9688));
#9690=IFCCARTESIANPOINT((0.02500000037252903,0.090000001713633537,0.02500000037252903));
#9691=IFCDIRECTION((0.,-1.,0.));
#9692=IFCDIRECTION((1.,0.,0.));
#9693=IFCAXIS2PLACEMENT3D(#9690,#9691,#9692);
#9694=IFCDIRECTION((0.,0.,-1.));
#9695=IFCEXTRUDEDAREASOLID(#9689,#9693,#9694,0.035000000149011612);
#9696=IFCINDEXEDPOLYCURVE(#9697,(IFCLINEINDEX((1,2,3,4,1))),$);
#9697=IFCCARTESIANPOINTLIST2D(((0.035000000149011612,0.035000000149011612),(1.1144509688019753,0.035000000149011612),(1.1144509688019753,0.81499997526407242),(0.035000000149011612,0.81499997526407242)));
#9698=IFCARBITRARYCLOSEDPROFILEDEF(.AREA.,$,#9696);
#9699=IFCCARTESIANPOINT((0.02500000037252903,0.10250000178813934,0.02500000037252903));
#9700=IFCDIRECTION((0.,-1.,0.));
#9701=IFCDIRECTION((1.,0.,0.));
#9702=IFCAXIS2PLACEMENT3D(#9699,#9700,#9701);
#9703=IFCDIRECTION((0.,0.,-1.));
#9704=IFCEXTRUDEDAREASOLID(#9698,#9702,#9703,0.01);
#9706=IFCSHAPEREPRESENTATION(#11,'Body','SweptSolid',(#9816,#9765,#9673,#9776,#9684,#9805));
#9707=IFCSHAPEASPECT((#9706),'Lining',$,.T.,#9559);
#9708=IFCSHAPEREPRESENTATION(#11,'Body','SweptSolid',(#9827,#9787,#9695));
#9709=IFCSHAPEASPECT((#9708),'Framing',$,.T.,#9559);
#9710=IFCSHAPEREPRESENTATION(#11,'Body','SweptSolid',(#9704,#9836,#9796));
#9711=IFCSHAPEASPECT((#9710),'Glazing',$,.T.,#9559);
#9754=IFCCARTESIANPOINTLIST3D(((0.,0.,0.),(1.1994509696960449,0.,0.),(1.1994509696960449,0.,0.89999997615814209),(0.,0.,0.89999997615814209)));
#9755=IFCINDEXEDPOLYCURVE(#9754,(IFCLINEINDEX((1,2,3,4,1))),$);
#9756=IFCSHAPEREPRESENTATION(#18,'Profile','Curve3D',(#9755));
#9757=IFCCARTESIANPOINTLIST2D(((0.58044475317001343,0.),(0.,0.),(0.,0.89999997615814209),(0.58044475317001343,0.89999997615814209),(0.58044475317001343,0.87499997578561306),(0.02500000037252903,0.87499997578561306),(0.02500000037252903,0.02500000037252903),(0.58044475317001343,0.02500000037252903)));
#9758=IFCINDEXEDPOLYCURVE(#9757,(IFCLINEINDEX((1,2,3,4,5,6,7,8,1))),$);
#9759=IFCARBITRARYCLOSEDPROFILEDEF(.AREA.,$,#9758);
#9760=IFCCARTESIANPOINT((0.,0.090000001713633537,0.));
#9761=IFCDIRECTION((0.,-1.,0.));
#9762=IFCDIRECTION((1.,0.,0.));
#9763=IFCAXIS2PLACEMENT3D(#9760,#9761,#9762);
#9764=IFCDIRECTION((0.,0.,-1.));
#9765=IFCEXTRUDEDAREASOLID(#9759,#9763,#9764,0.0099999997764825821);
#9766=IFCCARTESIANPOINTLIST2D(((0.,0.),(0.58044475317001343,0.),(0.58044475317001343,0.89999997615814209),(0.,0.89999997615814209)));
#9767=IFCINDEXEDPOLYCURVE(#9766,(IFCLINEINDEX((1,2,3,4,1))),$);
#9768=IFCCARTESIANPOINTLIST2D(((0.05000000074505806,0.05000000074505806),(0.5554447527974844,0.05000000074505806),(0.5554447527974844,0.84999997541308403),(0.05000000074505806,0.84999997541308403)));
#9769=IFCINDEXEDPOLYCURVE(#9768,(IFCLINEINDEX((1,2,3,4,1))),$);
#9770=IFCARBITRARYPROFILEDEFWITHVOIDS(.AREA.,$,#9767,(#9769));
#9771=IFCCARTESIANPOINT((0.,0.05000000074505806,0.));
#9772=IFCDIRECTION((0.,-1.,0.));
#9773=IFCDIRECTION((1.,0.,0.));
#9774=IFCAXIS2PLACEMENT3D(#9771,#9772,#9773);
#9775=IFCDIRECTION((0.,0.,-1.));
#9776=IFCEXTRUDEDAREASOLID(#9770,#9774,#9775,0.040000000968575478);
#9777=IFCCARTESIANPOINTLIST2D(((0.,0.),(0.5554447527974844,0.),(0.5554447527974844,0.84999997541308403),(0.,0.84999997541308403)));
#9778=IFCINDEXEDPOLYCURVE(#9777,(IFCLINEINDEX((1,2,3,4,1))),$);
#9779=IFCCARTESIANPOINTLIST2D(((0.035000000149011612,0.035000000149011612),(0.52044475264847279,0.035000000149011612),(0.52044475264847279,0.81499997526407242),(0.035000000149011612,0.81499997526407242)));
#9780=IFCINDEXEDPOLYCURVE(#9779,(IFCLINEINDEX((1,2,3,4,1))),$);
#9781=IFCARBITRARYPROFILEDEFWITHVOIDS(.AREA.,$,#9778,(#9780));
#9782=IFCCARTESIANPOINT((0.02500000037252903,0.090000001713633537,0.02500000037252903));
#9783=IFCDIRECTION((0.,-1.,0.));
#9784=IFCDIRECTION((1.,0.,0.));
#9785=IFCAXIS2PLACEMENT3D(#9782,#9783,#9784);
#9786=IFCDIRECTION((0.,0.,-1.));
#9787=IFCEXTRUDEDAREASOLID(#9781,#9785,#9786,0.035000000149011612);
#9788=IFCINDEXEDPOLYCURVE(#9789,(IFCLINEINDEX((1,2,3,4,1))),$);
#9789=IFCCARTESIANPOINTLIST2D(((0.035000000149011612,0.035000000149011612),(0.52044475264847279,0.035000000149011612),(0.52044475264847279,0.81499997526407242),(0.035000000149011612,0.81499997526407242)));
#9790=IFCARBITRARYCLOSEDPROFILEDEF(.AREA.,$,#9788);
#9791=IFCCARTESIANPOINT((0.02500000037252903,0.10250000178813934,0.02500000037252903));
#9792=IFCDIRECTION((0.,-1.,0.));
#9793=IFCDIRECTION((1.,0.,0.));
#9794=IFCAXIS2PLACEMENT3D(#9791,#9792,#9793);
#9795=IFCDIRECTION((0.,0.,-1.));
#9796=IFCEXTRUDEDAREASOLID(#9790,#9794,#9795,0.01);
#9797=IFCCARTESIANPOINTLIST2D(((0.,0.89999997615814209),(0.61900621652603149,0.89999997615814209),(0.61900621652603149,0.),(0.,0.),(0.,0.02500000037252903),(0.59400621615350246,0.02500000037252903),(0.59400621615350246,0.87499997578561306),(0.,0.87499997578561306)));
#9798=IFCINDEXEDPOLYCURVE(#9797,(IFCLINEINDEX((1,2,3,4,5,6,7,8,1))),$);
#9799=IFCARBITRARYCLOSEDPROFILEDEF(.AREA.,$,#9798);
#9800=IFCCARTESIANPOINT((0.58044475317001343,0.090000001713633537,0.));
#9801=IFCDIRECTION((0.,-1.,0.));
#9802=IFCDIRECTION((1.,0.,0.));
#9803=IFCAXIS2PLACEMENT3D(#9800,#9801,#9802);
#9804=IFCDIRECTION((0.,0.,-1.));
#9805=IFCEXTRUDEDAREASOLID(#9799,#9803,#9804,0.0099999997764825821);
#9806=IFCCARTESIANPOINTLIST2D(((0.,0.),(0.61900621652603149,0.),(0.61900621652603149,0.89999997615814209),(0.,0.89999997615814209)));
#9807=IFCINDEXEDPOLYCURVE(#9806,(IFCLINEINDEX((1,2,3,4,1))),$);
#9808=IFCCARTESIANPOINTLIST2D(((0.02500000037252903,0.05000000074505806),(0.56900621578097343,0.05000000074505806),(0.56900621578097343,0.84999997541308403),(0.02500000037252903,0.84999997541308403)));
#9809=IFCINDEXEDPOLYCURVE(#9808,(IFCLINEINDEX((1,2,3,4,1))),$);
#9810=IFCARBITRARYPROFILEDEFWITHVOIDS(.AREA.,$,#9807,(#9809));
#9811=IFCCARTESIANPOINT((0.58044475317001343,0.05000000074505806,0.));
#9812=IFCDIRECTION((0.,-1.,0.));
#9813=IFCDIRECTION((1.,0.,0.));
#9814=IFCAXIS2PLACEMENT3D(#9811,#9812,#9813);
#9815=IFCDIRECTION((0.,0.,-1.));
#9816=IFCEXTRUDEDAREASOLID(#9810,#9814,#9815,0.040000000968575478);
#9817=IFCCARTESIANPOINTLIST2D(((0.,0.),(0.59400621615350246,0.),(0.59400621615350246,0.84999997541308403),(0.,0.84999997541308403)));
#9818=IFCINDEXEDPOLYCURVE(#9817,(IFCLINEINDEX((1,2,3,4,1))),$);
#9819=IFCCARTESIANPOINTLIST2D(((0.035000000149011612,0.035000000149011612),(0.55900621600449085,0.035000000149011612),(0.55900621600449085,0.81499997526407242),(0.035000000149011612,0.81499997526407242)));
#9820=IFCINDEXEDPOLYCURVE(#9819,(IFCLINEINDEX((1,2,3,4,1))),$);
#9821=IFCARBITRARYPROFILEDEFWITHVOIDS(.AREA.,$,#9818,(#9820));
#9822=IFCCARTESIANPOINT((0.58044475317001343,0.090000001713633537,0.02500000037252903));
#9823=IFCDIRECTION((0.,-1.,0.));
#9824=IFCDIRECTION((1.,0.,0.));
#9825=IFCAXIS2PLACEMENT3D(#9822,#9823,#9824);
#9826=IFCDIRECTION((0.,0.,-1.));
#9827=IFCEXTRUDEDAREASOLID(#9821,#9825,#9826,0.035000000149011612);
#9828=IFCINDEXEDPOLYCURVE(#9829,(IFCLINEINDEX((1,2,3,4,1))),$);
#9829=IFCCARTESIANPOINTLIST2D(((0.035000000149011612,0.035000000149011612),(0.55900621600449085,0.035000000149011612),(0.55900621600449085,0.81499997526407242),(0.035000000149011612,0.81499997526407242)));
#9830=IFCARBITRARYCLOSEDPROFILEDEF(.AREA.,$,#9828);
#9831=IFCCARTESIANPOINT((0.58044475317001343,0.10250000178813934,0.02500000037252903));
#9832=IFCDIRECTION((0.,-1.,0.));
#9833=IFCDIRECTION((1.,0.,0.));
#9834=IFCAXIS2PLACEMENT3D(#9831,#9832,#9833);
#9835=IFCDIRECTION((0.,0.,-1.));
#9836=IFCEXTRUDEDAREASOLID(#9830,#9834,#9835,0.01);
#9837=IFCSHAPEREPRESENTATION(#11,'Body','SweptSolid',(#9765,#9776,#9787,#9796,#9805,#9816,#9827,#9836));
#9838=IFCCARTESIANPOINTLIST2D(((0.05000000074505806,0.05000000074505806),(0.5554447527974844,0.05000000074505806)));
#9839=IFCINDEXEDPOLYCURVE(#9838,$,$);
#9840=IFCCARTESIANPOINTLIST2D(((0.,0.10000000149011612),(0.02500000037252903,0.10000000149011612),(0.02500000037252903,0.090000001713633537),(0.05000000074505806,0.090000001713633537),(0.05000000074505806,0.05000000074505806),(0.,0.05000000074505806)));
#9841=IFCINDEXEDPOLYCURVE(#9840,(IFCLINEINDEX((1,2,3,4,5,6,1))),$);
#9842=IFCCARTESIANPOINTLIST2D(((0.58044475317001343,0.10000000149011612),(0.58044475317001343,0.10000000149011612),(0.58044475317001343,0.090000001713633537),(0.5554447527974844,0.090000001713633537),(0.5554447527974844,0.05000000074505806),(0.58044475317001343,0.05000000074505806)));
#9843=IFCINDEXEDPOLYCURVE(#9842,$,$);
#9844=IFCCARTESIANPOINTLIST2D(((0.02500000037252903,0.090000001713633537),(0.060000000521540642,0.090000001713633537),(0.060000000521540642,0.12500000186264515),(0.02500000037252903,0.12500000186264515)));
#9845=IFCINDEXEDPOLYCURVE(#9844,(IFCLINEINDEX((1,2,3,4,1))),$);
#9846=IFCINDEXEDPOLYCURVE(#9847,(IFCLINEINDEX((1,2,3,4,1))),$);
#9847=IFCCARTESIANPOINTLIST2D(((0.58044475317001343,0.090000001713633537),(0.54544475302100182,0.090000001713633537),(0.54544475302100182,0.12500000186264515),(0.58044475317001343,0.12500000186264515)));
#9848=IFCCARTESIANPOINTLIST2D(((0.060000000521540642,0.090000001713633537),(0.54544475302100182,0.090000001713633537)));
#9849=IFCINDEXEDPOLYCURVE(#9848,$,$);
#9850=IFCINDEXEDPOLYCURVE(#9851,$,$);
#9851=IFCCARTESIANPOINTLIST2D(((0.060000000521540642,0.12500000186264515),(0.54544475302100182,0.12500000186264515)));
#9852=IFCINDEXEDPOLYCURVE(#9853,$,$);
#9853=IFCCARTESIANPOINTLIST2D(((0.060000000521540642,0.10750000178813934),(0.54544475302100182,0.10750000178813934)));
#9854=IFCCARTESIANPOINTLIST2D(((0.60544475354254246,0.05000000074505806),(1.1494509689509869,0.05000000074505806)));
#9855=IFCINDEXEDPOLYCURVE(#9854,$,$);
#9856=IFCCARTESIANPOINTLIST2D(((0.58044475317001343,0.10000000149011612),(0.58044475317001343,0.10000000149011612),(0.58044475317001343,0.090000001713633537),(0.60544475354254246,0.090000001713633537),(0.60544475354254246,0.05000000074505806),(0.58044475317001343,0.05000000074505806)));
#9857=IFCINDEXEDPOLYCURVE(#9856,$,$);
#9858=IFCCARTESIANPOINTLIST2D(((1.1994509696960449,0.10000000149011612),(1.1744509693235159,0.10000000149011612),(1.1744509693235159,0.090000001713633537),(1.1494509689509869,0.090000001713633537),(1.1494509689509869,0.05000000074505806),(1.1994509696960449,0.05000000074505806)));
#9859=IFCINDEXEDPOLYCURVE(#9858,(IFCLINEINDEX((1,2,3,4,5,6,1))),$);
#9860=IFCCARTESIANPOINTLIST2D(((0.58044475317001343,0.090000001713633537),(0.61544475331902504,0.090000001713633537),(0.61544475331902504,0.12500000186264515),(0.58044475317001343,0.12500000186264515)));
#9861=IFCINDEXEDPOLYCURVE(#9860,(IFCLINEINDEX((1,2,3,4,1))),$);
#9862=IFCINDEXEDPOLYCURVE(#9863,(IFCLINEINDEX((1,2,3,4,1))),$);
#9863=IFCCARTESIANPOINTLIST2D(((1.1744509693235159,0.090000001713633537),(1.1394509691745043,0.090000001713633537),(1.1394509691745043,0.12500000186264515),(1.1744509693235159,0.12500000186264515)));
#9864=IFCCARTESIANPOINTLIST2D(((0.61544475331902504,0.090000001713633537),(1.1394509691745043,0.090000001713633537)));
#9865=IFCINDEXEDPOLYCURVE(#9864,$,$);
#9866=IFCINDEXEDPOLYCURVE(#9867,$,$);
#9867=IFCCARTESIANPOINTLIST2D(((0.61544475331902504,0.12500000186264515),(1.1394509691745043,0.12500000186264515)));
#9868=IFCINDEXEDPOLYCURVE(#9869,$,$);
#9869=IFCCARTESIANPOINTLIST2D(((0.61544475331902504,0.10750000178813934),(1.1394509691745043,0.10750000178813934)));
#9870=IFCSHAPEREPRESENTATION(#24,'Body','Curve2D',(#9839,#9841,#9843,#9845,#9846,#9849,#9850,#9852,#9855,#9857,#9859,#9861,#9862,#9865,#9866,#9868));
#9871=IFCCARTESIANPOINTLIST2D(((0.,0.),(1.1994509696960449,0.),(1.1994509696960449,0.89999997615814209),(0.,0.89999997615814209)));
#9872=IFCINDEXEDPOLYCURVE(#9871,(IFCLINEINDEX((1,2,3,4,1))),$);
#9873=IFCARBITRARYCLOSEDPROFILEDEF(.AREA.,$,#9872);
#9874=IFCCARTESIANPOINT((0.,-0.60000002384185791,0.));
#9875=IFCDIRECTION((0.,-1.,0.));
#9876=IFCDIRECTION((1.,0.,0.));
#9877=IFCAXIS2PLACEMENT3D(#9874,#9875,#9876);
#9878=IFCDIRECTION((0.,0.,-1.));
#9879=IFCEXTRUDEDAREASOLID(#9873,#9877,#9878,1.2);
#9880=IFCSHAPEREPRESENTATION(#11,'Body','SweptSolid',(#9879));
#9886=IFCCARTESIANPOINT((0.45997531712033146,6.5595815534891244E-07,1.));
#9887=IFCDIRECTION((0.,0.,1.));
#9888=IFCDIRECTION((0.99999999999988631,-4.7683715820291007E-07,0.));
#9889=IFCAXIS2PLACEMENT3D(#9886,#9887,#9888);
#9890=IFCLOCALPLACEMENT(#4340,#9889);
#9891=IFCCARTESIANPOINT((-5.5511151231257827E-17,0.,0.));
#9892=IFCDIRECTION((0.,0.,1.));
#9893=IFCDIRECTION((1.,3.1763735522036263E-22,0.));
#9894=IFCAXIS2PLACEMENT3D(#9891,#9892,#9893);
#9895=IFCLOCALPLACEMENT(#9890,#9894);
#10098=IFCSLABTYPE('14Ftpjfon0TPUZ2FLVCL_J',$,'ROOF-Slab',$,$,(#10099),$,$,$,.FLOOR.);
#10099=IFCPROPERTYSET('1KFgtqfCHDQRZAWWVI4ceE',$,'EPset_Parametric',$,(#10100));
#10100=IFCPROPERTYSINGLEVALUE('LayerSetDirection',$,IFCLABEL('AXIS3'),$);
#10101=IFCRELASSOCIATESMATERIAL('18tPFFaj531QdAC1bqsJX$',$,$,$,(#10098),#10102);
#10102=IFCMATERIALLAYERSET((#10103),$,$);
#10103=IFCMATERIALLAYER(#113,0.10000000000000001,$,$,$,$,$);
#10104=IFCSLAB('0ST6hbx2P8lBDOdkTyxv$f',$,'Slab',$,$,#10218,#10120,$,$);
#10105=IFCRELCONTAINEDINSPATIALSTRUCTURE('0SGEm_JsTDAhLbEJ_WaEIz',$,$,$,(#10104,#10192),#80);
#10106=IFCRELDEFINESBYTYPE('1qgdsio2X8JwO5sYR89Ho1',$,$,$,(#10104),#10098);
#10107=IFCMATERIALLAYERSETUSAGE(#10102,.AXIS3.,.POSITIVE.,-0.10000000149011612,$);
#10108=IFCRELASSOCIATESMATERIAL('10xQuCEIzF_vGeHtHzVtyH',$,$,$,(#10104),#10107);
#10114=IFCCARTESIANPOINTLIST2D(((0.,0.),(-3.9717140197753906,4.76837158203125E-07),(-3.9717137813568115,-0.94000005722045898),(-7.4717140197753906,-0.93999862670898438),(-7.4717135429382324,-8.0999994277954102),(-3.9711072444915771,-8.1030387878417969),(-3.971107006072998,-8.6853132247924805),(-2.3700003623962402,-8.6854057312011719),(-2.3700003623962402,-9.5953130722045898),(3.337860107421875E-06,-9.5953121185302734),(0.,0.)));
#10115=IFCINDEXEDPOLYCURVE(#10114,$,$);
#10116=IFCDIRECTION((0.,0.,1.));
#10117=IFCARBITRARYCLOSEDPROFILEDEF(.AREA.,$,#10115);
#10118=IFCEXTRUDEDAREASOLID(#10117,#10127,#10116,0.10000000000000001);
#10119=IFCSHAPEREPRESENTATION(#11,'Body','SweptSolid',(#10118));
#10120=IFCPRODUCTDEFINITIONSHAPE($,$,(#10119));
#10121=IFCPROPERTYSET('0e8MwGORf7h8cZld8Z$0no',$,'EPset_Parametric',$,(#10123));
#10122=IFCRELDEFINESBYPROPERTIES('3Ztp7QwNXBJvlh$PHP$tWM',$,$,$,(#10104),#10121);
#10123=IFCPROPERTYSINGLEVALUE('Engine',$,IFCLABEL('Bonsai.DumbLayer3'),$);
#10124=IFCCARTESIANPOINT((-0.,-0.,-0.10000000149011612));
#10125=IFCDIRECTION((0.,0.,1.));
#10126=IFCDIRECTION((1.,0.,0.));
#10127=IFCAXIS2PLACEMENT3D(#10124,#10125,#10126);
#10133=IFCROOFTYPE('3NRtbgOW9CmwilGsadJTUS',$,'ROOF',$,$,(#10134),(#10163,#10191),$,$,.HIP_ROOF.);
#10134=IFCPROPERTYSET('0TAtIkAELAc9H7SFKadoUc',$,'BBIM_Roof',$,(#10135));
#10135=IFCPROPERTYSINGLEVALUE('Data',$,IFCTEXT('{"roof_type": "HIP/GABLE ROOF", "generation_method": "ANGLE", "roof_thickness": 0.10000000149011612, "rafter_edge_angle": 1.5707963705062866, "angle": 0.1745329201221466, "percentage": 17.63269805908203, "path_data": {"edges": [[0, 1], [1, 2], [2, 3], [3, 0]], "verts": [[-5.0, -5.0, 0.0], [-5.0, 5.0, 0.0], [5.0, 5.0, 0.0], [5.0, -5.0, 0.0]]}}'),$);
#10159=IFCCARTESIANPOINT((0.,0.,0.));
#10160=IFCDIRECTION((1.,0.,0.));
#10161=IFCDIRECTION((0.,0.,1.));
#10162=IFCAXIS2PLACEMENT3D(#10159,#10161,#10160);
#10163=IFCREPRESENTATIONMAP(#10162,#10182);
#10164=IFCINDEXEDPOLYGONALFACE((3,1,2));
#10165=IFCINDEXEDPOLYGONALFACE((2,4,3));
#10166=IFCINDEXEDPOLYGONALFACE((1,3,5));
#10167=IFCINDEXEDPOLYGONALFACE((4,5,3));
#10168=IFCINDEXEDPOLYGONALFACE((6,7,8));
#10169=IFCINDEXEDPOLYGONALFACE((8,2,1));
#10170=IFCINDEXEDPOLYGONALFACE((8,1,6));
#10171=IFCINDEXEDPOLYGONALFACE((8,7,9));
#10172=IFCINDEXEDPOLYGONALFACE((2,8,9));
#10173=IFCINDEXEDPOLYGONALFACE((2,9,4));
#10174=IFCINDEXEDPOLYGONALFACE((10,7,6));
#10175=IFCINDEXEDPOLYGONALFACE((6,1,5));
#10176=IFCINDEXEDPOLYGONALFACE((6,5,10));
#10177=IFCINDEXEDPOLYGONALFACE((9,7,10));
#10178=IFCINDEXEDPOLYGONALFACE((4,9,10));
#10179=IFCINDEXEDPOLYGONALFACE((4,10,5));
#10180=IFCCARTESIANPOINTLIST3D(((-5.,-5.,0.),(5.,-5.,0.),(0.,0.,0.88163489103317261),(5.,5.,0.),(-5.,5.,0.),(-5.,-5.,-0.10154265910387039),(0.,0.,0.78009223937988281),(5.,-5.,-0.10154265910387039),(5.,5.,-0.10154265910387039),(-5.,5.,-0.10154265910387039)));
#10181=IFCPOLYGONALFACESET(#10180,.T.,(#10164,#10165,#10166,#10167,#10168,#10169,#10170,#10171,#10172,#10173,#10174,#10175,#10176,#10177,#10178,#10179),$);
#10182=IFCSHAPEREPRESENTATION(#11,'Body','Tessellation',(#10181));
#10184=IFCCARTESIANPOINT((-5.,-5.,-0.10154265910387039));
#10185=IFCBOUNDINGBOX(#10184,10.,10.,0.9831775426864624);
#10186=IFCSHAPEREPRESENTATION(#13,'Box','BoundingBox',(#10185));
#10187=IFCCARTESIANPOINT((0.,0.,0.));
#10188=IFCDIRECTION((1.,0.,0.));
#10189=IFCDIRECTION((0.,0.,1.));
#10190=IFCAXIS2PLACEMENT3D(#10187,#10189,#10188);
#10191=IFCREPRESENTATIONMAP(#10190,#10186);
#10192=IFCROOF('0ATLykYC56ufM8fcsU$QV3',$,'Roof',$,$,#10223,#10201,$,$);
#10193=IFCRELDEFINESBYTYPE('0_IdvP0oL3F9KVRl2IoiYx',$,$,$,(#10192),#10133);
#10194=IFCCARTESIANPOINT((0.,0.,0.));
#10195=IFCDIRECTION((1.,0.,0.));
#10196=IFCDIRECTION((0.,1.,0.));
#10197=IFCDIRECTION((0.,0.,1.));
#10198=IFCCARTESIANTRANSFORMATIONOPERATOR3D(#10195,#10196,#10194,1.,#10197);
#10199=IFCMAPPEDITEM(#10163,#10198);
#10200=IFCSHAPEREPRESENTATION(#11,'Body','MappedRepresentation',(#10199));
#10201=IFCPRODUCTDEFINITIONSHAPE($,$,(#10200,#10208));
#10202=IFCCARTESIANPOINT((0.,0.,0.));
#10203=IFCDIRECTION((1.,0.,0.));
#10204=IFCDIRECTION((0.,1.,0.));
#10205=IFCDIRECTION((0.,0.,1.));
#10206=IFCCARTESIANTRANSFORMATIONOPERATOR3D(#10203,#10204,#10202,1.,#10205);
#10207=IFCMAPPEDITEM(#10191,#10206);
#10208=IFCSHAPEREPRESENTATION(#13,'Box','MappedRepresentation',(#10207));
#10214=IFCCARTESIANPOINT((4.2183170318603516,6.5098938941955566,0.));
#10215=IFCDIRECTION((0.,0.,1.));
#10216=IFCDIRECTION((1.,0.,0.));
#10217=IFCAXIS2PLACEMENT3D(#10214,#10215,#10216);
#10218=IFCLOCALPLACEMENT(#111,#10217);
#10219=IFCCARTESIANPOINT((0.52723664045333862,1.6305303573608398,0.016872406005859375));
#10220=IFCDIRECTION((0.,0.,1.));
#10221=IFCDIRECTION((1.,0.,0.));
#10222=IFCAXIS2PLACEMENT3D(#10219,#10220,#10221);
#10223=IFCLOCALPLACEMENT(#111,#10222);
#10224=IFCDOCUMENTINFORMATION('X','BBIM_Cost_Documents','Bonsai internal document containing references to cost CSV files',$,$,$,$,$,$,$,$,$,$,$,$,$,$);
#10225=IFCRELASSOCIATESDOCUMENT('3vGbTmT6n7ywPqhNv6rJPs',$,$,$,(#1),#10224);
#10253=IFCRELCONNECTSPATHELEMENTS('0Pf3uesAPAxeIsho3CoX$r',$,$,$,$,#271,#246,(),(),.ATEND.,.ATSTART.);
#10267=IFCCARTESIANPOINTLIST2D(((0.,0.),(0.10000004649123768,0.10000000000000001),(5.0500010085009244,0.10000000000000001),(5.1500010009511348,0.)));
#10268=IFCINDEXEDPOLYCURVE(#10267,(IFCLINEINDEX((1,2,3,4,1))),$);
#10269=IFCARBITRARYCLOSEDPROFILEDEF(.AREA.,$,#10268);
#10270=IFCCARTESIANPOINT((0.,0.,0.));
#10271=IFCDIRECTION((0.,0.,1.));
#10272=IFCDIRECTION((1.,0.,0.));
#10273=IFCAXIS2PLACEMENT3D(#10270,#10271,#10272);
#10274=IFCDIRECTION((0.,0.,1.));
#10275=IFCEXTRUDEDAREASOLID(#10269,#10273,#10274,3.);
#10276=IFCSHAPEREPRESENTATION(#11,'Body','SweptSolid',(#10275));
#10277=IFCCARTESIANPOINTLIST2D(((0.,0.),(5.1500010009511348,0.)));
#10278=IFCINDEXEDPOLYCURVE(#10277,$,$);
#10279=IFCSHAPEREPRESENTATION(#23,'Axis','Curve2D',(#10278));
#11308=IFCCARTESIANPOINTLIST3D(((0.,0.,0.),(0.9044497013092041,0.,0.),(0.9044497013092041,0.,2.),(0.,0.,2.)));
#11309=IFCINDEXEDPOLYCURVE(#11308,(IFCLINEINDEX((1,2,3,4,1))),$);
#11310=IFCSHAPEREPRESENTATION(#18,'Profile','Curve3D',(#11309));
#11311=IFCCARTESIANPOINTLIST2D(((0.,0.),(0.,2.),(0.9044497013092041,2.),(0.9044497013092041,0.),(0.87944970093667507,0.),(0.87944970093667507,1.974999999627471),(0.02500000037252903,1.974999999627471),(0.02500000037252903,0.)));
#11312=IFCINDEXEDPOLYCURVE(#11311,(IFCLINEINDEX((1,2,3,4,5,6,7,8,1))),$);
#11313=IFCARBITRARYCLOSEDPROFILEDEF(.AREA.,$,#11312);
#11314=IFCCARTESIANPOINT((0.,0.02500000037252903,0.));
#11315=IFCDIRECTION((0.,-1.,0.));
#11316=IFCDIRECTION((1.,0.,0.));
#11317=IFCAXIS2PLACEMENT3D(#11314,#11315,#11316);
#11318=IFCDIRECTION((0.,0.,-1.));
#11319=IFCEXTRUDEDAREASOLID(#11313,#11317,#11318,0.02500000037252903);
#11320=IFCCARTESIANPOINTLIST2D(((0.,0.),(0.,2.),(0.9044497013092041,2.),(0.9044497013092041,0.),(0.85444970056414604,0.),(0.85444970056414604,1.9499999992549419),(0.05000000074505806,1.9499999992549419),(0.05000000074505806,0.)));
#11321=IFCINDEXEDPOLYCURVE(#11320,(IFCLINEINDEX((1,2,3,4,5,6,7,8,1))),$);
#11322=IFCARBITRARYCLOSEDPROFILEDEF(.AREA.,$,#11321);
#11323=IFCCARTESIANPOINT((0.,0.,0.));
#11324=IFCDIRECTION((0.,-1.,0.));
#11325=IFCDIRECTION((1.,0.,0.));
#11326=IFCAXIS2PLACEMENT3D(#11323,#11324,#11325);
#11327=IFCDIRECTION((0.,0.,-1.));
#11328=IFCEXTRUDEDAREASOLID(#11322,#11326,#11327,0.02500000037252903);
#11329=IFCCARTESIANPOINTLIST2D(((0.,0.),(0.80444969981908798,0.),(0.80444969981908798,0.10000000149011612),(0.,0.10000000149011612)));
#11330=IFCINDEXEDPOLYCURVE(#11329,(IFCLINEINDEX((1,2,3,4,1))),$);
#11331=IFCARBITRARYCLOSEDPROFILEDEF(.AREA.,$,#11330);
#11332=IFCCARTESIANPOINT((0.05000000074505806,0.,0.));
#11333=IFCDIRECTION((0.,0.,1.));
#11334=IFCDIRECTION((1.,0.,0.));
#11335=IFCAXIS2PLACEMENT3D(#11332,#11333,#11334);
#11336=IFCDIRECTION((0.,0.,1.));
#11337=IFCEXTRUDEDAREASOLID(#11331,#11335,#11336,0.02500000037252903);
#11338=IFCCARTESIANPOINTLIST2D(((0.,0.),(0.,2.0250000022351742),(0.95444970577955246,2.0250000022351742),(0.95444970577955246,0.),(0.87944970279932022,0.),(0.87944970279932022,1.9499999992549419),(0.075000002980232239,1.9499999992549419),(0.075000002980232239,0.)));
#11339=IFCINDEXEDPOLYCURVE(#11338,(IFCLINEINDEX((1,2,3,4,5,6,7,8,1))),$);
#11340=IFCARBITRARYCLOSEDPROFILEDEF(.AREA.,$,#11339);
#11341=IFCCARTESIANPOINT((-0.025000002235174179,-0.004999999888241291,0.));
#11342=IFCDIRECTION((0.,-1.,0.));
#11343=IFCDIRECTION((1.,0.,0.));
#11344=IFCAXIS2PLACEMENT3D(#11341,#11342,#11343);
#11345=IFCDIRECTION((0.,0.,-1.));
#11346=IFCEXTRUDEDAREASOLID(#11340,#11344,#11345,0.004999999888241291);
#11347=IFCCARTESIANPOINTLIST2D(((0.,0.),(0.,2.0250000022351742),(0.95444970577955246,2.0250000022351742),(0.95444970577955246,0.),(0.90444970317184925,0.),(0.90444970317184925,1.974999999627471),(0.050000002607703209,1.974999999627471),(0.050000002607703209,0.)));
#11348=IFCINDEXEDPOLYCURVE(#11347,(IFCLINEINDEX((1,2,3,4,5,6,7,8,1))),$);
#11349=IFCARBITRARYCLOSEDPROFILEDEF(.AREA.,$,#11348);
#11350=IFCCARTESIANPOINT((-0.025000002235174179,0.05000000074505806,0.));
#11351=IFCDIRECTION((0.,-1.,0.));
#11352=IFCDIRECTION((1.,0.,0.));
#11353=IFCAXIS2PLACEMENT3D(#11350,#11351,#11352);
#11354=IFCDIRECTION((0.,0.,-1.));
#11355=IFCEXTRUDEDAREASOLID(#11349,#11353,#11354,0.004999999888241291);
#11356=IFCCARTESIANPOINTLIST2D(((0.,0.),(0.85444970056414604,0.),(0.85444970056414604,0.035000000149011612),(0.,0.035000000149011612)));
#11357=IFCINDEXEDPOLYCURVE(#11356,(IFCLINEINDEX((1,2,3,4,1))),$);
#11358=IFCARBITRARYCLOSEDPROFILEDEF(.AREA.,$,#11357);
#11359=IFCCARTESIANPOINT((0.02500000037252903,0.02500000037252903,0.02500000037252903));
#11360=IFCDIRECTION((0.,0.,1.));
#11361=IFCDIRECTION((1.,0.,0.));
#11362=IFCAXIS2PLACEMENT3D(#11359,#11360,#11361);
#11363=IFCDIRECTION((0.,0.,1.));
#11364=IFCEXTRUDEDAREASOLID(#11358,#11362,#11363,1.9499999992549419);
#11365=IFCCARTESIANPOINTLIST2D(((0.,0.),(0.,-0.040000000000000001),(0.12,-0.040000000000000001),(0.12,-0.02),(0.02,-0.02),(0.02,0.)));
#11366=IFCINDEXEDPOLYCURVE(#11365,(IFCLINEINDEX((1,2,3,4,5,6,1))),$);
#11367=IFCARBITRARYCLOSEDPROFILEDEF(.AREA.,$,#11366);
#11368=IFCCARTESIANPOINT((0.075000000372529033,0.02500000037252903,1.015000000372529));
#11369=IFCDIRECTION((0.,0.,1.));
#11370=IFCDIRECTION((1.,0.,0.));
#11371=IFCAXIS2PLACEMENT3D(#11368,#11369,#11370);
#11372=IFCDIRECTION((0.,0.,1.));
#11373=IFCEXTRUDEDAREASOLID(#11367,#11371,#11372,0.02);
#11374=IFCEXTRUDEDAREASOLID(#11375,#11378,#11382,0.02);
#11375=IFCARBITRARYCLOSEDPROFILEDEF(.AREA.,$,#11376);
#11376=IFCINDEXEDPOLYCURVE(#11377,(IFCLINEINDEX((1,2,3,4,5,6,1))),$);
#11377=IFCCARTESIANPOINTLIST2D(((0.,0.),(0.,0.040000000000000008),(0.11999999999999998,0.040000000000000008),(0.11999999999999998,0.020000000000000004),(0.020000000000000004,0.020000000000000004),(0.020000000000000004,0.)));
#11378=IFCAXIS2PLACEMENT3D(#11379,#11380,#11381);
#11379=IFCCARTESIANPOINT((0.075000000372529033,0.060000000521540642,1.015000000372529));
#11380=IFCDIRECTION((0.,0.,1.));
#11381=IFCDIRECTION((1.,0.,0.));
#11382=IFCDIRECTION((0.,0.,1.));
#11383=IFCSHAPEREPRESENTATION(#11,'Body','SweptSolid',(#11319,#11328,#11364,#11373,#11374,#11337,#11346,#11355));
#11384=IFCCARTESIANPOINTLIST2D(((0.,0.),(0.,0.05000000074505806),(0.02500000037252903,0.05000000074505806),(0.02500000037252903,0.02500000037252903),(0.05000000074505806,0.02500000037252903),(0.05000000074505806,0.)));
#11385=IFCINDEXEDPOLYCURVE(#11384,(IFCLINEINDEX((1,2,3,4,5,6,1))),$);
#11386=IFCINDEXEDPOLYCURVE(#11387,(IFCLINEINDEX((1,2,3,4,5,6,1))),$);
#11387=IFCCARTESIANPOINTLIST2D(((0.9044497013092041,0.),(0.9044497013092041,0.05000000074505806),(0.87944970093667507,0.05000000074505806),(0.87944970093667507,0.02500000037252903),(0.85444970056414604,0.02500000037252903),(0.85444970056414604,0.)));
#11388=IFCDIRECTION((1.,0.));
#11389=IFCCARTESIANPOINT((0.84444970078766346,0.05000000074505806));
#11390=IFCAXIS2PLACEMENT2D(#11389,#11388);
#11391=IFCELLIPSE(#11390,0.81944970041513443,0.85444970056414604);
#11392=IFCCARTESIANPOINT((0.84444970078766346,0.9044497013092041));
#11393=IFCCARTESIANPOINT((0.02500000037252903,0.05000000074505806));
#11394=IFCTRIMMEDCURVE(#11391,(#11392),(#11393),.T.,.CARTESIAN.);
#11395=IFCCARTESIANPOINTLIST2D(((0.87944970093667507,0.05000000074505806),(0.84444970078766346,0.05000000074505806),(0.84444970078766346,0.9044497013092041),(0.87944970093667507,0.9044497013092041)));
#11396=IFCINDEXEDPOLYCURVE(#11395,(IFCLINEINDEX((1,2,3,4,1))),$);
#11397=IFCSHAPEREPRESENTATION(#24,'Body','Curve2D',(#11385,#11386,#11394,#11396));
#11418=IFCCARTESIANPOINT((-4.4408920985006262E-16,0.,0.));
#11419=IFCDIRECTION((0.,0.,1.));
#11420=IFCDIRECTION((1.,5.2939559203393771E-23,0.));
#11421=IFCAXIS2PLACEMENT3D(#11418,#11419,#11420);
#11422=IFCLOCALPLACEMENT(#11446,#11421);
#11437=IFCCARTESIANPOINT((0.32660524289153486,-2.5901062488555904,0.));
#11438=IFCDIRECTION((0.,0.,1.));
#11439=IFCDIRECTION((7.5497901264043123E-08,0.99999999999999722,0.));
#11440=IFCAXIS2PLACEMENT3D(#11437,#11438,#11439);
#11441=IFCLOCALPLACEMENT(#101,#11440);
#11442=IFCCARTESIANPOINT((4.1215066909790199,-6.3943390415932555E-08,0.));
#11443=IFCDIRECTION((0.,0.,1.));
#11444=IFCDIRECTION((0.99999999999997158,-2.3841857199612275E-07,0.));
#11445=IFCAXIS2PLACEMENT3D(#11442,#11443,#11444);
#11446=IFCLOCALPLACEMENT(#11441,#11445);
#11460=IFCRELCONNECTSPATHELEMENTS('199JIEDsb3RuaHC7lU2kpg',$,$,$,$,#671,#119,(),(),.ATSTART.,.ATSTART.);
#11474=IFCCARTESIANPOINTLIST2D(((-0.1000000000000003,0.),(7.5497901264043321E-09,0.10000000000000001),(3.7999997031653354,0.10000000000000001),(3.8999996956155454,0.)));
#11475=IFCINDEXEDPOLYCURVE(#11474,(IFCLINEINDEX((1,2,3,4,1))),$);
#11476=IFCARBITRARYCLOSEDPROFILEDEF(.AREA.,$,#11475);
#11477=IFCCARTESIANPOINT((0.,0.,0.));
#11478=IFCDIRECTION((0.,0.,1.));
#11479=IFCDIRECTION((1.,0.,0.));
#11480=IFCAXIS2PLACEMENT3D(#11477,#11478,#11479);
#11481=IFCDIRECTION((0.,0.,1.));
#11482=IFCEXTRUDEDAREASOLID(#11476,#11480,#11481,3.);
#11483=IFCSHAPEREPRESENTATION(#11,'Body','SweptSolid',(#11482));
#11484=IFCCARTESIANPOINTLIST2D(((0.,0.),(3.8999996956155454,0.)));
#11485=IFCINDEXEDPOLYCURVE(#11484,$,$);
#11486=IFCSHAPEREPRESENTATION(#23,'Axis','Curve2D',(#11485));
#11487=IFCCARTESIANPOINT((0.32660524289153486,-2.5901062488555908,0.));
#11488=IFCDIRECTION((0.,0.,1.));
#11489=IFCDIRECTION((1.,0.,0.));
#11490=IFCAXIS2PLACEMENT3D(#11487,#11488,#11489);
#11491=IFCLOCALPLACEMENT(#101,#11490);
#11492=IFCCARTESIANPOINT((0.19453521330811113,4.76837158203125E-07,0.));
#11493=IFCDIRECTION((0.,0.,1.));
#11494=IFCDIRECTION((0.99999999999997158,-2.3841857910155572E-07,0.));
#11495=IFCAXIS2PLACEMENT3D(#11492,#11493,#11494);
#11496=IFCLOCALPLACEMENT(#11491,#11495);
#11497=IFCCARTESIANPOINT((1.6954465683267268,7.152557373046875E-07,1.));
#11498=IFCDIRECTION((0.,0.,1.));
#11499=IFCDIRECTION((0.99999999999988631,-4.7683715820307079E-07,0.));
#11500=IFCAXIS2PLACEMENT3D(#11497,#11498,#11499);
#11501=IFCLOCALPLACEMENT(#11491,#11500);
#11503=IFCCARTESIANPOINTLIST2D(((0.,0.),(0.10000002264937295,0.10000000000000001),(3.0000005240833607,0.10000000000000001),(3.0000005165335706,0.)));
#11504=IFCINDEXEDPOLYCURVE(#11503,(IFCLINEINDEX((1,2,3,4,1))),$);
#11505=IFCARBITRARYCLOSEDPROFILEDEF(.AREA.,$,#11504);
#11506=IFCCARTESIANPOINT((0.,0.,0.));
#11507=IFCDIRECTION((0.,0.,1.));
#11508=IFCDIRECTION((1.,0.,0.));
#11509=IFCAXIS2PLACEMENT3D(#11506,#11507,#11508);
#11510=IFCDIRECTION((0.,0.,1.));
#11511=IFCEXTRUDEDAREASOLID(#11505,#11509,#11510,3.);
#11512=IFCSHAPEREPRESENTATION(#11,'Body','SweptSolid',(#11511));
#11513=IFCCARTESIANPOINTLIST2D(((0.,0.),(3.1000005165335711,0.)));
#11514=IFCINDEXEDPOLYCURVE(#11513,$,$);
#11515=IFCSHAPEREPRESENTATION(#23,'Axis','Curve2D',(#11514));
#11516=IFCCARTESIANPOINT((0.32660563774557794,2.6398940086364737,0.));
#11517=IFCDIRECTION((0.,0.,1.));
#11518=IFCDIRECTION((-0.99999999999998868,-1.5099580252808492E-07,0.));
#11519=IFCAXIS2PLACEMENT3D(#11516,#11517,#11518);
#11520=IFCLOCALPLACEMENT(#101,#11519);
#11534=IFCCOVERINGTYPE('03VeLZqTP14RtgIJPaO9Ah',$,'FL-1-GF',$,$,(#11538),$,$,$,.FLOORING.);
#11535=IFCMATERIALLAYERSET((#11557,#11558),$,$);
#11536=IFCRELASSOCIATESMATERIAL('1mBudMvb92w9fVmP3oIIoR',$,$,$,(#11534),#11535);
#11538=IFCPROPERTYSET('1lO44NBwLCOObe2XqOKxSj',$,'EPset_Parametric',$,(#11539));
#11539=IFCPROPERTYSINGLEVALUE('LayerSetDirection',$,IFCLABEL('AXIS3'),$);
#11555=IFCMATERIAL('screed',$,'cement');
#11556=IFCMATERIAL('parquet',$,'wood');
#11557=IFCMATERIALLAYER(#11555,0.070000000298023224,$,$,$,$,$);
#11558=IFCMATERIALLAYER(#11556,0.029999999329447746,$,$,$,$,$);
#11559=IFCSTAIRFLIGHTTYPE('0OuWjzken42hlY2coxMboG',$,'STAIR-1',$,$,(#11560,#11562),(#11604,#12304),$,$,.STRAIGHT.);
#11560=IFCPROPERTYSET('0hHb7fET59W85MnW_jJZm7',$,'BBIM_Stair',$,(#11561));
#11561=IFCPROPERTYSINGLEVALUE('Data',$,IFCTEXT('{"stair_type": "GENERIC", "width": 0.8933106660842896, "height": 1.4500000476837158, "number_of_treads": 7, "tread_run": 0.18611907958984375, "nosing_length": 0.0, "nosing_depth": 0.0, "custom_first_last_tread_run": [null, null], "custom_tread_lock": true}'),$);
#11562=IFCPROPERTYSET('3daB3BWZnBdw4J3Pb1amj1',$,'Pset_StairFlightCommon',$,(#11563,#11564,#11565,#11566,#11567));
#11563=IFCPROPERTYSINGLEVALUE('NumberOfRiser',$,IFCCOUNTMEASURE(8.),$);
#11564=IFCPROPERTYSINGLEVALUE('NumberOfTreads',$,IFCCOUNTMEASURE(7.),$);
#11565=IFCPROPERTYSINGLEVALUE('RiserHeight',$,IFCPOSITIVELENGTHMEASURE(0.18125000596046448),$);
#11566=IFCPROPERTYSINGLEVALUE('TreadLength',$,IFCPOSITIVELENGTHMEASURE(0.25),$);
#11567=IFCPROPERTYSINGLEVALUE('NosingLength',$,IFCLENGTHMEASURE(0.),$);
#11600=IFCCARTESIANPOINT((0.,0.,0.));
#11601=IFCDIRECTION((1.,0.,0.));
#11602=IFCDIRECTION((0.,0.,1.));
#11603=IFCAXIS2PLACEMENT3D(#11600,#11602,#11601);
#11604=IFCREPRESENTATIONMAP(#11603,#12295);
#11676=IFCSLABTYPE('1pDVScupjDqxix_eUkOKWs',$,'STAIRLANDING-Slab',$,$,(#11680),$,$,$,.LANDING.);
#11677=IFCMATERIALLAYERSET((#11679),$,$);
#11678=IFCRELASSOCIATESMATERIAL('1Q1ySg7WT7sPEVqZFF4YBo',$,$,$,(#11676),#11677);
#11679=IFCMATERIALLAYER(#113,1.4500000476837158,$,$,$,$,$);
#11680=IFCPROPERTYSET('1BwGBlqHL3Jeba91FOi166',$,'EPset_Parametric',$,(#11681));
#11681=IFCPROPERTYSINGLEVALUE('LayerSetDirection',$,IFCLABEL('AXIS3'),$);
#11738=IFCRAILINGTYPE('1Y$E4ZWuf0GvNhI4cmYW$8',$,'Balcony Rail - 1',$,$,(#11739,#11741),(#11770,#11814),$,$,.USERDEFINED.);
#11739=IFCPROPERTYSET('1TJbthWtbBofqjmMQwkX1b',$,'BBIM_Railing',$,(#11740));
#11740=IFCPROPERTYSINGLEVALUE('Data',$,IFCTEXT('{"railing_type": "FRAMELESS_PANEL", "height": 1.0, "thickness": 0.05000000074505806, "spacing": 0.05000000074505806, "path_data": {"edges": [[0, 1], [1, 2]], "verts": [[-1.0, 0.0, 0.0], [0.0, 0.0, 0.0], [1.0, 0.0, 0.0]]}}'),$);
#11741=IFCPROPERTYSET('2N6xqM0PD96RY$G58EBZE_',$,'Pset_RailingCommon',$,(#11742));
#11742=IFCPROPERTYSINGLEVALUE('Height',$,IFCPOSITIVELENGTHMEASURE(1.),$);
#11766=IFCCARTESIANPOINT((0.,0.,0.));
#11767=IFCDIRECTION((1.,0.,0.));
#11768=IFCDIRECTION((0.,0.,1.));
#11769=IFCAXIS2PLACEMENT3D(#11766,#11768,#11767);
#11770=IFCREPRESENTATIONMAP(#11769,#11805);
#11771=IFCINDEXEDPOLYGONALFACE((2,3,4));
#11772=IFCINDEXEDPOLYGONALFACE((2,4,1));
#11773=IFCINDEXEDPOLYGONALFACE((6,7,8));
#11774=IFCINDEXEDPOLYGONALFACE((6,8,5));
#11775=IFCINDEXEDPOLYGONALFACE((12,9,10));
#11776=IFCINDEXEDPOLYGONALFACE((12,10,11));
#11777=IFCINDEXEDPOLYGONALFACE((13,14,9));
#11778=IFCINDEXEDPOLYGONALFACE((13,9,12));
#11779=IFCINDEXEDPOLYGONALFACE((18,15,16));
#11780=IFCINDEXEDPOLYGONALFACE((18,16,17));
#11781=IFCINDEXEDPOLYGONALFACE((19,20,15));
#11782=IFCINDEXEDPOLYGONALFACE((19,15,18));
#11783=IFCINDEXEDPOLYGONALFACE((2,9,14));
#11784=IFCINDEXEDPOLYGONALFACE((1,10,9));
#11785=IFCINDEXEDPOLYGONALFACE((1,9,2));
#11786=IFCINDEXEDPOLYGONALFACE((6,19,7));
#11787=IFCINDEXEDPOLYGONALFACE((6,20,19));
#11788=IFCINDEXEDPOLYGONALFACE((18,8,7));
#11789=IFCINDEXEDPOLYGONALFACE((18,7,19));
#11790=IFCINDEXEDPOLYGONALFACE((17,8,18));
#11791=IFCINDEXEDPOLYGONALFACE((16,5,8));
#11792=IFCINDEXEDPOLYGONALFACE((16,8,17));
#11793=IFCINDEXEDPOLYGONALFACE((6,15,20));
#11794=IFCINDEXEDPOLYGONALFACE((5,16,15));
#11795=IFCINDEXEDPOLYGONALFACE((5,15,6));
#11796=IFCINDEXEDPOLYGONALFACE((10,1,4));
#11797=IFCINDEXEDPOLYGONALFACE((10,4,11));
#11798=IFCINDEXEDPOLYGONALFACE((2,13,3));
#11799=IFCINDEXEDPOLYGONALFACE((2,14,13));
#11800=IFCINDEXEDPOLYGONALFACE((12,4,3));
#11801=IFCINDEXEDPOLYGONALFACE((12,3,13));
#11802=IFCINDEXEDPOLYGONALFACE((11,4,12));
#11803=IFCCARTESIANPOINTLIST3D(((-0.02500000037252903,-0.02500000037252903,1.),(-0.02500000037252903,0.02500000037252903,1.),(-0.97500002384185791,0.02500000037252903,1.),(-0.97500002384185791,-0.02500000037252903,1.),(0.97500002384185791,-0.02500000037252903,1.),(0.97500002384185791,0.02500000037252903,1.),(0.02500000037252903,0.02500000037252903,1.),(0.02500000037252903,-0.02500000037252903,1.),(-0.02500000037252903,0.,0.),(-0.02500000037252903,-0.02500000037252903,0.),(-0.97500002384185791,-0.02500000037252903,0.),(-0.97500002384185791,0.,0.),(-0.97500002384185791,0.02500000037252903,0.),(-0.02500000037252903,0.02500000037252903,0.),(0.97500002384185791,0.,0.),(0.97500002384185791,-0.02500000037252903,0.),(0.02500000037252903,-0.02500000037252903,0.),(0.02500000037252903,0.,0.),(0.02500000037252903,0.02500000037252903,0.),(0.97500002384185791,0.02500000037252903,0.)));
#11804=IFCPOLYGONALFACESET(#11803,.T.,(#11771,#11772,#11773,#11774,#11775,#11776,#11777,#11778,#11779,#11780,#11781,#11782,#11783,#11784,#11785,#11786,#11787,#11788,#11789,#11790,#11791,#11792,#11793,#11794,#11795,#11796,#11797,#11798,#11799,#11800,#11801,#11802),$);
#11805=IFCSHAPEREPRESENTATION(#11,'Body','Tessellation',(#11804));
#11807=IFCCARTESIANPOINT((-0.97500002384185791,-0.02500000037252903,0.));
#11808=IFCBOUNDINGBOX(#11807,1.9500000476837158,0.05000000074505806,1.);
#11809=IFCSHAPEREPRESENTATION(#13,'Box','BoundingBox',(#11808));
#11810=IFCCARTESIANPOINT((0.,0.,0.));
#11811=IFCDIRECTION((1.,0.,0.));
#11812=IFCDIRECTION((0.,0.,1.));
#11813=IFCAXIS2PLACEMENT3D(#11810,#11812,#11811);
#11814=IFCREPRESENTATIONMAP(#11813,#11809);
#11884=IFCRAILINGTYPE('3z6VnDsaDFGfXTWJZxgHeB',$,'Balcony Rail - 2',$,$,(#11885,#11887),(#11889,#14748),$,$,.USERDEFINED.);
#11885=IFCPROPERTYSET('3suJpxab19swMYcdYZw8pe',$,'BBIM_Railing',$,(#11886));
#11886=IFCPROPERTYSINGLEVALUE('Data',$,IFCTEXT('{"railing_type": "FRAMELESS_PANEL", "height": 1.0, "thickness": 0.05000000074505806, "spacing": 0.05000000074505806, "path_data": {"edges": [[0, 1], [1, 2]], "verts": [[0.0, -4.76837158203125e-07, 0.0], [0.0, 0.0, 0.0], [1.0948657989501953, 0.0, 0.0]]}}'),$);
#11887=IFCPROPERTYSET('0za1gC8tPBQQrNPDQhadsA',$,'Pset_RailingCommon',$,(#11888));
#11888=IFCPROPERTYSINGLEVALUE('Height',$,IFCPOSITIVELENGTHMEASURE(1.),$);
#11889=IFCREPRESENTATIONMAP(#11890,#14739);
#11890=IFCAXIS2PLACEMENT3D(#11891,#11892,#11893);
#11891=IFCCARTESIANPOINT((0.,0.,0.));
#11892=IFCDIRECTION((0.,0.,1.));
#11893=IFCDIRECTION((1.,0.,0.));
#12062=IFCRAILINGTYPE('2OXRUYTTP90ugQwSMTZJJQ',$,'Balcony Rail - 3',$,$,(#12063,#12065),(#12067,#14883),$,$,.USERDEFINED.);
#12063=IFCPROPERTYSET('1yWDCY7f51sRYVUC5x8thl',$,'BBIM_Railing',$,(#12064));
#12064=IFCPROPERTYSINGLEVALUE('Data',$,IFCTEXT('{"railing_type": "FRAMELESS_PANEL", "height": 1.0, "thickness": 0.05000000074505806, "spacing": 0.05000000074505806, "path_data": {"edges": [[0, 1], [1, 2]], "verts": [[-5.960464477539063e-08, -5.52681740373373e-08, 0.0], [0.0, 0.0, 0.0], [1.5218538045883179, -3.93988663915934e-08, 0.0]]}}'),$);
#12065=IFCPROPERTYSET('2ZUjtBlrr8BQdYl3HpUhk2',$,'Pset_RailingCommon',$,(#12066));
#12066=IFCPROPERTYSINGLEVALUE('Height',$,IFCPOSITIVELENGTHMEASURE(1.),$);
#12067=IFCREPRESENTATIONMAP(#12068,#14874);
#12068=IFCAXIS2PLACEMENT3D(#12069,#12070,#12071);
#12069=IFCCARTESIANPOINT((0.,0.,0.));
#12070=IFCDIRECTION((0.,0.,1.));
#12071=IFCDIRECTION((1.,0.,0.));
#12156=IFCSTAIRFLIGHTTYPE('3lYciZnYP0CR2v$AskYYQW',$,'STAIRTO2NDFLOOR-2',$,$,(#12157,#12159),(#12165,#12343),$,$,.STRAIGHT.);
#12157=IFCPROPERTYSET('3sBKwZU8PEUvzQH5wwoM6Q',$,'BBIM_Stair',$,(#12158));
#12158=IFCPROPERTYSINGLEVALUE('Data',$,IFCTEXT('{"stair_type": "GENERIC", "width": 0.8933106660842896, "height": 1.4500000476837158, "number_of_treads": 7, "tread_run": 0.18611907958984375, "nosing_length": 0.0, "nosing_depth": 0.0, "custom_first_last_tread_run": [null, null], "custom_tread_lock": true}'),$);
#12159=IFCPROPERTYSET('0fN$tae_bF8QGcFMww9NMk',$,'Pset_StairFlightCommon',$,(#12160,#12161,#12162,#12163,#12164));
#12160=IFCPROPERTYSINGLEVALUE('NumberOfRiser',$,IFCCOUNTMEASURE(8.),$);
#12161=IFCPROPERTYSINGLEVALUE('NumberOfTreads',$,IFCCOUNTMEASURE(7.),$);
#12162=IFCPROPERTYSINGLEVALUE('RiserHeight',$,IFCPOSITIVELENGTHMEASURE(0.18125000596046448),$);
#12163=IFCPROPERTYSINGLEVALUE('TreadLength',$,IFCPOSITIVELENGTHMEASURE(0.25),$);
#12164=IFCPROPERTYSINGLEVALUE('NosingLength',$,IFCLENGTHMEASURE(0.),$);
#12165=IFCREPRESENTATIONMAP(#12166,#12334);
#12166=IFCAXIS2PLACEMENT3D(#12167,#12168,#12169);
#12167=IFCCARTESIANPOINT((0.,0.,0.));
#12168=IFCDIRECTION((0.,0.,1.));
#12169=IFCDIRECTION((1.,0.,0.));
#12273=IFCINDEXEDPOLYGONALFACE((2,1,18,17,16,15,14,13,12,11,10,9,8,7,6,5,4,3));
#12274=IFCINDEXEDPOLYGONALFACE((19,20,21,22,23,24,25,26,27,28,29,30,31,32,33,34,35,36));
#12275=IFCINDEXEDPOLYGONALFACE((15,16,33,32));
#12276=IFCINDEXEDPOLYGONALFACE((8,9,26,25));
#12277=IFCINDEXEDPOLYGONALFACE((1,2,19,36));
#12278=IFCINDEXEDPOLYGONALFACE((16,17,34,33));
#12279=IFCINDEXEDPOLYGONALFACE((9,10,27,26));
#12280=IFCINDEXEDPOLYGONALFACE((2,3,20,19));
#12281=IFCINDEXEDPOLYGONALFACE((17,18,35,34));
#12282=IFCINDEXEDPOLYGONALFACE((10,11,28,27));
#12283=IFCINDEXEDPOLYGONALFACE((3,4,21,20));
#12284=IFCINDEXEDPOLYGONALFACE((18,1,36,35));
#12285=IFCINDEXEDPOLYGONALFACE((11,12,29,28));
#12286=IFCINDEXEDPOLYGONALFACE((4,5,22,21));
#12287=IFCINDEXEDPOLYGONALFACE((12,13,30,29));
#12288=IFCINDEXEDPOLYGONALFACE((5,6,23,22));
#12289=IFCINDEXEDPOLYGONALFACE((13,14,31,30));
#12290=IFCINDEXEDPOLYGONALFACE((6,7,24,23));
#12291=IFCINDEXEDPOLYGONALFACE((14,15,32,31));
#12292=IFCINDEXEDPOLYGONALFACE((7,8,25,24));
#12293=IFCCARTESIANPOINTLIST3D(((0.,0.,0.),(0.,0.,0.18125000596046448),(0.18611907958984375,0.,0.18125000596046448),(0.18611907958984375,0.,0.36250001192092896),(0.3722381591796875,0.,0.36250001192092896),(0.3722381591796875,0.,0.54375004768371582),(0.55835723876953125,0.,0.54375004768371582),(0.55835723876953125,0.,0.72500002384185791),(0.744476318359375,0.,0.72500002384185791),(0.744476318359375,0.,0.90625),(0.93059539794921875,0.,0.90625),(0.93059539794921875,0.,1.0874999761581421),(1.1167144775390625,0.,1.0874999761581421),(1.1167144775390625,0.,1.2687499523162842),(1.3028335571289062,0.,1.2687499523162842),(1.3028335571289062,0.,1.4499999284744263),(1.48895263671875,0.,1.4499999284744263),(1.48895263671875,0.,0.),(0.,0.89331066608428955,0.18125000596046448),(0.18611907958984375,0.89331066608428955,0.18125000596046448),(0.18611907958984375,0.89331066608428955,0.36250001192092896),(0.3722381591796875,0.89331066608428955,0.36250001192092896),(0.3722381591796875,0.89331066608428955,0.54375004768371582),(0.55835723876953125,0.89331066608428955,0.54375004768371582),(0.55835723876953125,0.89331066608428955,0.72500002384185791),(0.744476318359375,0.89331066608428955,0.72500002384185791),(0.744476318359375,0.89331066608428955,0.90625),(0.93059539794921875,0.89331066608428955,0.90625),(0.93059539794921875,0.89331066608428955,1.0874999761581421),(1.1167144775390625,0.89331066608428955,1.0874999761581421),(1.1167144775390625,0.89331066608428955,1.2687499523162842),(1.3028335571289062,0.89331066608428955,1.2687499523162842),(1.3028335571289062,0.89331066608428955,1.4499999284744263),(1.48895263671875,0.89331066608428955,1.4499999284744263),(1.48895263671875,0.89331066608428955,0.),(0.,0.89331066608428955,0.)));
#12294=IFCPOLYGONALFACESET(#12293,.T.,(#12273,#12274,#12275,#12276,#12277,#12278,#12279,#12280,#12281,#12282,#12283,#12284,#12285,#12286,#12287,#12288,#12289,#12290,#12291,#12292),$);
#12295=IFCSHAPEREPRESENTATION(#11,'Body','Tessellation',(#12294));
#12297=IFCCARTESIANPOINT((0.,0.,0.));
#12298=IFCBOUNDINGBOX(#12297,1.48895263671875,0.89331066608428955,1.4499999284744263);
#12299=IFCSHAPEREPRESENTATION(#13,'Box','BoundingBox',(#12298));
#12300=IFCCARTESIANPOINT((0.,0.,0.));
#12301=IFCDIRECTION((1.,0.,0.));
#12302=IFCDIRECTION((0.,0.,1.));
#12303=IFCAXIS2PLACEMENT3D(#12300,#12302,#12301);
#12304=IFCREPRESENTATIONMAP(#12303,#12299);
#12312=IFCINDEXEDPOLYGONALFACE((2,1,18,17,16,15,14,13,12,11,10,9,8,7,6,5,4,3));
#12313=IFCINDEXEDPOLYGONALFACE((19,20,21,22,23,24,25,26,27,28,29,30,31,32,33,34,35,36));
#12314=IFCINDEXEDPOLYGONALFACE((12,13,30,29));
#12315=IFCINDEXEDPOLYGONALFACE((5,6,23,22));
#12316=IFCINDEXEDPOLYGONALFACE((13,14,31,30));
#12317=IFCINDEXEDPOLYGONALFACE((6,7,24,23));
#12318=IFCINDEXEDPOLYGONALFACE((14,15,32,31));
#12319=IFCINDEXEDPOLYGONALFACE((7,8,25,24));
#12320=IFCINDEXEDPOLYGONALFACE((15,16,33,32));
#12321=IFCINDEXEDPOLYGONALFACE((8,9,26,25));
#12322=IFCINDEXEDPOLYGONALFACE((1,2,19,36));
#12323=IFCINDEXEDPOLYGONALFACE((16,17,34,33));
#12324=IFCINDEXEDPOLYGONALFACE((9,10,27,26));
#12325=IFCINDEXEDPOLYGONALFACE((2,3,20,19));
#12326=IFCINDEXEDPOLYGONALFACE((17,18,35,34));
#12327=IFCINDEXEDPOLYGONALFACE((10,11,28,27));
#12328=IFCINDEXEDPOLYGONALFACE((3,4,21,20));
#12329=IFCINDEXEDPOLYGONALFACE((18,1,36,35));
#12330=IFCINDEXEDPOLYGONALFACE((11,12,29,28));
#12331=IFCINDEXEDPOLYGONALFACE((4,5,22,21));
#12332=IFCCARTESIANPOINTLIST3D(((0.,0.,0.),(0.,0.,0.18125000596046448),(0.18611907958984375,0.,0.18125000596046448),(0.18611907958984375,0.,0.36250001192092896),(0.3722381591796875,0.,0.36250001192092896),(0.3722381591796875,0.,0.54375004768371582),(0.55835723876953125,0.,0.54375004768371582),(0.55835723876953125,0.,0.72500002384185791),(0.744476318359375,0.,0.72500002384185791),(0.744476318359375,0.,0.90625),(0.93059539794921875,0.,0.90625),(0.93059539794921875,0.,1.0874999761581421),(1.1167144775390625,0.,1.0874999761581421),(1.1167144775390625,0.,1.2687499523162842),(1.3028335571289062,0.,1.2687499523162842),(1.3028335571289062,0.,1.4499999284744263),(1.48895263671875,0.,1.4499999284744263),(1.48895263671875,0.,0.),(0.,0.89331066608428955,0.18125000596046448),(0.18611907958984375,0.89331066608428955,0.18125000596046448),(0.18611907958984375,0.89331066608428955,0.36250001192092896),(0.3722381591796875,0.89331066608428955,0.36250001192092896),(0.3722381591796875,0.89331066608428955,0.54375004768371582),(0.55835723876953125,0.89331066608428955,0.54375004768371582),(0.55835723876953125,0.89331066608428955,0.72500002384185791),(0.744476318359375,0.89331066608428955,0.72500002384185791),(0.744476318359375,0.89331066608428955,0.90625),(0.93059539794921875,0.89331066608428955,0.90625),(0.93059539794921875,0.89331066608428955,1.0874999761581421),(1.1167144775390625,0.89331066608428955,1.0874999761581421),(1.1167144775390625,0.89331066608428955,1.2687499523162842),(1.3028335571289062,0.89331066608428955,1.2687499523162842),(1.3028335571289062,0.89331066608428955,1.4499999284744263),(1.48895263671875,0.89331066608428955,1.4499999284744263),(1.48895263671875,0.89331066608428955,0.),(0.,0.89331066608428955,0.)));
#12333=IFCPOLYGONALFACESET(#12332,.T.,(#12312,#12313,#12314,#12315,#12316,#12317,#12318,#12319,#12320,#12321,#12322,#12323,#12324,#12325,#12326,#12327,#12328,#12329,#12330,#12331),$);
#12334=IFCSHAPEREPRESENTATION(#11,'Body','Tessellation',(#12333));
#12336=IFCCARTESIANPOINT((0.,0.,0.));
#12337=IFCBOUNDINGBOX(#12336,1.48895263671875,0.89331066608428955,1.4499999284744263);
#12338=IFCSHAPEREPRESENTATION(#13,'Box','BoundingBox',(#12337));
#12339=IFCCARTESIANPOINT((0.,0.,0.));
#12340=IFCDIRECTION((1.,0.,0.));
#12341=IFCDIRECTION((0.,0.,1.));
#12342=IFCAXIS2PLACEMENT3D(#12339,#12341,#12340);
#12343=IFCREPRESENTATIONMAP(#12342,#12338);
#12355=IFCMATERIALLAYERSET((#12356),$,$);
#12356=IFCMATERIALLAYER(#113,1.4500000476837158,$,$,$,$,$);
#12389=IFCRAILINGTYPE('25T8cVqG94MPUt4gC4OEDY',$,'Star Rail - 1',$,$,(#12390,#12392),(#12421,#13807),$,$,.USERDEFINED.);
#12390=IFCPROPERTYSET('3cKXOqEMrFvxvJ7NCnsf0X',$,'BBIM_Railing',$,(#12391));
#12391=IFCPROPERTYSINGLEVALUE('Data',$,IFCTEXT('{"railing_type": "FRAMELESS_PANEL", "height": 1.0, "thickness": 0.05000000074505806, "spacing": 0.05000000074505806, "path_data": {"edges": [[0, 1], [1, 2]], "verts": [[-0.9749999046325684, -0.02499997615814209, -0.18125000596046448], [-0.17881152033805847, -0.024383768439292908, 0.5746498703956604], [0.5676332712173462, -0.024399273097515106, 1.2543452978134155]]}}'),$);
#12392=IFCPROPERTYSET('2aUgxoEFD1uQBtxZoFmCVU',$,'Pset_RailingCommon',$,(#12393));
#12393=IFCPROPERTYSINGLEVALUE('Height',$,IFCPOSITIVELENGTHMEASURE(1.),$);
#12417=IFCCARTESIANPOINT((0.,0.,0.));
#12418=IFCDIRECTION((1.,0.,0.));
#12419=IFCDIRECTION((0.,0.,1.));
#12420=IFCAXIS2PLACEMENT3D(#12417,#12419,#12418);
#12421=IFCREPRESENTATIONMAP(#12420,#13798);
#12659=IFCRAILINGTYPE('3hqHQTGN508eNzwW$GVS8$',$,'Stair Rail - 2',$,$,(#12660,#12662),(#12664,#14493),$,$,.USERDEFINED.);
#12660=IFCPROPERTYSET('2K3Y_BU6z5pfNsXjx3QLO1',$,'BBIM_Railing',$,(#12661));
#12661=IFCPROPERTYSINGLEVALUE('Data',$,IFCTEXT('{"railing_type": "FRAMELESS_PANEL", "height": 1.0, "thickness": 0.05000000074505806, "spacing": 0.05000000074505806, "path_data": {"edges": [[0, 1], [1, 2]], "verts": [[-1.023797869682312, -0.023888269439339638, -0.2487785369157791], [-0.21712103486061096, -0.024633390828967094, 0.5345335006713867], [0.5410017371177673, -0.027704892680048943, 1.2687500715255737]]}}'),$);
#12662=IFCPROPERTYSET('2yr8shnUDDRBb4RyBepGSu',$,'Pset_RailingCommon',$,(#12663));
#12663=IFCPROPERTYSINGLEVALUE('Height',$,IFCPOSITIVELENGTHMEASURE(1.),$);
#12664=IFCREPRESENTATIONMAP(#12665,#14484);
#12665=IFCAXIS2PLACEMENT3D(#12666,#12667,#12668);
#12666=IFCCARTESIANPOINT((0.,0.,0.));
#12667=IFCDIRECTION((0.,0.,1.));
#12668=IFCDIRECTION((1.,0.,0.));
#13075=IFCRAILINGTYPE('3PClyVkQL0qAv1Nl3vAsfp',$,'Slab Landing Rail - 1',$,$,(#13076,#13078),(#13107,#14557),$,$,.USERDEFINED.);
#13076=IFCPROPERTYSET('0qKPlX8tb1ShFgzNodTEYE',$,'BBIM_Railing',$,(#13077));
#13077=IFCPROPERTYSINGLEVALUE('Data',$,IFCTEXT('{"railing_type": "FRAMELESS_PANEL", "height": 1.0, "thickness": 0.05000000074505806, "spacing": 0.05000000074505806, "path_data": {"edges": [[0, 1], [1, 2]], "verts": [[0.15584945678710938, 0.004055619239807129, -1.1920928955078125e-07], [0.15668344497680664, 5.409121513366699e-05, 0.0], [1.0, 0.0, 0.0]]}}'),$);
#13078=IFCPROPERTYSET('0oAGg9UsTBzAsf2Igz5hDN',$,'Pset_RailingCommon',$,(#13079));
#13079=IFCPROPERTYSINGLEVALUE('Height',$,IFCPOSITIVELENGTHMEASURE(1.),$);
#13103=IFCCARTESIANPOINT((0.,0.,0.));
#13104=IFCDIRECTION((1.,0.,0.));
#13105=IFCDIRECTION((0.,0.,1.));
#13106=IFCAXIS2PLACEMENT3D(#13103,#13105,#13104);
#13107=IFCREPRESENTATIONMAP(#13106,#14548);
#13784=IFCINDEXEDPOLYGONALFACE((16,19,18,17));
#13785=IFCINDEXEDPOLYGONALFACE((20,23,22,21));
#13786=IFCINDEXEDPOLYGONALFACE((5,11,10,4,8,9));
#13787=IFCINDEXEDPOLYGONALFACE((7,15,14,6,12,13));
#13788=IFCINDEXEDPOLYGONALFACE((5,9,19,16,11));
#13789=IFCINDEXEDPOLYGONALFACE((7,13,23,20,15));
#13790=IFCINDEXEDPOLYGONALFACE((11,16,17,10));
#13791=IFCINDEXEDPOLYGONALFACE((8,18,19,9));
#13792=IFCINDEXEDPOLYGONALFACE((12,22,23,13));
#13793=IFCINDEXEDPOLYGONALFACE((6,14,21,22,12));
#13794=IFCINDEXEDPOLYGONALFACE((15,20,21,14));
#13795=IFCINDEXEDPOLYGONALFACE((10,17,18,8,4));
#13796=IFCCARTESIANPOINTLIST3D(((-0.97499990463256836,-0.02499997615814209,-0.18125000596046448),(-0.17881152033805847,-0.024383768439292908,0.5746498703956604),(0.56763327121734619,-0.024399273097515106,1.2543452978134155),(-0.94999992847442627,-0.024980627000331879,-0.15751504898071289),(-0.20381151139736176,-0.024403117597103119,0.5509149432182312),(-0.15381151437759399,-0.024384288117289543,0.59741431474685669),(0.5426332950592041,-0.024398753419518471,1.2315808534622192),(-0.95001929998397827,1.9364058971405029E-05,-0.15751504898071289),(-0.20383085310459137,0.00059687346220016479,0.5509149432182312),(-0.94998055696487427,-0.049980618059635162,-0.15751504898071289),(-0.20379216969013214,-0.049403108656406403,0.5509149432182312),(-0.15381099283695221,0.00061571225523948669,0.59741431474685669),(0.54263383150100708,0.00060124695301055908,1.2315808534622192),(-0.15381203591823578,-0.049384288489818573,0.59741431474685669),(0.54263275861740112,-0.049398753792047501,1.2315808534622192),(-0.20379216969013214,-0.049403108656406403,1.550915002822876),(-0.94998055696487427,-0.049980618059635162,0.84248495101928711),(-0.95001929998397827,1.9364058971405029E-05,0.84248495101928711),(-0.20383085310459137,0.00059687346220016479,1.550915002822876),(0.54263275861740112,-0.049398753792047501,2.2315807342529297),(-0.15381203591823578,-0.049384288489818573,1.5974142551422119),(-0.15381099283695221,0.00061571225523948669,1.5974142551422119),(0.54263383150100708,0.00060124695301055908,2.2315807342529297)));
#13797=IFCPOLYGONALFACESET(#13796,.F.,(#13784,#13785,#13786,#13787,#13788,#13789,#13790,#13791,#13792,#13793,#13794,#13795),$);
#13798=IFCSHAPEREPRESENTATION(#11,'Body','Tessellation',(#13797));
#13800=IFCCARTESIANPOINT((-0.97499990463256836,-0.049980618059635162,-0.18125000596046448));
#13801=IFCBOUNDINGBOX(#13800,1.5426331758499146,0.050596330314874649,2.4128308296203613);
#13802=IFCSHAPEREPRESENTATION(#13,'Box','BoundingBox',(#13801));
#13803=IFCCARTESIANPOINT((0.,0.,0.));
#13804=IFCDIRECTION((1.,0.,0.));
#13805=IFCDIRECTION((0.,0.,1.));
#13806=IFCAXIS2PLACEMENT3D(#13803,#13805,#13804);
#13807=IFCREPRESENTATIONMAP(#13806,#13802);
#14470=IFCINDEXEDPOLYGONALFACE((16,19,18,17));
#14471=IFCINDEXEDPOLYGONALFACE((20,23,22,21));
#14472=IFCINDEXEDPOLYGONALFACE((5,11,10,4,8,9));
#14473=IFCINDEXEDPOLYGONALFACE((7,15,14,6,12,13));
#14474=IFCINDEXEDPOLYGONALFACE((5,9,19,16,11));
#14475=IFCINDEXEDPOLYGONALFACE((7,13,23,20,15));
#14476=IFCINDEXEDPOLYGONALFACE((11,16,17,10));
#14477=IFCINDEXEDPOLYGONALFACE((8,18,19,9));
#14478=IFCINDEXEDPOLYGONALFACE((12,22,23,13));
#14479=IFCINDEXEDPOLYGONALFACE((6,14,21,22,12));
#14480=IFCINDEXEDPOLYGONALFACE((15,20,21,14));
#14481=IFCINDEXEDPOLYGONALFACE((10,17,18,8,4));
#14482=IFCCARTESIANPOINTLIST3D(((-1.023797869682312,-0.023888269439339638,-0.24877853691577911),(-0.21712103486061096,-0.024633390828967094,0.53453350067138672),(0.54100173711776733,-0.027704892680048943,1.2687500715255737),(-0.99879789352416992,-0.023911362513899803,-0.22450265288352966),(-0.24212102591991425,-0.024610297754406929,0.51025760173797607),(-0.1921212375164032,-0.024734675884246826,0.55874496698379517),(0.51600193977355957,-0.027603607624769211,1.2445386648178101),(-0.99877482652664185,0.0010886266827583313,-0.22450265288352966),(-0.24209792912006378,0.00038969144225120544,0.51025760173797607),(-0.998820960521698,-0.048911351710557938,-0.22450265288352966),(-0.24214412271976471,-0.049610286951065063,0.51025760173797607),(-0.19201995432376862,0.00026511773467063904,0.55874496698379517),(0.51610320806503296,-0.0026038140058517456,1.2445386648178101),(-0.19222252070903778,-0.049734469503164291,0.55874496698379517),(0.51590067148208618,-0.052603401243686676,1.2445386648178101),(-0.24214412271976471,-0.049610286951065063,1.5102576017379761),(-0.998820960521698,-0.048911351710557938,0.77549731731414795),(-0.99877482652664185,0.0010886266827583313,0.77549731731414795),(-0.24209792912006378,0.00038969144225120544,1.5102576017379761),(0.51590067148208618,-0.052603401243686676,2.2445387840270996),(-0.19222252070903778,-0.049734469503164291,1.5587449073791504),(-0.19201995432376862,0.00026511773467063904,1.5587449073791504),(0.51610320806503296,-0.0026038140058517456,2.2445387840270996)));
#14483=IFCPOLYGONALFACESET(#14482,.F.,(#14470,#14471,#14472,#14473,#14474,#14475,#14476,#14477,#14478,#14479,#14480,#14481),$);
#14484=IFCSHAPEREPRESENTATION(#11,'Body','Tessellation',(#14483));
#14486=IFCCARTESIANPOINT((-1.023797869682312,-0.052603401243686676,-0.24877853691577911));
#14487=IFCBOUNDINGBOX(#14486,1.5647995471954346,0.053692027926445007,2.4933173656463623);
#14488=IFCSHAPEREPRESENTATION(#13,'Box','BoundingBox',(#14487));
#14489=IFCCARTESIANPOINT((0.,0.,0.));
#14490=IFCDIRECTION((1.,0.,0.));
#14491=IFCDIRECTION((0.,0.,1.));
#14492=IFCAXIS2PLACEMENT3D(#14489,#14491,#14490);
#14493=IFCREPRESENTATIONMAP(#14492,#14488);
#14540=IFCINDEXEDPOLYGONALFACE((11,14,13,12));
#14541=IFCINDEXEDPOLYGONALFACE((4,9,8,3,6,7));
#14542=IFCINDEXEDPOLYGONALFACE((7,14,11,9,4));
#14543=IFCINDEXEDPOLYGONALFACE((6,13,14,7));
#14544=IFCINDEXEDPOLYGONALFACE((8,12,13,6,3));
#14545=IFCINDEXEDPOLYGONALFACE((9,11,12,8));
#14546=IFCCARTESIANPOINTLIST3D(((0.15584945678710938,0.0040556192398071289,-1.1920928955078125E-07),(1.,0.,0.),(0.18168345093727112,5.248768866294995E-05,0.),(0.97500002384185791,1.6035264707170427E-06,0.),(0.15668344497680664,5.4091215133666992E-05,0.),(0.18168506026268005,0.025052487850189209,0.),(0.97500163316726685,0.025001604110002518,0.),(0.18168184161186218,-0.024947512894868851,0.),(0.97499841451644897,-0.024998396635055542,0.),(0.15668344497680664,5.4091215133666992E-05,1.),(0.97499841451644897,-0.024998396635055542,1.),(0.18168184161186218,-0.024947512894868851,1.),(0.18168506026268005,0.025052487850189209,1.),(0.97500163316726685,0.025001604110002518,1.)));
#14547=IFCPOLYGONALFACESET(#14546,.F.,(#14540,#14541,#14542,#14543,#14544,#14545),$);
#14548=IFCSHAPEREPRESENTATION(#11,'Body','Tessellation',(#14547));
#14550=IFCCARTESIANPOINT((0.15584945678710938,-0.024998396635055542,-1.1920928955078125E-07));
#14551=IFCBOUNDINGBOX(#14550,0.84415054321289062,0.050050884485244751,1.0000001192092896);
#14552=IFCSHAPEREPRESENTATION(#13,'Box','BoundingBox',(#14551));
#14553=IFCCARTESIANPOINT((0.,0.,0.));
#14554=IFCDIRECTION((1.,0.,0.));
#14555=IFCDIRECTION((0.,0.,1.));
#14556=IFCAXIS2PLACEMENT3D(#14553,#14555,#14554);
#14557=IFCREPRESENTATIONMAP(#14556,#14552);
#14599=IFCSLABTYPE('0E033l2KL6qQOfIr26$84m',$,'STAIRS OPENING',$,$,$,$,$,$,.FLOOR.);
#14622=IFCCARTESIANPOINTLIST2D(((-0.0082869529724121094,-9.5953130722045898),(-7.4800019264221191,-9.5899982452392578),(-7.4800000190734863,-0.93999862670898438),(-3.9800000190734863,-0.94000005722045898),(-3.9800000190734863,4.76837158203125E-07),(0.,0.),(-0.0082869529724121094,-9.5953130722045898)));
#14623=IFCINDEXEDPOLYCURVE(#14622,$,$);
#14624=IFCARBITRARYCLOSEDPROFILEDEF(.AREA.,$,#14623);
#14731=IFCINDEXEDPOLYGONALFACE((10,13,12,11));
#14732=IFCINDEXEDPOLYGONALFACE((3,8,7,2,5,6));
#14733=IFCINDEXEDPOLYGONALFACE((3,6,13,10,8));
#14734=IFCINDEXEDPOLYGONALFACE((5,12,13,6));
#14735=IFCINDEXEDPOLYGONALFACE((2,7,11,12,5));
#14736=IFCINDEXEDPOLYGONALFACE((8,10,11,7));
#14737=IFCCARTESIANPOINTLIST3D(((1.0948657989501953,0.,0.),(0.025000002235174179,0.,0.),(1.0698658227920532,0.,0.),(0.,0.,0.),(0.025000002235174179,0.02500000037252903,0.),(1.0698658227920532,0.02500000037252903,0.),(0.025000002235174179,-0.02500000037252903,0.),(1.0698658227920532,-0.02500000037252903,0.),(0.,0.,1.),(1.0698658227920532,-0.02500000037252903,1.),(0.025000002235174179,-0.02500000037252903,1.),(0.025000002235174179,0.02500000037252903,1.),(1.0698658227920532,0.02500000037252903,1.)));
#14738=IFCPOLYGONALFACESET(#14737,.F.,(#14731,#14732,#14733,#14734,#14735,#14736),$);
#14739=IFCSHAPEREPRESENTATION(#11,'Body','Tessellation',(#14738));
#14741=IFCCARTESIANPOINT((0.,-0.02500000037252903,0.));
#14742=IFCBOUNDINGBOX(#14741,1.0948657989501953,0.05000000074505806,1.);
#14743=IFCSHAPEREPRESENTATION(#13,'Box','BoundingBox',(#14742));
#14744=IFCCARTESIANPOINT((0.,0.,0.));
#14745=IFCDIRECTION((1.,0.,0.));
#14746=IFCDIRECTION((0.,0.,1.));
#14747=IFCAXIS2PLACEMENT3D(#14744,#14746,#14745);
#14748=IFCREPRESENTATIONMAP(#14747,#14743);
#14866=IFCINDEXEDPOLYGONALFACE((10,13,12,11));
#14867=IFCINDEXEDPOLYGONALFACE((3,8,7,2,5,6));
#14868=IFCINDEXEDPOLYGONALFACE((3,6,13,10,8));
#14869=IFCINDEXEDPOLYGONALFACE((5,12,13,6));
#14870=IFCINDEXEDPOLYGONALFACE((2,7,11,12,5));
#14871=IFCINDEXEDPOLYGONALFACE((8,10,11,7));
#14872=IFCCARTESIANPOINTLIST3D(((1.5218538045883179,-3.9398866391593401E-08,0.),(0.024999998509883881,-6.4721827897074036E-10,0.),(1.4968538284301758,-3.8751647224444241E-08,0.),(0.,0.,0.),(0.024999998509883881,0.02500000037252903,0.),(1.4968538284301758,0.024999961256980896,0.),(0.024999998509883881,-0.02500000037252903,0.),(1.4968538284301758,-0.025000039488077164,0.),(0.,0.,1.),(1.4968538284301758,-0.025000039488077164,1.),(0.024999998509883881,-0.02500000037252903,1.),(0.024999998509883881,0.02500000037252903,1.),(1.4968538284301758,0.024999961256980896,1.)));
#14873=IFCPOLYGONALFACESET(#14872,.F.,(#14866,#14867,#14868,#14869,#14870,#14871),$);
#14874=IFCSHAPEREPRESENTATION(#11,'Body','Tessellation',(#14873));
#14876=IFCCARTESIANPOINT((0.,-0.025000039488077164,0.));
#14877=IFCBOUNDINGBOX(#14876,1.5218538045883179,0.050000041723251343,1.);
#14878=IFCSHAPEREPRESENTATION(#13,'Box','BoundingBox',(#14877));
#14879=IFCCARTESIANPOINT((0.,0.,0.));
#14880=IFCDIRECTION((1.,0.,0.));
#14881=IFCDIRECTION((0.,0.,1.));
#14882=IFCAXIS2PLACEMENT3D(#14879,#14881,#14880);
#14883=IFCREPRESENTATIONMAP(#14882,#14878);
#14899=IFCCARTESIANPOINTLIST2D(((0.,0.),(0.,2.),(2.1829023361206055,2.),(2.1829023361206055,0.),(2.1329023353755474,0.),(2.1329023353755474,1.9499999992549419),(0.05000000074505806,1.9499999992549419),(0.05000000074505806,0.)));
#14900=IFCINDEXEDPOLYCURVE(#14899,(IFCLINEINDEX((1,2,3,4,5,6,7,8,1))),$);
#14901=IFCARBITRARYCLOSEDPROFILEDEF(.AREA.,$,#14900);
#14902=IFCCARTESIANPOINT((0.,0.,0.));
#14903=IFCDIRECTION((0.,-1.,0.));
#14904=IFCDIRECTION((1.,0.,0.));
#14905=IFCAXIS2PLACEMENT3D(#14902,#14903,#14904);
#14906=IFCDIRECTION((0.,0.,-1.));
#14907=IFCEXTRUDEDAREASOLID(#14901,#14905,#14906,0.05000000074505806);
#14908=IFCCARTESIANPOINTLIST2D(((0.,0.),(2.0829023346304893,0.),(2.0829023346304893,0.10000000149011612),(0.,0.10000000149011612)));
#14909=IFCINDEXEDPOLYCURVE(#14908,(IFCLINEINDEX((1,2,3,4,1))),$);
#14910=IFCARBITRARYCLOSEDPROFILEDEF(.AREA.,$,#14909);
#14911=IFCCARTESIANPOINT((0.05000000074505806,0.,0.));
#14912=IFCDIRECTION((0.,0.,1.));
#14913=IFCDIRECTION((1.,0.,0.));
#14914=IFCAXIS2PLACEMENT3D(#14911,#14912,#14913);
#14915=IFCDIRECTION((0.,0.,1.));
#14916=IFCEXTRUDEDAREASOLID(#14910,#14914,#14915,0.02500000037252903);
#14917=IFCCARTESIANPOINTLIST2D(((0.,0.),(0.,2.0250000022351742),(2.2329023405909538,2.0250000022351742),(2.2329023405909538,0.),(2.1579023376107216,0.),(2.1579023376107216,1.9499999992549419),(0.075000002980232239,1.9499999992549419),(0.075000002980232239,0.)));
#14918=IFCINDEXEDPOLYCURVE(#14917,(IFCLINEINDEX((1,2,3,4,5,6,7,8,1))),$);
#14919=IFCARBITRARYCLOSEDPROFILEDEF(.AREA.,$,#14918);
#14920=IFCCARTESIANPOINT((-0.025000002235174179,-0.004999999888241291,0.));
#14921=IFCDIRECTION((0.,-1.,0.));
#14922=IFCDIRECTION((1.,0.,0.));
#14923=IFCAXIS2PLACEMENT3D(#14920,#14921,#14922);
#14924=IFCDIRECTION((0.,0.,-1.));
#14925=IFCEXTRUDEDAREASOLID(#14919,#14923,#14924,0.004999999888241291);
#14926=IFCCARTESIANPOINTLIST2D(((0.,0.),(0.,2.0250000022351742),(2.2329023405909538,2.0250000022351742),(2.2329023405909538,0.),(2.1579023376107216,0.),(2.1579023376107216,1.9499999992549419),(0.075000002980232239,1.9499999992549419),(0.075000002980232239,0.)));
#14927=IFCINDEXEDPOLYCURVE(#14926,(IFCLINEINDEX((1,2,3,4,5,6,7,8,1))),$);
#14928=IFCARBITRARYCLOSEDPROFILEDEF(.AREA.,$,#14927);
#14929=IFCCARTESIANPOINT((-0.025000002235174179,0.05000000074505806,0.));
#14930=IFCDIRECTION((0.,-1.,0.));
#14931=IFCDIRECTION((1.,0.,0.));
#14932=IFCAXIS2PLACEMENT3D(#14929,#14930,#14931);
#14933=IFCDIRECTION((0.,0.,-1.));
#14934=IFCEXTRUDEDAREASOLID(#14928,#14932,#14933,0.004999999888241291);
#14935=IFCCARTESIANPOINTLIST2D(((0.,0.),(2.0829023346304893,0.),(2.0829023346304893,0.035000000149011612),(0.,0.035000000149011612)));
#14936=IFCINDEXEDPOLYCURVE(#14935,(IFCLINEINDEX((1,2,3,4,1))),$);
#14937=IFCARBITRARYCLOSEDPROFILEDEF(.AREA.,$,#14936);
#14938=IFCCARTESIANPOINT((0.05000000074505806,-0.035000000149011612,0.02500000037252903));
#14939=IFCDIRECTION((0.,0.,1.));
#14940=IFCDIRECTION((1.,0.,0.));
#14941=IFCAXIS2PLACEMENT3D(#14938,#14939,#14940);
#14942=IFCDIRECTION((0.,0.,1.));
#14943=IFCEXTRUDEDAREASOLID(#14937,#14941,#14942,1.9249999988824129);
#14944=IFCCARTESIANPOINTLIST2D(((0.,0.),(0.,-0.040000000000000001),(0.12,-0.040000000000000001),(0.12,-0.02),(0.02,-0.02),(0.02,0.)));
#14945=IFCINDEXEDPOLYCURVE(#14944,(IFCLINEINDEX((1,2,3,4,5,6,1))),$);
#14946=IFCARBITRARYCLOSEDPROFILEDEF(.AREA.,$,#14945);
#14947=IFCCARTESIANPOINT((0.10000000074505806,-0.035000000149011612,1.015000000372529));
#14948=IFCDIRECTION((0.,0.,1.));
#14949=IFCDIRECTION((1.,0.,0.));
#14950=IFCAXIS2PLACEMENT3D(#14947,#14948,#14949);
#14951=IFCDIRECTION((0.,0.,1.));
#14952=IFCEXTRUDEDAREASOLID(#14946,#14950,#14951,0.02);
#14953=IFCEXTRUDEDAREASOLID(#14954,#14957,#14961,0.02);
#14954=IFCARBITRARYCLOSEDPROFILEDEF(.AREA.,$,#14955);
#14955=IFCINDEXEDPOLYCURVE(#14956,(IFCLINEINDEX((1,2,3,4,5,6,1))),$);
#14956=IFCCARTESIANPOINTLIST2D(((0.,0.),(0.,0.040000000000000008),(0.11999999999999998,0.040000000000000008),(0.11999999999999998,0.020000000000000004),(0.020000000000000004,0.020000000000000004),(0.020000000000000004,0.)));
#14957=IFCAXIS2PLACEMENT3D(#14958,#14959,#14960);
#14958=IFCCARTESIANPOINT((0.10000000074505806,0.,1.015000000372529));
#14959=IFCDIRECTION((0.,0.,1.));
#14960=IFCDIRECTION((1.,0.,0.));
#14961=IFCDIRECTION((0.,0.,1.));
#15003=IFCCARTESIANPOINTLIST2D(((0.,0.),(0.,2.),(2.4671685695648193,2.),(2.4671685695648193,0.),(2.4171685688197613,0.),(2.4171685688197613,1.9499999992549419),(0.05000000074505806,1.9499999992549419),(0.05000000074505806,0.)));
#15004=IFCINDEXEDPOLYCURVE(#15003,(IFCLINEINDEX((1,2,3,4,5,6,7,8,1))),$);
#15005=IFCARBITRARYCLOSEDPROFILEDEF(.AREA.,$,#15004);
#15006=IFCCARTESIANPOINT((0.,0.,0.));
#15007=IFCDIRECTION((0.,-1.,0.));
#15008=IFCDIRECTION((1.,0.,0.));
#15009=IFCAXIS2PLACEMENT3D(#15006,#15007,#15008);
#15010=IFCDIRECTION((0.,0.,-1.));
#15011=IFCEXTRUDEDAREASOLID(#15005,#15009,#15010,0.05000000074505806);
#15012=IFCCARTESIANPOINTLIST2D(((0.,0.),(2.3671685680747032,0.),(2.3671685680747032,0.10000000149011612),(0.,0.10000000149011612)));
#15013=IFCINDEXEDPOLYCURVE(#15012,(IFCLINEINDEX((1,2,3,4,1))),$);
#15014=IFCARBITRARYCLOSEDPROFILEDEF(.AREA.,$,#15013);
#15015=IFCCARTESIANPOINT((0.05000000074505806,0.,0.));
#15016=IFCDIRECTION((0.,0.,1.));
#15017=IFCDIRECTION((1.,0.,0.));
#15018=IFCAXIS2PLACEMENT3D(#15015,#15016,#15017);
#15019=IFCDIRECTION((0.,0.,1.));
#15020=IFCEXTRUDEDAREASOLID(#15014,#15018,#15019,0.02500000037252903);
#15021=IFCCARTESIANPOINTLIST2D(((0.,0.),(0.,2.0250000022351742),(2.5171685740351677,2.0250000022351742),(2.5171685740351677,0.),(2.4421685710549355,0.),(2.4421685710549355,1.9499999992549419),(0.075000002980232239,1.9499999992549419),(0.075000002980232239,0.)));
#15022=IFCINDEXEDPOLYCURVE(#15021,(IFCLINEINDEX((1,2,3,4,5,6,7,8,1))),$);
#15023=IFCARBITRARYCLOSEDPROFILEDEF(.AREA.,$,#15022);
#15024=IFCCARTESIANPOINT((-0.025000002235174179,-0.004999999888241291,0.));
#15025=IFCDIRECTION((0.,-1.,0.));
#15026=IFCDIRECTION((1.,0.,0.));
#15027=IFCAXIS2PLACEMENT3D(#15024,#15025,#15026);
#15028=IFCDIRECTION((0.,0.,-1.));
#15029=IFCEXTRUDEDAREASOLID(#15023,#15027,#15028,0.004999999888241291);
#15030=IFCCARTESIANPOINTLIST2D(((0.,0.),(0.,2.0250000022351742),(2.5171685740351677,2.0250000022351742),(2.5171685740351677,0.),(2.4421685710549355,0.),(2.4421685710549355,1.9499999992549419),(0.075000002980232239,1.9499999992549419),(0.075000002980232239,0.)));
#15031=IFCINDEXEDPOLYCURVE(#15030,(IFCLINEINDEX((1,2,3,4,5,6,7,8,1))),$);
#15032=IFCARBITRARYCLOSEDPROFILEDEF(.AREA.,$,#15031);
#15033=IFCCARTESIANPOINT((-0.025000002235174179,0.05000000074505806,0.));
#15034=IFCDIRECTION((0.,-1.,0.));
#15035=IFCDIRECTION((1.,0.,0.));
#15036=IFCAXIS2PLACEMENT3D(#15033,#15034,#15035);
#15037=IFCDIRECTION((0.,0.,-1.));
#15038=IFCEXTRUDEDAREASOLID(#15032,#15036,#15037,0.004999999888241291);
#15039=IFCCARTESIANPOINTLIST2D(((0.,0.),(2.3671685680747032,0.),(2.3671685680747032,0.035000000149011612),(0.,0.035000000149011612)));
#15040=IFCINDEXEDPOLYCURVE(#15039,(IFCLINEINDEX((1,2,3,4,1))),$);
#15041=IFCARBITRARYCLOSEDPROFILEDEF(.AREA.,$,#15040);
#15042=IFCCARTESIANPOINT((0.05000000074505806,-0.035000000149011612,0.02500000037252903));
#15043=IFCDIRECTION((0.,0.,1.));
#15044=IFCDIRECTION((1.,0.,0.));
#15045=IFCAXIS2PLACEMENT3D(#15042,#15043,#15044);
#15046=IFCDIRECTION((0.,0.,1.));
#15047=IFCEXTRUDEDAREASOLID(#15041,#15045,#15046,1.9249999988824129);
#15048=IFCCARTESIANPOINTLIST2D(((0.,0.),(0.,-0.040000000000000001),(0.12,-0.040000000000000001),(0.12,-0.02),(0.02,-0.02),(0.02,0.)));
#15049=IFCINDEXEDPOLYCURVE(#15048,(IFCLINEINDEX((1,2,3,4,5,6,1))),$);
#15050=IFCARBITRARYCLOSEDPROFILEDEF(.AREA.,$,#15049);
#15051=IFCCARTESIANPOINT((0.10000000074505806,-0.035000000149011612,1.015000000372529));
#15052=IFCDIRECTION((0.,0.,1.));
#15053=IFCDIRECTION((1.,0.,0.));
#15054=IFCAXIS2PLACEMENT3D(#15051,#15052,#15053);
#15055=IFCDIRECTION((0.,0.,1.));
#15056=IFCEXTRUDEDAREASOLID(#15050,#15054,#15055,0.02);
#15057=IFCEXTRUDEDAREASOLID(#15058,#15061,#15065,0.02);
#15058=IFCARBITRARYCLOSEDPROFILEDEF(.AREA.,$,#15059);
#15059=IFCINDEXEDPOLYCURVE(#15060,(IFCLINEINDEX((1,2,3,4,5,6,1))),$);
#15060=IFCCARTESIANPOINTLIST2D(((0.,0.),(0.,0.040000000000000008),(0.11999999999999998,0.040000000000000008),(0.11999999999999998,0.020000000000000004),(0.020000000000000004,0.020000000000000004),(0.020000000000000004,0.)));
#15061=IFCAXIS2PLACEMENT3D(#15062,#15063,#15064);
#15062=IFCCARTESIANPOINT((0.10000000074505806,0.,1.015000000372529));
#15063=IFCDIRECTION((0.,0.,1.));
#15064=IFCDIRECTION((1.,0.,0.));
#15065=IFCDIRECTION((0.,0.,1.));
#15104=IFCCARTESIANPOINTLIST3D(((0.,0.,0.),(2.8328361511230469,0.,0.),(2.8328361511230469,0.,2.),(0.,0.,2.)));
#15105=IFCINDEXEDPOLYCURVE(#15104,(IFCLINEINDEX((1,2,3,4,1))),$);
#15106=IFCSHAPEREPRESENTATION(#18,'Profile','Curve3D',(#15105));
#15107=IFCCARTESIANPOINTLIST2D(((0.,0.),(0.,2.),(2.8328361511230469,2.),(2.8328361511230469,0.),(2.7828361503779888,0.),(2.7828361503779888,1.9499999992549419),(0.05000000074505806,1.9499999992549419),(0.05000000074505806,0.)));
#15108=IFCINDEXEDPOLYCURVE(#15107,(IFCLINEINDEX((1,2,3,4,5,6,7,8,1))),$);
#15109=IFCARBITRARYCLOSEDPROFILEDEF(.AREA.,$,#15108);
#15110=IFCCARTESIANPOINT((0.,0.,0.));
#15111=IFCDIRECTION((0.,-1.,0.));
#15112=IFCDIRECTION((1.,0.,0.));
#15113=IFCAXIS2PLACEMENT3D(#15110,#15111,#15112);
#15114=IFCDIRECTION((0.,0.,-1.));
#15115=IFCEXTRUDEDAREASOLID(#15109,#15113,#15114,0.05000000074505806);
#15116=IFCCARTESIANPOINTLIST2D(((0.,0.),(2.7328361496329308,0.),(2.7328361496329308,0.10000000149011612),(0.,0.10000000149011612)));
#15117=IFCINDEXEDPOLYCURVE(#15116,(IFCLINEINDEX((1,2,3,4,1))),$);
#15118=IFCARBITRARYCLOSEDPROFILEDEF(.AREA.,$,#15117);
#15119=IFCCARTESIANPOINT((0.05000000074505806,0.,0.));
#15120=IFCDIRECTION((0.,0.,1.));
#15121=IFCDIRECTION((1.,0.,0.));
#15122=IFCAXIS2PLACEMENT3D(#15119,#15120,#15121);
#15123=IFCDIRECTION((0.,0.,1.));
#15124=IFCEXTRUDEDAREASOLID(#15118,#15122,#15123,0.02500000037252903);
#15125=IFCCARTESIANPOINTLIST2D(((0.,0.),(0.,2.0250000022351742),(2.8828361555933952,2.0250000022351742),(2.8828361555933952,0.),(2.807836152613163,0.),(2.807836152613163,1.9499999992549419),(0.075000002980232239,1.9499999992549419),(0.075000002980232239,0.)));
#15126=IFCINDEXEDPOLYCURVE(#15125,(IFCLINEINDEX((1,2,3,4,5,6,7,8,1))),$);
#15127=IFCARBITRARYCLOSEDPROFILEDEF(.AREA.,$,#15126);
#15128=IFCCARTESIANPOINT((-0.025000002235174179,-0.004999999888241291,0.));
#15129=IFCDIRECTION((0.,-1.,0.));
#15130=IFCDIRECTION((1.,0.,0.));
#15131=IFCAXIS2PLACEMENT3D(#15128,#15129,#15130);
#15132=IFCDIRECTION((0.,0.,-1.));
#15133=IFCEXTRUDEDAREASOLID(#15127,#15131,#15132,0.004999999888241291);
#15134=IFCCARTESIANPOINTLIST2D(((0.,0.),(0.,2.0250000022351742),(2.8828361555933952,2.0250000022351742),(2.8828361555933952,0.),(2.807836152613163,0.),(2.807836152613163,1.9499999992549419),(0.075000002980232239,1.9499999992549419),(0.075000002980232239,0.)));
#15135=IFCINDEXEDPOLYCURVE(#15134,(IFCLINEINDEX((1,2,3,4,5,6,7,8,1))),$);
#15136=IFCARBITRARYCLOSEDPROFILEDEF(.AREA.,$,#15135);
#15137=IFCCARTESIANPOINT((-0.025000002235174179,0.05000000074505806,0.));
#15138=IFCDIRECTION((0.,-1.,0.));
#15139=IFCDIRECTION((1.,0.,0.));
#15140=IFCAXIS2PLACEMENT3D(#15137,#15138,#15139);
#15141=IFCDIRECTION((0.,0.,-1.));
#15142=IFCEXTRUDEDAREASOLID(#15136,#15140,#15141,0.004999999888241291);
#15143=IFCCARTESIANPOINTLIST2D(((0.,0.),(2.7328361496329308,0.),(2.7328361496329308,0.035000000149011612),(0.,0.035000000149011612)));
#15144=IFCINDEXEDPOLYCURVE(#15143,(IFCLINEINDEX((1,2,3,4,1))),$);
#15145=IFCARBITRARYCLOSEDPROFILEDEF(.AREA.,$,#15144);
#15146=IFCCARTESIANPOINT((0.05000000074505806,-0.035000000149011612,0.02500000037252903));
#15147=IFCDIRECTION((0.,0.,1.));
#15148=IFCDIRECTION((1.,0.,0.));
#15149=IFCAXIS2PLACEMENT3D(#15146,#15147,#15148);
#15150=IFCDIRECTION((0.,0.,1.));
#15151=IFCEXTRUDEDAREASOLID(#15145,#15149,#15150,1.9249999988824129);
#15152=IFCCARTESIANPOINTLIST2D(((0.,0.),(0.,-0.040000000000000001),(0.12,-0.040000000000000001),(0.12,-0.02),(0.02,-0.02),(0.02,0.)));
#15153=IFCINDEXEDPOLYCURVE(#15152,(IFCLINEINDEX((1,2,3,4,5,6,1))),$);
#15154=IFCARBITRARYCLOSEDPROFILEDEF(.AREA.,$,#15153);
#15155=IFCCARTESIANPOINT((0.10000000074505806,-0.035000000149011612,1.015000000372529));
#15156=IFCDIRECTION((0.,0.,1.));
#15157=IFCDIRECTION((1.,0.,0.));
#15158=IFCAXIS2PLACEMENT3D(#15155,#15156,#15157);
#15159=IFCDIRECTION((0.,0.,1.));
#15160=IFCEXTRUDEDAREASOLID(#15154,#15158,#15159,0.02);
#15161=IFCEXTRUDEDAREASOLID(#15162,#15165,#15169,0.02);
#15162=IFCARBITRARYCLOSEDPROFILEDEF(.AREA.,$,#15163);
#15163=IFCINDEXEDPOLYCURVE(#15164,(IFCLINEINDEX((1,2,3,4,5,6,1))),$);
#15164=IFCCARTESIANPOINTLIST2D(((0.,0.),(0.,0.040000000000000008),(0.11999999999999998,0.040000000000000008),(0.11999999999999998,0.020000000000000004),(0.020000000000000004,0.020000000000000004),(0.020000000000000004,0.)));
#15165=IFCAXIS2PLACEMENT3D(#15166,#15167,#15168);
#15166=IFCCARTESIANPOINT((0.10000000074505806,0.,1.015000000372529));
#15167=IFCDIRECTION((0.,0.,1.));
#15168=IFCDIRECTION((1.,0.,0.));
#15169=IFCDIRECTION((0.,0.,1.));
#15170=IFCSHAPEREPRESENTATION(#11,'Body','SweptSolid',(#15115,#15151,#15160,#15161,#15124,#15133,#15142));
#15171=IFCCARTESIANPOINTLIST2D(((0.,0.),(0.05000000074505806,0.),(0.05000000074505806,0.05000000074505806),(0.,0.05000000074505806)));
#15172=IFCINDEXEDPOLYCURVE(#15171,(IFCLINEINDEX((1,2,3,4,1))),$);
#15173=IFCINDEXEDPOLYCURVE(#15174,(IFCLINEINDEX((1,2,3,4,1))),$);
#15174=IFCCARTESIANPOINTLIST2D(((2.8328361511230469,0.),(2.7828361503779888,0.),(2.7828361503779888,0.05000000074505806),(2.8328361511230469,0.05000000074505806)));
#15175=IFCCARTESIANPOINTLIST2D(((4.1492542251944542,-0.035000000149011612),(1.4164180755615234,-0.035000000149011612),(1.4164180755615234,0.),(4.1492542251944542,0.)));
#15176=IFCINDEXEDPOLYCURVE(#15175,(IFCLINEINDEX((1,2,3,4,1))),$);
#15177=IFCSHAPEREPRESENTATION(#24,'Body','Curve2D',(#15172,#15173,#15176));
#15178=IFCCARTESIANPOINTLIST2D(((1.0064926531165836,-0.081587428267465345),(1.826343498006463,-0.081587428267465345)));
#15179=IFCINDEXEDPOLYCURVE(#15178,$,$);
#15180=IFCCARTESIANPOINTLIST2D(((1.0364926531165839,-0.050529142855162856),(1.0064926531165836,-0.081587428267465345),(1.0364926531165839,-0.11264571367976783)));
#15181=IFCINDEXEDPOLYCURVE(#15180,$,$);
#15182=IFCSHAPEREPRESENTATION(#25,'Annotation','Curve2D',(#15179,#15181));
#15183=IFCCARTESIANPOINTLIST2D(((0.,0.),(2.8328361511230469,0.),(2.8328361511230469,2.),(0.,2.)));
#15184=IFCINDEXEDPOLYCURVE(#15183,(IFCLINEINDEX((1,2,3,4,1))),$);
#15185=IFCARBITRARYCLOSEDPROFILEDEF(.AREA.,$,#15184);
#15186=IFCCARTESIANPOINT((0.,-0.60000002384185791,0.));
#15187=IFCDIRECTION((0.,-1.,0.));
#15188=IFCDIRECTION((1.,0.,0.));
#15189=IFCAXIS2PLACEMENT3D(#15186,#15187,#15188);
#15190=IFCDIRECTION((0.,0.,-1.));
#15191=IFCEXTRUDEDAREASOLID(#15185,#15189,#15190,1.2);
#15192=IFCSHAPEREPRESENTATION(#11,'Body','SweptSolid',(#15191));
#15198=IFCCARTESIANPOINT((3.4414795794084001,0.099999769847887832,0.));
#15199=IFCDIRECTION((0.,0.,1.));
#15200=IFCDIRECTION((-0.99999999999992417,3.8940915527980579E-07,0.));
#15201=IFCAXIS2PLACEMENT3D(#15198,#15199,#15200);
#15202=IFCLOCALPLACEMENT(#4616,#15201);
#15203=IFCCARTESIANPOINT((0.,-2.2204460492503131E-16,0.));
#15204=IFCDIRECTION((0.,0.,1.));
#15205=IFCDIRECTION((1.,1.0842021724855044E-19,0.));
#15206=IFCAXIS2PLACEMENT3D(#15203,#15204,#15205);
#15207=IFCLOCALPLACEMENT(#15202,#15206);
#15208=IFCWALL('3RpXGfuej16AWJD54nW3EJ',$,'Wall',$,$,#15300,#15219,$,$);
#15214=IFCRELDEFINESBYPROPERTIES('3N_GEmuvjC0vXs7jpeLI1v',$,$,$,(#15208),#15215);
#15215=IFCPROPERTYSET('23$boFknLCT9pIEcmY8NVc',$,'EPset_Parametric',$,(#15216));
#15216=IFCPROPERTYSINGLEVALUE('Engine',$,IFCLABEL('Bonsai.DumbLayer2'),$);
#15217=IFCRELASSOCIATESMATERIAL('0PEQ6iYEvEigEcxnh1RZb4',$,$,$,(#15208),#15218);
#15218=IFCMATERIALLAYERSETUSAGE(#114,.AXIS2.,.POSITIVE.,0.,$);
#15219=IFCPRODUCTDEFINITIONSHAPE($,$,(#15295,#15292));
#15233=IFCRELCONNECTSPATHELEMENTS('10cZHa49b92PxHMcWP25AY',$,$,$,$,#696,#15208,(),(),.ATEND.,.ATSTART.);
#15234=IFCOPENINGELEMENT('2gGBrtuznEVROxgoAzpqNE',$,'Opening',$,$,#15305,#15241,$,.OPENING.);
#15240=IFCRELVOIDSELEMENT('39ryEzotj5qOrYqTY5uUz6',$,$,$,#15208,#15234);
#15241=IFCPRODUCTDEFINITIONSHAPE($,$,(#15242));
#15242=IFCSHAPEREPRESENTATION(#11,'Body','MappedRepresentation',(#15243));
#15243=IFCMAPPEDITEM(#15244,#15259);
#15244=IFCREPRESENTATIONMAP(#15245,#15249);
#15245=IFCAXIS2PLACEMENT3D(#15246,#15247,#15248);
#15246=IFCCARTESIANPOINT((0.,0.,0.));
#15247=IFCDIRECTION((0.,0.,1.));
#15248=IFCDIRECTION((1.,0.,0.));
#15249=IFCSHAPEREPRESENTATION(#11,'Body','SweptSolid',(#15250));
#15250=IFCEXTRUDEDAREASOLID(#15251,#15254,#15258,1.2);
#15251=IFCARBITRARYCLOSEDPROFILEDEF(.AREA.,$,#15252);
#15252=IFCINDEXEDPOLYCURVE(#15253,(IFCLINEINDEX((1,2,3,4,1))),$);
#15253=IFCCARTESIANPOINTLIST2D(((0.,0.),(0.9044497013092041,0.),(0.9044497013092041,2.),(0.,2.)));
#15254=IFCAXIS2PLACEMENT3D(#15255,#15256,#15257);
#15255=IFCCARTESIANPOINT((0.,-0.60000002384185791,0.));
#15256=IFCDIRECTION((0.,-1.,0.));
#15257=IFCDIRECTION((1.,0.,0.));
#15258=IFCDIRECTION((0.,0.,-1.));
#15259=IFCCARTESIANTRANSFORMATIONOPERATOR3D(#15260,#15261,#15262,1.,#15263);
#15260=IFCDIRECTION((1.,0.,0.));
#15261=IFCDIRECTION((0.,1.,0.));
#15262=IFCCARTESIANPOINT((0.,0.,0.));
#15263=IFCDIRECTION((0.,0.,1.));
#15283=IFCCARTESIANPOINTLIST2D(((0.,0.),(0.,0.10000000000000001),(2.5398939859871144,0.10000000000000001),(2.6398940086364879,0.)));
#15284=IFCINDEXEDPOLYCURVE(#15283,(IFCLINEINDEX((1,2,3,4,1))),$);
#15285=IFCARBITRARYCLOSEDPROFILEDEF(.AREA.,$,#15284);
#15286=IFCCARTESIANPOINT((0.,0.,0.));
#15287=IFCDIRECTION((0.,0.,1.));
#15288=IFCDIRECTION((1.,0.,0.));
#15289=IFCAXIS2PLACEMENT3D(#15286,#15287,#15288);
#15290=IFCDIRECTION((0.,0.,1.));
#15291=IFCEXTRUDEDAREASOLID(#15285,#15289,#15290,3.);
#15292=IFCSHAPEREPRESENTATION(#11,'Body','SweptSolid',(#15291));
#15293=IFCCARTESIANPOINTLIST2D(((0.,0.),(2.6398940086364879,0.)));
#15294=IFCINDEXEDPOLYCURVE(#15293,$,$);
#15295=IFCSHAPEREPRESENTATION(#23,'Axis','Curve2D',(#15294));
#15296=IFCCARTESIANPOINT((0.32660543843912071,-6.6613381477509392E-15,0.));
#15297=IFCDIRECTION((0.,0.,1.));
#15298=IFCDIRECTION((7.5497901264043123E-08,0.99999999999999722,0.));
#15299=IFCAXIS2PLACEMENT3D(#15296,#15297,#15298);
#15300=IFCLOCALPLACEMENT(#101,#15299);
#15301=IFCCARTESIANPOINT((1.5314004421234293,-6.3943390415932555E-08,0.));
#15302=IFCDIRECTION((0.,0.,1.));
#15303=IFCDIRECTION((0.99999999999997158,-2.3841857199612275E-07,0.));
#15304=IFCAXIS2PLACEMENT3D(#15301,#15302,#15303);
#15305=IFCLOCALPLACEMENT(#15300,#15304);
#15306=IFCRELCONNECTSPATHELEMENTS('1SFH6jIi9EMhE7Z2wbBLWr',$,$,$,$,#671,#271,(),(),.ATEND.,.ATEND.);
#15307=IFCCARTESIANPOINTLIST2D(((0.10000000000000028,0.),(-7.5497901264043354E-09,0.10000000000000001),(2.5000002308687961,0.10000000000000001),(2.6000002384185863,0.)));
#15308=IFCINDEXEDPOLYCURVE(#15307,(IFCLINEINDEX((1,2,3,4,1))),$);
#15309=IFCARBITRARYCLOSEDPROFILEDEF(.AREA.,$,#15308);
#15310=IFCCARTESIANPOINT((0.,0.,0.));
#15311=IFCDIRECTION((0.,0.,1.));
#15312=IFCDIRECTION((1.,0.,0.));
#15313=IFCAXIS2PLACEMENT3D(#15310,#15311,#15312);
#15314=IFCDIRECTION((0.,0.,1.));
#15315=IFCEXTRUDEDAREASOLID(#15309,#15313,#15314,3.);
#15316=IFCSHAPEREPRESENTATION(#11,'Body','SweptSolid',(#15315));
#15317=IFCCARTESIANPOINTLIST2D(((0.,0.),(2.5000002384185862,0.)));
#15318=IFCINDEXEDPOLYCURVE(#15317,$,$);
#15319=IFCSHAPEREPRESENTATION(#23,'Axis','Curve2D',(#15318));
#15320=IFCCARTESIANPOINTLIST2D(((0.,0.),(0.099999992450210171,0.10000000000000001),(3.1000001118648175,0.10000000000000001),(3.0000001043150268,0.)));
#15321=IFCINDEXEDPOLYCURVE(#15320,(IFCLINEINDEX((1,2,3,4,1))),$);
#15322=IFCARBITRARYCLOSEDPROFILEDEF(.AREA.,$,#15321);
#15323=IFCCARTESIANPOINT((0.,0.,0.));
#15324=IFCDIRECTION((0.,0.,1.));
#15325=IFCDIRECTION((1.,0.,0.));
#15326=IFCAXIS2PLACEMENT3D(#15323,#15324,#15325);
#15327=IFCDIRECTION((0.,0.,1.));
#15328=IFCEXTRUDEDAREASOLID(#15322,#15326,#15327,3.);
#15329=IFCSHAPEREPRESENTATION(#11,'Body','SweptSolid',(#15328));
#15330=IFCCARTESIANPOINTLIST2D(((0.,0.),(3.1000001043150274,0.)));
#15331=IFCINDEXEDPOLYCURVE(#15330,$,$);
#15332=IFCSHAPEREPRESENTATION(#23,'Axis','Curve2D',(#15331));
#15459=IFCWALL('2ZZBETbob6YgPAXFNJLWmG',$,'Wall',$,$,#15553,#15470,$,$);
#15465=IFCRELDEFINESBYPROPERTIES('2N0_Cr8gL1vejZ4JpAHzKr',$,$,$,(#15459),#15466);
#15466=IFCPROPERTYSET('2d$czmnTH5ixOmYx$1NEiz',$,'EPset_Parametric',$,(#15467));
#15467=IFCPROPERTYSINGLEVALUE('Engine',$,IFCLABEL('Bonsai.DumbLayer2'),$);
#15468=IFCRELASSOCIATESMATERIAL('0lSaxt0c1EnOH5lUteXCA$',$,$,$,(#15459),#15469);
#15469=IFCMATERIALLAYERSETUSAGE(#4273,.AXIS2.,.POSITIVE.,0.,$);
#15470=IFCPRODUCTDEFINITIONSHAPE($,$,(#15955,#15952));
#15484=IFCRELCONNECTSPATHELEMENTS('1VMRc_Y$H0tAAV1zrwCgK8',$,$,$,$,#4662,#15459,(),(),.ATEND.,.ATSTART.);
#15549=IFCCARTESIANPOINT((0.24721173298613383,-1.5926890082639416,0.));
#15550=IFCDIRECTION((0.,0.,1.));
#15551=IFCDIRECTION((1.9470718370939353E-07,-0.99999999999998113,0.));
#15552=IFCAXIS2PLACEMENT3D(#15549,#15550,#15551);
#15553=IFCLOCALPLACEMENT(#106,#15552);
#15888=IFCRELCONNECTSPATHELEMENTS('2vXf1johTDJQCGP2adLKqd',$,$,$,$,#5573,#4379,(),(),.ATPATH.,.ATEND.);
#15889=IFCCARTESIANPOINTLIST2D(((0.,0.),(0.,0.10000000000000001),(4.1389851678653997,0.10000000000000001),(4.1389113339864032,0.)));
#15890=IFCINDEXEDPOLYCURVE(#15889,(IFCLINEINDEX((1,2,3,4,1))),$);
#15891=IFCARBITRARYCLOSEDPROFILEDEF(.AREA.,$,#15890);
#15892=IFCCARTESIANPOINT((0.,0.,0.));
#15893=IFCDIRECTION((0.,0.,1.));
#15894=IFCDIRECTION((1.,0.,0.));
#15895=IFCAXIS2PLACEMENT3D(#15892,#15893,#15894);
#15896=IFCDIRECTION((0.,0.,1.));
#15897=IFCEXTRUDEDAREASOLID(#15891,#15895,#15896,3.);
#15898=IFCSHAPEREPRESENTATION(#11,'Body','SweptSolid',(#15897));
#15899=IFCCARTESIANPOINTLIST2D(((0.,0.),(4.2389113612436073,5.1676352086360566E-09)));
#15900=IFCINDEXEDPOLYCURVE(#15899,$,$);
#15901=IFCSHAPEREPRESENTATION(#23,'Axis','Curve2D',(#15900));
#15929=IFCRELCONNECTSPATHELEMENTS('3uYn9rPInEa8y_tMuRCIgG',$,$,$,$,#4379,#15459,(),(),.ATSTART.,.ATEND.);
#15930=IFCCARTESIANPOINTLIST2D(((0.,0.),(0.099926205290342018,0.10000000000000001),(3.6005329436529494,0.10000000000000001),(3.5006067498145286,0.)));
#15931=IFCINDEXEDPOLYCURVE(#15930,(IFCLINEINDEX((1,2,3,4,1))),$);
#15932=IFCARBITRARYCLOSEDPROFILEDEF(.AREA.,$,#15931);
#15933=IFCCARTESIANPOINT((0.,0.,0.));
#15934=IFCDIRECTION((0.,0.,1.));
#15935=IFCDIRECTION((1.,0.,0.));
#15936=IFCAXIS2PLACEMENT3D(#15933,#15934,#15935);
#15937=IFCDIRECTION((0.,0.,1.));
#15938=IFCEXTRUDEDAREASOLID(#15932,#15936,#15937,3.);
#15939=IFCSHAPEREPRESENTATION(#11,'Body','SweptSolid',(#15938));
#15940=IFCCARTESIANPOINTLIST2D(((0.,0.),(3.5006067498145286,0.)));
#15941=IFCINDEXEDPOLYCURVE(#15940,$,$);
#15942=IFCSHAPEREPRESENTATION(#23,'Axis','Curve2D',(#15941));
#15943=IFCCARTESIANPOINTLIST2D(((0.,0.),(-0.099926193378208267,0.10000000000000001),(0.48272986496655157,0.10000000000000001),(0.58272984549583517,0.)));
#15944=IFCINDEXEDPOLYCURVE(#15943,(IFCLINEINDEX((1,2,3,4,1))),$);
#15945=IFCARBITRARYCLOSEDPROFILEDEF(.AREA.,$,#15944);
#15946=IFCCARTESIANPOINT((0.,0.,0.));
#15947=IFCDIRECTION((0.,0.,1.));
#15948=IFCDIRECTION((1.,0.,0.));
#15949=IFCAXIS2PLACEMENT3D(#15946,#15947,#15948);
#15950=IFCDIRECTION((0.,0.,1.));
#15951=IFCEXTRUDEDAREASOLID(#15945,#15949,#15950,3.);
#15952=IFCSHAPEREPRESENTATION(#11,'Body','SweptSolid',(#15951));
#15953=IFCCARTESIANPOINTLIST2D(((0.,0.),(0.58272984549583517,-2.6837767563847592E-09)));
#15954=IFCINDEXEDPOLYCURVE(#15953,$,$);
#15955=IFCSHAPEREPRESENTATION(#23,'Axis','Curve2D',(#15954));
ENDSEC;
END-ISO-10303-21;
