ISO-10303-21;
HEADER;
FILE_DESCRIPTION(('ViewDefinition[DesignTransferView]'),'2;1');
FILE_NAME('s03-activity-Fajardo.ifc','2026-09-30T19:09:46+08:00',(''),(''),'IfcOpenShell 0.8.5-post1','Bonsai 0.8.5-post1','Nobody');
FILE_SCHEMA(('IFC4'));
ENDSEC;
DATA;
#1=IFCPROJECT('3$oZGtqQLDoAI$Tela$Es6',$,'My Project',$,$,$,$,(#10,#22),#5);
#2=IFCSIUNIT(*,.LENGTHUNIT.,$,.METRE.);
#3=IFCSIUNIT(*,.AREAUNIT.,$,.SQUARE_METRE.);
#4=IFCSIUNIT(*,.VOLUMEUNIT.,$,.CUBIC_METRE.);
#5=IFCUNITASSIGNMENT((#2,#3,#4));
#6=IFCCARTESIANPOINT((0.,0.,0.));
#7=IFCDIRECTION((0.,0.,1.));
#8=IFCDIRECTION((1.,0.,0.));
#9=IFCAXIS2PLACEMENT3D(#6,#7,#8);
#10=IFCGEOMETRICREPRESENTATIONCONTEXT($,'Model',3,1.0000000000000001E-05,#9,$);
#11=IFCGEOMETRICREPRESENTATIONSUBCONTEXT('Body','Model',*,*,*,*,#10,$,.MODEL_VIEW.,$);
#12=IFCGEOMETRICREPRESENTATIONSUBCONTEXT('Axis','Model',*,*,*,*,#10,$,.GRAPH_VIEW.,$);
#13=IFCGEOMETRICREPRESENTATIONSUBCONTEXT('Box','Model',*,*,*,*,#10,$,.MODEL_VIEW.,$);
#14=IFCGEOMETRICREPRESENTATIONSUBCONTEXT('Annotation','Model',*,*,*,*,#10,$,.SECTION_VIEW.,$);
#15=IFCGEOMETRICREPRESENTATIONSUBCONTEXT('Annotation','Model',*,*,*,*,#10,$,.ELEVATION_VIEW.,$);
#16=IFCGEOMETRICREPRESENTATIONSUBCONTEXT('Annotation','Model',*,*,*,*,#10,$,.MODEL_VIEW.,$);
#17=IFCGEOMETRICREPRESENTATIONSUBCONTEXT('Annotation','Model',*,*,*,*,#10,$,.PLAN_VIEW.,$);
#18=IFCGEOMETRICREPRESENTATIONSUBCONTEXT('Profile','Model',*,*,*,*,#10,$,.ELEVATION_VIEW.,$);
#19=IFCCARTESIANPOINT((0.,0.));
#20=IFCDIRECTION((1.,0.));
#21=IFCAXIS2PLACEMENT2D(#19,#20);
#22=IFCGEOMETRICREPRESENTATIONCONTEXT($,'Plan',2,1.0000000000000001E-05,#21,$);
#23=IFCGEOMETRICREPRESENTATIONSUBCONTEXT('Axis','Plan',*,*,*,*,#22,$,.GRAPH_VIEW.,$);
#24=IFCGEOMETRICREPRESENTATIONSUBCONTEXT('Body','Plan',*,*,*,*,#22,$,.PLAN_VIEW.,$);
#25=IFCGEOMETRICREPRESENTATIONSUBCONTEXT('Annotation','Plan',*,*,*,*,#22,$,.PLAN_VIEW.,$);
#26=IFCGEOMETRICREPRESENTATIONSUBCONTEXT('Annotation','Plan',*,*,*,*,#22,$,.REFLECTED_PLAN_VIEW.,$);
#27=IFCSITE('3flEi3DmHDE90RcYbYhRe_',$,'My Site',$,$,#50,$,$,$,$,$,$,$,$);
#33=IFCBUILDING('3AZUhK2LTCIewFQohvBTWD',$,'My Building',$,$,#56,$,$,$,$,$,$);
#39=IFCBUILDINGSTOREY('0dCWY66Lf2ze6oI3fGQopj',$,'2F',$,$,#5813,$,$,$,$);
#45=IFCRELAGGREGATES('0yiGtxXibDP9iyOWykpiP0',$,$,$,#1,(#27));
#46=IFCCARTESIANPOINT((0.,0.,0.));
#47=IFCDIRECTION((0.,0.,1.));
#48=IFCDIRECTION((1.,0.,0.));
#49=IFCAXIS2PLACEMENT3D(#46,#47,#48);
#50=IFCLOCALPLACEMENT($,#49);
#51=IFCRELAGGREGATES('3yT3Ioxav0q9J9D$H4cRLi',$,$,$,#27,(#33));
#52=IFCCARTESIANPOINT((0.,0.,0.));
#53=IFCDIRECTION((0.,0.,1.));
#54=IFCDIRECTION((1.,0.,0.));
#55=IFCAXIS2PLACEMENT3D(#52,#53,#54);
#56=IFCLOCALPLACEMENT(#50,#55);
#57=IFCRELAGGREGATES('3Q7yp7WSD7JPpKvxFrClTv',$,$,$,#33,(#39,#63,#8753));
#63=IFCBUILDINGSTOREY('2YabtJQXjEhA9ZNR8bxrLW',$,'GF',$,$,#79,$,$,$,$);
#75=IFCCARTESIANPOINT((0.,0.,0.));
#76=IFCDIRECTION((0.,0.,1.));
#77=IFCDIRECTION((1.,0.,0.));
#78=IFCAXIS2PLACEMENT3D(#75,#76,#77);
#79=IFCLOCALPLACEMENT(#56,#78);
#80=IFCWALLTYPE('0b0hl37SD24fljkEO91FDg',$,'Wall',$,$,(#85),$,$,$,.SOLIDWALL.);
#81=IFCMATERIAL('Unknown',$,$);
#82=IFCMATERIALLAYERSET((#84),$,$);
#83=IFCRELASSOCIATESMATERIAL('02idbXDwn5Vh__kvjL6Oax',$,$,$,(#80),#82);
#84=IFCMATERIALLAYER(#81,0.10000000000000001,$,$,$,$,$);
#85=IFCPROPERTYSET('0xd6UQNO58ggnaL9iTxs58',$,'EPset_Parametric',$,(#86));
#86=IFCPROPERTYSINGLEVALUE('LayerSetDirection',$,IFCLABEL('AXIS2'),$);
#87=IFCWALL('19M6AIxe94r8DDIh0RaDA$',$,'Wall',$,$,#100,#95,$,$);
#88=IFCRELCONTAINEDINSPATIALSTRUCTURE('10KiGG1WDEoRPOq$AF3WLB',$,$,$,(#317,#3464,#241,#646,#87,#756,#583,#431,#507,#5054,#826,#279,#203,#355,#851,#5428,#127,#2123,#545,#469,#621,#1279,#5955,#3863,#3099,#1148,#1586),#63);
#89=IFCRELDEFINESBYTYPE('2P4eZ99qb4Oh0DzcKyr17Q',$,$,$,(#317,#241,#646,#87,#756,#6156,#583,#431,#6256,#507,#6903,#6031,#826,#279,#203,#355,#6181,#851,#5955,#127,#545,#6941,#6106,#469,#6131,#621,#6056,#6865,#6081,#6231),#80);
#90=IFCMATERIALLAYERSETUSAGE(#82,.AXIS2.,.POSITIVE.,0.,$);
#91=IFCRELASSOCIATESMATERIAL('0lFwF6efD2uO0TQPOeonRl',$,$,$,(#87),#90);
#95=IFCPRODUCTDEFINITIONSHAPE($,$,(#126,#123));
#96=IFCCARTESIANPOINT((0.21665769815444946,0.038202591240406036,0.));
#97=IFCDIRECTION((0.,0.,1.));
#98=IFCDIRECTION((-0.99999999999999623,8.7422776573475527E-08,0.));
#99=IFCAXIS2PLACEMENT3D(#96,#97,#98);
#100=IFCLOCALPLACEMENT(#79,#99);
#111=IFCPROPERTYSET('1bxXctOaX6NAyscYcs0vgQ',$,'EPset_Parametric',$,(#113));
#112=IFCRELDEFINESBYPROPERTIES('0LzG4FS7P5LBDeZrmM6kGT',$,$,$,(#87),#111);
#113=IFCPROPERTYSINGLEVALUE('Engine',$,IFCLABEL('Bonsai.DumbLayer2'),$);
#114=IFCCARTESIANPOINTLIST2D(((0.,0.),(0.,0.10000000000000001),(2.9899999525395522,0.10000000000000001),(2.9899999525395522,0.)));
#115=IFCINDEXEDPOLYCURVE(#114,(IFCLINEINDEX((1,2,3,4,1))),$);
#116=IFCARBITRARYCLOSEDPROFILEDEF(.AREA.,$,#115);
#117=IFCCARTESIANPOINT((0.,0.,0.));
#118=IFCDIRECTION((0.,0.,1.));
#119=IFCDIRECTION((1.,0.,0.));
#120=IFCAXIS2PLACEMENT3D(#117,#118,#119);
#121=IFCDIRECTION((0.,0.,1.));
#122=IFCEXTRUDEDAREASOLID(#116,#120,#121,3.);
#123=IFCSHAPEREPRESENTATION(#11,'Body','SweptSolid',(#122));
#124=IFCCARTESIANPOINTLIST2D(((0.,0.),(2.9899999525395522,0.)));
#125=IFCINDEXEDPOLYCURVE(#124,$,$);
#126=IFCSHAPEREPRESENTATION(#23,'Axis','Curve2D',(#125));
#127=IFCWALL('1jbRUhEsjElR_FEYgXMlhp',$,'Wall',$,$,#138,#133,$,$);
#128=IFCMATERIALLAYERSETUSAGE(#82,.AXIS2.,.POSITIVE.,0.,$);
#129=IFCRELASSOCIATESMATERIAL('17D3UGXrv2mht3IHllfHRN',$,$,$,(#127),#128);
#133=IFCPRODUCTDEFINITIONSHAPE($,$,(#1135,#1132));
#134=IFCCARTESIANPOINT((0.21665769815444946,0.038202591240406036,0.));
#135=IFCDIRECTION((0.,0.,1.));
#136=IFCDIRECTION((7.5497901264043109E-08,-0.99999999999999711,0.));
#137=IFCAXIS2PLACEMENT3D(#134,#135,#136);
#138=IFCLOCALPLACEMENT(#79,#137);
#149=IFCPROPERTYSET('3N5cfrGpf7sP_4koNbpuFn',$,'EPset_Parametric',$,(#151));
#150=IFCRELDEFINESBYPROPERTIES('0ZAmDv$OjA7PlKImG_wdkP',$,$,$,(#127),#149);
#151=IFCPROPERTYSINGLEVALUE('Engine',$,IFCLABEL('Bonsai.DumbLayer2'),$);
#203=IFCWALL('03lbbwDU1C1vwrJUI6vmDs',$,'Wall',$,$,#1122,#209,$,$);
#204=IFCMATERIALLAYERSETUSAGE(#82,.AXIS2.,.POSITIVE.,0.,$);
#205=IFCRELASSOCIATESMATERIAL('25WrOP02n5$geKCS1nNNbG',$,$,$,(#203),#204);
#209=IFCPRODUCTDEFINITIONSHAPE($,$,(#1117,#1114));
#225=IFCPROPERTYSET('2NoHm_2Sn7Mw_A6RFbi_2q',$,'EPset_Parametric',$,(#227));
#226=IFCRELDEFINESBYPROPERTIES('39vZH4W5PDIw26TrpZZe9f',$,$,$,(#203),#225);
#227=IFCPROPERTYSINGLEVALUE('Engine',$,IFCLABEL('Bonsai.DumbLayer2'),$);
#241=IFCWALL('1ilt9ShSr8D9YPEBpXEOyq',$,'Wall',$,$,#1103,#247,$,$);
#242=IFCMATERIALLAYERSETUSAGE(#82,.AXIS2.,.POSITIVE.,0.,$);
#243=IFCRELASSOCIATESMATERIAL('0rV2CKAjv2Mhj2RRlmLIFP',$,$,$,(#241),#242);
#247=IFCPRODUCTDEFINITIONSHAPE($,$,(#1098,#1095));
#263=IFCPROPERTYSET('1QO1QDK31BRwhbHoJ13pdg',$,'EPset_Parametric',$,(#265));
#264=IFCRELDEFINESBYPROPERTIES('34LlqbeYf1rA70prLmYsT2',$,$,$,(#241),#263);
#265=IFCPROPERTYSINGLEVALUE('Engine',$,IFCLABEL('Bonsai.DumbLayer2'),$);
#279=IFCWALL('3pmTrPsYD0Gf7LEbRcl$VR',$,'Wall',$,$,#290,#285,$,$);
#280=IFCMATERIALLAYERSETUSAGE(#82,.AXIS2.,.POSITIVE.,0.,$);
#281=IFCRELASSOCIATESMATERIAL('1_b3FPkNTAKBxz$9dzWPSL',$,$,$,(#279),#280);
#285=IFCPRODUCTDEFINITIONSHAPE($,$,(#316,#313));
#286=IFCCARTESIANPOINT((4.2052927017211914,-0.011797666549682617,0.));
#287=IFCDIRECTION((0.,0.,1.));
#288=IFCDIRECTION((7.5497901264043109E-08,0.99999999999999711,0.));
#289=IFCAXIS2PLACEMENT3D(#286,#287,#288);
#290=IFCLOCALPLACEMENT(#79,#289);
#301=IFCPROPERTYSET('2A_6Dpy298zw1XTxEz5gBf',$,'EPset_Parametric',$,(#303));
#302=IFCRELDEFINESBYPROPERTIES('1QM5Ts2tj0NODRooiOkmUW',$,$,$,(#279),#301);
#303=IFCPROPERTYSINGLEVALUE('Engine',$,IFCLABEL('Bonsai.DumbLayer2'),$);
#304=IFCCARTESIANPOINTLIST2D(((0.,0.),(0.,0.10000000000000001),(2.700000081238922,0.10000000000000001),(2.700000081238922,0.)));
#305=IFCINDEXEDPOLYCURVE(#304,(IFCLINEINDEX((1,2,3,4,1))),$);
#306=IFCARBITRARYCLOSEDPROFILEDEF(.AREA.,$,#305);
#307=IFCCARTESIANPOINT((0.,0.,0.));
#308=IFCDIRECTION((0.,0.,1.));
#309=IFCDIRECTION((1.,0.,0.));
#310=IFCAXIS2PLACEMENT3D(#307,#308,#309);
#311=IFCDIRECTION((0.,0.,1.));
#312=IFCEXTRUDEDAREASOLID(#306,#310,#311,3.);
#313=IFCSHAPEREPRESENTATION(#11,'Body','SweptSolid',(#312));
#314=IFCCARTESIANPOINTLIST2D(((0.,0.),(2.700000081238922,0.)));
#315=IFCINDEXEDPOLYCURVE(#314,$,$);
#316=IFCSHAPEREPRESENTATION(#23,'Axis','Curve2D',(#315));
#317=IFCWALL('06kX0MrDn2k95CcP53aQse',$,'Wall',$,$,#328,#323,$,$);
#318=IFCMATERIALLAYERSETUSAGE(#82,.AXIS2.,.POSITIVE.,0.,$);
#319=IFCRELASSOCIATESMATERIAL('1OF60fCOX3IBapPxM5yQdx',$,$,$,(#317),#318);
#323=IFCPRODUCTDEFINITIONSHAPE($,$,(#354,#351));
#324=IFCCARTESIANPOINT((4.2052931785583496,2.6882023811340332,0.));
#325=IFCDIRECTION((0.,0.,1.));
#326=IFCDIRECTION((7.5497901264043109E-08,0.99999999999999711,0.));
#327=IFCAXIS2PLACEMENT3D(#324,#325,#326);
#328=IFCLOCALPLACEMENT(#79,#327);
#339=IFCPROPERTYSET('0EjE55yEb8l8VE4l72Kgwv',$,'EPset_Parametric',$,(#341));
#340=IFCRELDEFINESBYPROPERTIES('2YqBdOOIzCt8WdFdOlNZ80',$,$,$,(#317),#339);
#341=IFCPROPERTYSINGLEVALUE('Engine',$,IFCLABEL('Bonsai.DumbLayer2'),$);
#342=IFCCARTESIANPOINTLIST2D(((0.,0.),(0.,0.10000000000000001),(2.4500003036187432,0.10000000000000001),(2.4500003036187432,0.)));
#343=IFCINDEXEDPOLYCURVE(#342,(IFCLINEINDEX((1,2,3,4,1))),$);
#344=IFCARBITRARYCLOSEDPROFILEDEF(.AREA.,$,#343);
#345=IFCCARTESIANPOINT((0.,0.,0.));
#346=IFCDIRECTION((0.,0.,1.));
#347=IFCDIRECTION((1.,0.,0.));
#348=IFCAXIS2PLACEMENT3D(#345,#346,#347);
#349=IFCDIRECTION((0.,0.,1.));
#350=IFCEXTRUDEDAREASOLID(#344,#348,#349,3.);
#351=IFCSHAPEREPRESENTATION(#11,'Body','SweptSolid',(#350));
#352=IFCCARTESIANPOINTLIST2D(((0.,0.),(2.4500003036187432,0.)));
#353=IFCINDEXEDPOLYCURVE(#352,$,$);
#354=IFCSHAPEREPRESENTATION(#23,'Axis','Curve2D',(#353));
#355=IFCWALL('3T6NKtAJTEfujYb1rBGAl4',$,'Wall',$,$,#366,#361,$,$);
#356=IFCMATERIALLAYERSETUSAGE(#82,.AXIS2.,.POSITIVE.,0.,$);
#357=IFCRELASSOCIATESMATERIAL('34aLwj5IPFFAkmRvs8l82d',$,$,$,(#355),#356);
#361=IFCPRODUCTDEFINITIONSHAPE($,$,(#392,#389));
#362=IFCCARTESIANPOINT((4.2052936553955078,5.1382026672363281,0.));
#363=IFCDIRECTION((0.,0.,1.));
#364=IFCDIRECTION((7.5497901264043109E-08,0.99999999999999711,0.));
#365=IFCAXIS2PLACEMENT3D(#362,#363,#364);
#366=IFCLOCALPLACEMENT(#79,#365);
#377=IFCPROPERTYSET('3z7Z_YChzEJvsLJqv6oi84',$,'EPset_Parametric',$,(#379));
#378=IFCRELDEFINESBYPROPERTIES('2__J7V4yPEjuYHcPTYicZ8',$,$,$,(#355),#377);
#379=IFCPROPERTYSINGLEVALUE('Engine',$,IFCLABEL('Bonsai.DumbLayer2'),$);
#380=IFCCARTESIANPOINTLIST2D(((0.,0.),(0.,0.10000000000000001),(1.4000000987734078,0.10000000000000001),(1.4000000987734078,0.)));
#381=IFCINDEXEDPOLYCURVE(#380,(IFCLINEINDEX((1,2,3,4,1))),$);
#382=IFCARBITRARYCLOSEDPROFILEDEF(.AREA.,$,#381);
#383=IFCCARTESIANPOINT((0.,0.,0.));
#384=IFCDIRECTION((0.,0.,1.));
#385=IFCDIRECTION((1.,0.,0.));
#386=IFCAXIS2PLACEMENT3D(#383,#384,#385);
#387=IFCDIRECTION((0.,0.,1.));
#388=IFCEXTRUDEDAREASOLID(#382,#386,#387,3.);
#389=IFCSHAPEREPRESENTATION(#11,'Body','SweptSolid',(#388));
#390=IFCCARTESIANPOINTLIST2D(((0.,0.),(1.4000000987734078,0.)));
#391=IFCINDEXEDPOLYCURVE(#390,$,$);
#392=IFCSHAPEREPRESENTATION(#23,'Axis','Curve2D',(#391));
#431=IFCWALL('1orgYBVPX1CxzbnMGLWUVy',$,'Wall',$,$,#442,#437,$,$);
#432=IFCMATERIALLAYERSETUSAGE(#82,.AXIS2.,.POSITIVE.,0.,$);
#433=IFCRELASSOCIATESMATERIAL('2MUgt5Ju9D_AE$nVBf8I4b',$,$,$,(#431),#432);
#437=IFCPRODUCTDEFINITIONSHAPE($,$,(#468,#465));
#438=IFCCARTESIANPOINT((4.1052937507629395,6.5382027626037598,0.));
#439=IFCDIRECTION((0.,0.,1.));
#440=IFCDIRECTION((-0.99999999999999623,8.7422776573475527E-08,0.));
#441=IFCAXIS2PLACEMENT3D(#438,#439,#440);
#442=IFCLOCALPLACEMENT(#79,#441);
#453=IFCPROPERTYSET('2sy$qy5ZX9$8EaT5jt_C76',$,'EPset_Parametric',$,(#455));
#454=IFCRELDEFINESBYPROPERTIES('3dZ23JsHP5teIj5kGbMNXv',$,$,$,(#431),#453);
#455=IFCPROPERTYSINGLEVALUE('Engine',$,IFCLABEL('Bonsai.DumbLayer2'),$);
#456=IFCCARTESIANPOINTLIST2D(((0.,0.),(0.,0.10000000000000001),(3.3499998348862339,0.10000000000000001),(3.3499998348862339,0.)));
#457=IFCINDEXEDPOLYCURVE(#456,(IFCLINEINDEX((1,2,3,4,1))),$);
#458=IFCARBITRARYCLOSEDPROFILEDEF(.AREA.,$,#457);
#459=IFCCARTESIANPOINT((0.,0.,0.));
#460=IFCDIRECTION((0.,0.,1.));
#461=IFCDIRECTION((1.,0.,0.));
#462=IFCAXIS2PLACEMENT3D(#459,#460,#461);
#463=IFCDIRECTION((0.,0.,1.));
#464=IFCEXTRUDEDAREASOLID(#458,#462,#463,3.);
#465=IFCSHAPEREPRESENTATION(#11,'Body','SweptSolid',(#464));
#466=IFCCARTESIANPOINTLIST2D(((0.,0.),(3.3499998348862339,0.)));
#467=IFCINDEXEDPOLYCURVE(#466,$,$);
#468=IFCSHAPEREPRESENTATION(#23,'Axis','Curve2D',(#467));
#469=IFCWALL('0ctKLCryXDPPal7mSaqsvU',$,'Wall',$,$,#480,#475,$,$);
#470=IFCMATERIALLAYERSETUSAGE(#82,.AXIS2.,.POSITIVE.,0.,$);
#471=IFCRELASSOCIATESMATERIAL('28vLnF7A534Qob$TPHi7r5',$,$,$,(#469),#470);
#475=IFCPRODUCTDEFINITIONSHAPE($,$,(#506,#503));
#476=IFCCARTESIANPOINT((0.75529384613037109,6.4382033348083496,0.));
#477=IFCDIRECTION((0.,0.,1.));
#478=IFCDIRECTION((7.5497901264043109E-08,-0.99999999999999711,0.));
#479=IFCAXIS2PLACEMENT3D(#476,#477,#478);
#480=IFCLOCALPLACEMENT(#79,#479);
#491=IFCPROPERTYSET('1hOIzhRNfDC8uWcWy1C8Kq',$,'EPset_Parametric',$,(#493));
#492=IFCRELDEFINESBYPROPERTIES('1CS4XWSMv2OxDynTtpvLQa',$,$,$,(#469),#491);
#493=IFCPROPERTYSINGLEVALUE('Engine',$,IFCLABEL('Bonsai.DumbLayer2'),$);
#494=IFCCARTESIANPOINTLIST2D(((0.,0.),(0.,0.10000000000000001),(1.4000000987734129,0.10000000000000001),(1.4000000987734129,0.)));
#495=IFCINDEXEDPOLYCURVE(#494,(IFCLINEINDEX((1,2,3,4,1))),$);
#496=IFCARBITRARYCLOSEDPROFILEDEF(.AREA.,$,#495);
#497=IFCCARTESIANPOINT((0.,0.,0.));
#498=IFCDIRECTION((0.,0.,1.));
#499=IFCDIRECTION((1.,0.,0.));
#500=IFCAXIS2PLACEMENT3D(#497,#498,#499);
#501=IFCDIRECTION((0.,0.,1.));
#502=IFCEXTRUDEDAREASOLID(#496,#500,#501,3.);
#503=IFCSHAPEREPRESENTATION(#11,'Body','SweptSolid',(#502));
#504=IFCCARTESIANPOINTLIST2D(((0.,0.),(1.4000000987734129,0.)));
#505=IFCINDEXEDPOLYCURVE(#504,$,$);
#506=IFCSHAPEREPRESENTATION(#23,'Axis','Curve2D',(#505));
#507=IFCWALL('08jtbkSSXD$83ProcmjPKz',$,'Wall',$,$,#518,#513,$,$);
#508=IFCMATERIALLAYERSETUSAGE(#82,.AXIS2.,.POSITIVE.,0.,$);
#509=IFCRELASSOCIATESMATERIAL('2DsOqfe2b8S8FCvC5TClzK',$,$,$,(#507),#508);
#513=IFCPRODUCTDEFINITIONSHAPE($,$,(#1039,#1036));
#514=IFCCARTESIANPOINT((0.85529410839080811,5.038203239440918,0.));
#515=IFCDIRECTION((0.,0.,1.));
#516=IFCDIRECTION((-0.99999999999999623,8.7422776573475527E-08,0.));
#517=IFCAXIS2PLACEMENT3D(#514,#515,#516);
#518=IFCLOCALPLACEMENT(#79,#517);
#529=IFCPROPERTYSET('2B1B0vNPv8K98kK7G2F9st',$,'EPset_Parametric',$,(#531));
#530=IFCRELDEFINESBYPROPERTIES('12KKZENMfCQO8D0hw9DiAQ',$,$,$,(#507),#529);
#531=IFCPROPERTYSINGLEVALUE('Engine',$,IFCLABEL('Bonsai.DumbLayer2'),$);
#545=IFCWALL('2QhnFy4dfEAfqVMhtmD5jl',$,'Wall',$,$,#556,#551,$,$);
#546=IFCMATERIALLAYERSETUSAGE(#82,.AXIS2.,.POSITIVE.,0.,$);
#547=IFCRELASSOCIATESMATERIAL('0r$4ZB2fT4cvRIQO63CFgi',$,$,$,(#545),#546);
#551=IFCPRODUCTDEFINITIONSHAPE($,$,(#755,#752));
#552=IFCCARTESIANPOINT((-2.7947061061859131,4.9382038116455078,0.));
#553=IFCDIRECTION((0.,0.,1.));
#554=IFCDIRECTION((7.5497901264043109E-08,-0.99999999999999711,0.));
#555=IFCAXIS2PLACEMENT3D(#552,#553,#554);
#556=IFCLOCALPLACEMENT(#79,#555);
#567=IFCPROPERTYSET('2Od13S$NXETA1KGkkSNBSa',$,'EPset_Parametric',$,(#569));
#568=IFCRELDEFINESBYPROPERTIES('39mOMU$H96sBDCLVvHiofq',$,$,$,(#545),#567);
#569=IFCPROPERTYSINGLEVALUE('Engine',$,IFCLABEL('Bonsai.DumbLayer2'),$);
#583=IFCWALL('0UQ6jElfX7QPT1iuqITUdb',$,'Wall',$,$,#594,#589,$,$);
#584=IFCMATERIALLAYERSETUSAGE(#82,.AXIS2.,.POSITIVE.,0.,$);
#585=IFCRELASSOCIATESMATERIAL('2Sadra04rCdhvfqNXgYnH2',$,$,$,(#583),#584);
#589=IFCPRODUCTDEFINITIONSHAPE($,$,(#620,#617));
#590=IFCCARTESIANPOINT((-2.7947056293487549,2.2882037162780762,0.));
#591=IFCDIRECTION((0.,0.,1.));
#592=IFCDIRECTION((0.0094943567036708428,-0.99995492757963012,0.));
#593=IFCAXIS2PLACEMENT3D(#590,#591,#592);
#594=IFCLOCALPLACEMENT(#79,#593);
#605=IFCPROPERTYSET('1OpT$4Qs9AaAxEOmLVYrjB',$,'EPset_Parametric',$,(#607));
#606=IFCRELDEFINESBYPROPERTIES('1nonXv0T19dOAJuR80TN_8',$,$,$,(#583),#605);
#607=IFCPROPERTYSINGLEVALUE('Engine',$,IFCLABEL('Bonsai.DumbLayer2'),$);
#608=IFCCARTESIANPOINTLIST2D(((0.,0.),(0.,0.10000000000000001),(2.2501021591623416,0.10000000000000001),(2.2501021591623416,0.)));
#609=IFCINDEXEDPOLYCURVE(#608,(IFCLINEINDEX((1,2,3,4,1))),$);
#610=IFCARBITRARYCLOSEDPROFILEDEF(.AREA.,$,#609);
#611=IFCCARTESIANPOINT((0.,0.,0.));
#612=IFCDIRECTION((0.,0.,1.));
#613=IFCDIRECTION((1.,0.,0.));
#614=IFCAXIS2PLACEMENT3D(#611,#612,#613);
#615=IFCDIRECTION((0.,0.,1.));
#616=IFCEXTRUDEDAREASOLID(#610,#614,#615,3.);
#617=IFCSHAPEREPRESENTATION(#11,'Body','SweptSolid',(#616));
#618=IFCCARTESIANPOINTLIST2D(((0.,0.),(2.2501021591623416,0.)));
#619=IFCINDEXEDPOLYCURVE(#618,$,$);
#620=IFCSHAPEREPRESENTATION(#23,'Axis','Curve2D',(#619));
#621=IFCWALL('3zRVXOjHDBxg_Rp8NgHd_Z',$,'Wall',$,$,#632,#627,$,$);
#622=IFCMATERIALLAYERSETUSAGE(#82,.AXIS2.,.POSITIVE.,0.,$);
#623=IFCRELASSOCIATESMATERIAL('0cEQVbzhXDx9H02UsLV9AP',$,$,$,(#621),#622);
#627=IFCPRODUCTDEFINITIONSHAPE($,$,(#728,#725));
#628=IFCCARTESIANPOINT((0.31665769219398499,0.038202609866857529,0.));
#629=IFCDIRECTION((0.,0.,1.));
#630=IFCDIRECTION((7.5497901264043109E-08,0.99999999999999711,0.));
#631=IFCAXIS2PLACEMENT3D(#628,#629,#630);
#632=IFCLOCALPLACEMENT(#79,#631);
#643=IFCPROPERTYSET('2ATndl2KLDTu6gPW6gaqHQ',$,'EPset_Parametric',$,(#645));
#644=IFCRELDEFINESBYPROPERTIES('1IkryO_yT4KhsZjllVG6dI',$,$,$,(#621),#643);
#645=IFCPROPERTYSINGLEVALUE('Engine',$,IFCLABEL('Bonsai.DumbLayer2'),$);
#646=IFCWALL('2A77tp4MX4du9NEj_0jXgK',$,'Wall',$,$,#715,#652,$,$);
#647=IFCMATERIALLAYERSETUSAGE(#82,.AXIS2.,.POSITIVE.,0.,$);
#648=IFCRELASSOCIATESMATERIAL('2P0kp5mSX2XRrQ61FrdtTr',$,$,$,(#646),#647);
#652=IFCPRODUCTDEFINITIONSHAPE($,$,(#742,#739));
#668=IFCPROPERTYSET('09z7rUWuT5GfGJnBH_hx_8',$,'EPset_Parametric',$,(#670));
#669=IFCRELDEFINESBYPROPERTIES('0bjTA_yVnFxPwywHacKBAn',$,$,$,(#646),#668);
#670=IFCPROPERTYSINGLEVALUE('Engine',$,IFCLABEL('Bonsai.DumbLayer2'),$);
#697=IFCRELCONNECTSPATHELEMENTS('0eYWoFED5EtwDtvYkXazW4',$,$,$,$,#646,#621,(),(),.ATEND.,.ATSTART.);
#711=IFCCARTESIANPOINT((0.31665788848851456,2.6382024288177472,0.));
#712=IFCDIRECTION((0.,0.,1.));
#713=IFCDIRECTION((-0.99999999999998868,-1.5099580252808492E-07,0.));
#714=IFCAXIS2PLACEMENT3D(#711,#712,#713);
#715=IFCLOCALPLACEMENT(#79,#714);
#716=IFCCARTESIANPOINTLIST2D(((0.,0.),(0.,0.10000000000000001),(2.4999997963015241,0.10000000000000001),(2.5999998189508973,0.)));
#717=IFCINDEXEDPOLYCURVE(#716,(IFCLINEINDEX((1,2,3,4,1))),$);
#718=IFCARBITRARYCLOSEDPROFILEDEF(.AREA.,$,#717);
#719=IFCCARTESIANPOINT((0.,0.,0.));
#720=IFCDIRECTION((0.,0.,1.));
#721=IFCDIRECTION((1.,0.,0.));
#722=IFCAXIS2PLACEMENT3D(#719,#720,#721);
#723=IFCDIRECTION((0.,0.,1.));
#724=IFCEXTRUDEDAREASOLID(#718,#722,#723,3.);
#725=IFCSHAPEREPRESENTATION(#11,'Body','SweptSolid',(#724));
#726=IFCCARTESIANPOINTLIST2D(((0.,0.),(2.5999998189508973,0.)));
#727=IFCINDEXEDPOLYCURVE(#726,$,$);
#728=IFCSHAPEREPRESENTATION(#23,'Axis','Curve2D',(#727));
#729=IFCRELCONNECTSPATHELEMENTS('0IrKX2gmL0LwsNrGiAlCLC',$,$,$,$,#646,#545,(),(),.ATPATH.,.ATEND.);
#730=IFCCARTESIANPOINTLIST2D(((0.,0.),(0.10000002264937295,0.10000000000000001),(3.0113638285789395,0.10000000000000001),(3.0113638210291493,0.)));
#731=IFCINDEXEDPOLYCURVE(#730,(IFCLINEINDEX((1,2,3,4,1))),$);
#732=IFCARBITRARYCLOSEDPROFILEDEF(.AREA.,$,#731);
#733=IFCCARTESIANPOINT((0.,0.,0.));
#734=IFCDIRECTION((0.,0.,1.));
#735=IFCDIRECTION((1.,0.,0.));
#736=IFCAXIS2PLACEMENT3D(#733,#734,#735);
#737=IFCDIRECTION((0.,0.,1.));
#738=IFCEXTRUDEDAREASOLID(#732,#736,#737,3.);
#739=IFCSHAPEREPRESENTATION(#11,'Body','SweptSolid',(#738));
#740=IFCCARTESIANPOINTLIST2D(((0.,0.),(3.1113638210291499,0.)));
#741=IFCINDEXEDPOLYCURVE(#740,$,$);
#742=IFCSHAPEREPRESENTATION(#23,'Axis','Curve2D',(#741));
#743=IFCCARTESIANPOINTLIST2D(((0.,0.),(0.,0.10000000000000001),(2.6500000971668261,0.10000000000000001),(2.6500000971668261,0.)));
#744=IFCINDEXEDPOLYCURVE(#743,(IFCLINEINDEX((1,2,3,4,1))),$);
#745=IFCARBITRARYCLOSEDPROFILEDEF(.AREA.,$,#744);
#746=IFCCARTESIANPOINT((0.,0.,0.));
#747=IFCDIRECTION((0.,0.,1.));
#748=IFCDIRECTION((1.,0.,0.));
#749=IFCAXIS2PLACEMENT3D(#746,#747,#748);
#750=IFCDIRECTION((0.,0.,1.));
#751=IFCEXTRUDEDAREASOLID(#745,#749,#750,3.);
#752=IFCSHAPEREPRESENTATION(#11,'Body','SweptSolid',(#751));
#753=IFCCARTESIANPOINTLIST2D(((0.,0.),(2.6500000971668261,0.)));
#754=IFCINDEXEDPOLYCURVE(#753,$,$);
#755=IFCSHAPEREPRESENTATION(#23,'Axis','Curve2D',(#754));
#756=IFCWALL('2YvOVrBEHDGeRLRgyGbnbK',$,'Wall',$,$,#798,#762,$,$);
#757=IFCMATERIALLAYERSETUSAGE(#82,.AXIS2.,.POSITIVE.,0.,$);
#758=IFCRELASSOCIATESMATERIAL('3sNQ2nczX0PwBUyvLshYSM',$,$,$,(#756),#757);
#762=IFCPRODUCTDEFINITIONSHAPE($,$,(#1002,#999));
#778=IFCPROPERTYSET('3xs2bjsDz1xvjrLsn2wF4v',$,'EPset_Parametric',$,(#780));
#779=IFCRELDEFINESBYPROPERTIES('1_PQ2TlXLClgyD6BzfB5uW',$,$,$,(#756),#778);
#780=IFCPROPERTYSINGLEVALUE('Engine',$,IFCLABEL('Bonsai.DumbLayer2'),$);
#794=IFCCARTESIANPOINT((-1.1720554828643799,2.638202428817749,0.));
#795=IFCDIRECTION((0.,0.,1.));
#796=IFCDIRECTION((1.9470718370939353E-07,0.99999999999998113,0.));
#797=IFCAXIS2PLACEMENT3D(#794,#795,#796);
#798=IFCLOCALPLACEMENT(#79,#797);
#799=IFCRELCONNECTSPATHELEMENTS('3ZDNTKOez8ivIFoEcxv3PJ',$,$,$,$,#756,#507,(),(),.ATPATH.,.ATEND.);
#826=IFCWALL('3EamHHBbP0iRjS7nnvgAO$',$,'Wall',$,$,#1026,#832,$,$);
#827=IFCMATERIALLAYERSETUSAGE(#82,.AXIS2.,.POSITIVE.,0.,$);
#828=IFCRELASSOCIATESMATERIAL('1hRDPDUy5DDOgX3IFfcnws',$,$,$,(#826),#827);
#832=IFCPRODUCTDEFINITIONSHAPE($,$,(#1053,#1050));
#848=IFCPROPERTYSET('25FjdHNZXCnw5bEATi8Qmt',$,'EPset_Parametric',$,(#850));
#849=IFCRELDEFINESBYPROPERTIES('2CKLpvHcX9eukzjVx8dVt$',$,$,$,(#826),#848);
#850=IFCPROPERTYSINGLEVALUE('Engine',$,IFCLABEL('Bonsai.DumbLayer2'),$);
#851=IFCWALL('3a$qn7AnL37gTmRgD6v1Ya',$,'Wall',$,$,#1071,#857,$,$);
#852=IFCMATERIALLAYERSETUSAGE(#82,.AXIS2.,.POSITIVE.,0.,$);
#853=IFCRELASSOCIATESMATERIAL('0zqxsh7Yf5pfb9mYuU0E78',$,$,$,(#851),#852);
#857=IFCPRODUCTDEFINITIONSHAPE($,$,(#1066,#1063));
#873=IFCPROPERTYSET('1ssLywR$922QSl21RIbUFU',$,'EPset_Parametric',$,(#875));
#874=IFCRELDEFINESBYPROPERTIES('39YesslHDBGBkgU347khDq',$,$,$,(#851),#873);
#875=IFCPROPERTYSINGLEVALUE('Engine',$,IFCLABEL('Bonsai.DumbLayer2'),$);
#971=IFCRELCONNECTSPATHELEMENTS('2NKS3dUTX9C869wvDlglCI',$,$,$,$,#851,#756,(),(),.ATPATH.,.ATEND.);
#990=IFCCARTESIANPOINTLIST2D(((0.,0.),(0.,0.10000000000000001),(2.3000009771312624,0.10000000000000001),(2.3000009878597032,0.)));
#991=IFCINDEXEDPOLYCURVE(#990,(IFCLINEINDEX((1,2,3,4,1))),$);
#992=IFCARBITRARYCLOSEDPROFILEDEF(.AREA.,$,#991);
#993=IFCCARTESIANPOINT((0.,0.,0.));
#994=IFCDIRECTION((0.,0.,1.));
#995=IFCDIRECTION((1.,0.,0.));
#996=IFCAXIS2PLACEMENT3D(#993,#994,#995);
#997=IFCDIRECTION((0.,0.,1.));
#998=IFCEXTRUDEDAREASOLID(#992,#996,#997,3.);
#999=IFCSHAPEREPRESENTATION(#11,'Body','SweptSolid',(#998));
#1000=IFCCARTESIANPOINTLIST2D(((0.,0.),(2.4000009878597037,0.)));
#1001=IFCINDEXEDPOLYCURVE(#1000,$,$);
#1002=IFCSHAPEREPRESENTATION(#23,'Axis','Curve2D',(#1001));
#1008=IFCRELCONNECTSPATHELEMENTS('0AbKYKaWv0hAYub8KTXr5g',$,$,$,$,#826,#507,(),(),.ATPATH.,.ATSTART.);
#1022=IFCCARTESIANPOINT((0.75529414905833603,5.0382032481831915,0.));
#1023=IFCDIRECTION((0.,0.,1.));
#1024=IFCDIRECTION((1.9470718370939353E-07,-0.99999999999998113,0.));
#1025=IFCAXIS2PLACEMENT3D(#1022,#1023,#1024);
#1026=IFCLOCALPLACEMENT(#79,#1025);
#1027=IFCCARTESIANPOINTLIST2D(((0.,0.),(0.,0.10000000000000001),(3.650000031353676,0.10000000000000001),(3.650000031353676,0.)));
#1028=IFCINDEXEDPOLYCURVE(#1027,(IFCLINEINDEX((1,2,3,4,1))),$);
#1029=IFCARBITRARYCLOSEDPROFILEDEF(.AREA.,$,#1028);
#1030=IFCCARTESIANPOINT((0.,0.,0.));
#1031=IFCDIRECTION((0.,0.,1.));
#1032=IFCDIRECTION((1.,0.,0.));
#1033=IFCAXIS2PLACEMENT3D(#1030,#1031,#1032);
#1034=IFCDIRECTION((0.,0.,1.));
#1035=IFCEXTRUDEDAREASOLID(#1029,#1033,#1034,3.);
#1036=IFCSHAPEREPRESENTATION(#11,'Body','SweptSolid',(#1035));
#1037=IFCCARTESIANPOINTLIST2D(((0.,0.),(3.650000031353676,0.)));
#1038=IFCINDEXEDPOLYCURVE(#1037,$,$);
#1039=IFCSHAPEREPRESENTATION(#23,'Axis','Curve2D',(#1038));
#1040=IFCRELCONNECTSPATHELEMENTS('31K7y4ujH178Y1cRN3X4KS',$,$,$,$,#826,#851,(),(),.ATSTART.,.ATEND.);
#1041=IFCCARTESIANPOINTLIST2D(((0.100000000000004,0.),(0.10000002821300003,0.10000000000000001),(1.5748097137609862,0.10000000000000001),(1.4748096553488139,0.)));
#1042=IFCINDEXEDPOLYCURVE(#1041,(IFCLINEINDEX((1,2,3,4,1))),$);
#1043=IFCARBITRARYCLOSEDPROFILEDEF(.AREA.,$,#1042);
#1044=IFCCARTESIANPOINT((0.,0.,0.));
#1045=IFCDIRECTION((0.,0.,1.));
#1046=IFCDIRECTION((1.,0.,0.));
#1047=IFCAXIS2PLACEMENT3D(#1044,#1045,#1046);
#1048=IFCDIRECTION((0.,0.,1.));
#1049=IFCEXTRUDEDAREASOLID(#1043,#1047,#1048,3.);
#1050=IFCSHAPEREPRESENTATION(#11,'Body','SweptSolid',(#1049));
#1051=IFCCARTESIANPOINTLIST2D(((0.,0.),(1.4748096553488139,0.)));
#1052=IFCINDEXEDPOLYCURVE(#1051,$,$);
#1053=IFCSHAPEREPRESENTATION(#23,'Axis','Curve2D',(#1052));
#1054=IFCCARTESIANPOINTLIST2D(((0.,0.),(-0.10000005841217217,0.10000000000000001),(1.9273497194666656,0.10000000000000001),(1.9273497389373839,0.)));
#1055=IFCINDEXEDPOLYCURVE(#1054,(IFCLINEINDEX((1,2,3,4,1))),$);
#1056=IFCARBITRARYCLOSEDPROFILEDEF(.AREA.,$,#1055);
#1057=IFCCARTESIANPOINT((0.,0.,0.));
#1058=IFCDIRECTION((0.,0.,1.));
#1059=IFCDIRECTION((1.,0.,0.));
#1060=IFCAXIS2PLACEMENT3D(#1057,#1058,#1059);
#1061=IFCDIRECTION((0.,0.,1.));
#1062=IFCEXTRUDEDAREASOLID(#1056,#1060,#1061,3.);
#1063=IFCSHAPEREPRESENTATION(#11,'Body','SweptSolid',(#1062));
#1064=IFCCARTESIANPOINTLIST2D(((0.,0.),(1.9273497389373839,0.)));
#1065=IFCINDEXEDPOLYCURVE(#1064,$,$);
#1066=IFCSHAPEREPRESENTATION(#23,'Axis','Curve2D',(#1065));
#1067=IFCCARTESIANPOINT((0.75529443621437053,3.5633935928344056,0.));
#1068=IFCDIRECTION((0.,0.,1.));
#1069=IFCDIRECTION((-0.99999999999992428,3.8941436741876494E-07,0.));
#1070=IFCAXIS2PLACEMENT3D(#1067,#1068,#1069);
#1071=IFCLOCALPLACEMENT(#79,#1070);
#1072=IFCRELCONNECTSPATHELEMENTS('3gyvWLCgD99g0MWVu4ct1Z',$,$,$,$,#203,#241,(),(),.ATSTART.,.ATEND.);
#1086=IFCCARTESIANPOINTLIST2D(((0.,0.),(0.099999992450210157,0.10000000000000001),(2.5999999046325688,0.10000000000000001),(2.5999999046325688,0.)));
#1087=IFCINDEXEDPOLYCURVE(#1086,(IFCLINEINDEX((1,2,3,4,1))),$);
#1088=IFCARBITRARYCLOSEDPROFILEDEF(.AREA.,$,#1087);
#1089=IFCCARTESIANPOINT((0.,0.,0.));
#1090=IFCDIRECTION((0.,0.,1.));
#1091=IFCDIRECTION((1.,0.,0.));
#1092=IFCAXIS2PLACEMENT3D(#1089,#1090,#1091);
#1093=IFCDIRECTION((0.,0.,1.));
#1094=IFCEXTRUDEDAREASOLID(#1088,#1092,#1093,3.);
#1095=IFCSHAPEREPRESENTATION(#11,'Body','SweptSolid',(#1094));
#1096=IFCCARTESIANPOINTLIST2D(((0.,0.),(2.5999999046325688,0.)));
#1097=IFCINDEXEDPOLYCURVE(#1096,$,$);
#1098=IFCSHAPEREPRESENTATION(#23,'Axis','Curve2D',(#1097));
#1099=IFCCARTESIANPOINT((4.2052922173342502,-2.611797571182251,0.));
#1100=IFCDIRECTION((0.,0.,1.));
#1101=IFCDIRECTION((7.5497901264043123E-08,0.99999999999999722,0.));
#1102=IFCAXIS2PLACEMENT3D(#1099,#1100,#1101);
#1103=IFCLOCALPLACEMENT(#79,#1102);
#1104=IFCRELCONNECTSPATHELEMENTS('2z_n41S8z2Jwe$Au$vCVJb',$,$,$,$,#203,#127,(),(),.ATEND.,.ATSTART.);
#1105=IFCCARTESIANPOINTLIST2D(((0.,0.),(0.099999992450210171,0.10000000000000001),(3.88863432666014,0.10000000000000001),(3.9886343191103499,0.)));
#1106=IFCINDEXEDPOLYCURVE(#1105,(IFCLINEINDEX((1,2,3,4,1))),$);
#1107=IFCARBITRARYCLOSEDPROFILEDEF(.AREA.,$,#1106);
#1108=IFCCARTESIANPOINT((0.,0.,0.));
#1109=IFCDIRECTION((0.,0.,1.));
#1110=IFCDIRECTION((1.,0.,0.));
#1111=IFCAXIS2PLACEMENT3D(#1108,#1109,#1110);
#1112=IFCDIRECTION((0.,0.,1.));
#1113=IFCEXTRUDEDAREASOLID(#1107,#1111,#1112,3.);
#1114=IFCSHAPEREPRESENTATION(#11,'Body','SweptSolid',(#1113));
#1115=IFCCARTESIANPOINTLIST2D(((0.,0.),(3.9886343191103499,0.)));
#1116=IFCINDEXEDPOLYCURVE(#1115,$,$);
#1117=IFCSHAPEREPRESENTATION(#23,'Axis','Curve2D',(#1116));
#1118=IFCCARTESIANPOINT((0.21665789822390008,-2.611797571182251,0.));
#1119=IFCDIRECTION((0.,0.,1.));
#1120=IFCDIRECTION((1.,0.,0.));
#1121=IFCAXIS2PLACEMENT3D(#1118,#1119,#1120);
#1122=IFCLOCALPLACEMENT(#79,#1121);
#1123=IFCCARTESIANPOINTLIST2D(((0.,0.),(0.,0.10000000000000001),(2.5500001699724542,0.10000000000000001),(2.6500001624226641,0.)));
#1124=IFCINDEXEDPOLYCURVE(#1123,(IFCLINEINDEX((1,2,3,4,1))),$);
#1125=IFCARBITRARYCLOSEDPROFILEDEF(.AREA.,$,#1124);
#1126=IFCCARTESIANPOINT((0.,0.,0.));
#1127=IFCDIRECTION((0.,0.,1.));
#1128=IFCDIRECTION((1.,0.,0.));
#1129=IFCAXIS2PLACEMENT3D(#1126,#1127,#1128);
#1130=IFCDIRECTION((0.,0.,1.));
#1131=IFCEXTRUDEDAREASOLID(#1125,#1129,#1130,3.);
#1132=IFCSHAPEREPRESENTATION(#11,'Body','SweptSolid',(#1131));
#1133=IFCCARTESIANPOINTLIST2D(((0.,0.),(2.6500001624226641,0.)));
#1134=IFCINDEXEDPOLYCURVE(#1133,$,$);
#1135=IFCSHAPEREPRESENTATION(#23,'Axis','Curve2D',(#1134));
#1137=IFCMATERIALLAYERSET((#1139),$,$);
#1139=IFCMATERIALLAYER(#81,0.10000000000000001,$,$,$,$,$);
#1142=IFCSLABTYPE('2DOG6y5K1BGxiYKrQIAdAi',$,'Slab',$,$,(#1146),$,$,$,.FLOOR.);
#1143=IFCMATERIALLAYERSET((#1145),$,$);
#1144=IFCRELASSOCIATESMATERIAL('1CO6QysPD1bePRFp8VxZjt',$,$,$,(#1142),#1143);
#1145=IFCMATERIALLAYER(#81,0.10000000000000001,$,$,$,$,$);
#1146=IFCPROPERTYSET('1AY876zkDAjhIDQA9gd7iW',$,'EPset_Parametric',$,(#1147));
#1147=IFCPROPERTYSINGLEVALUE('LayerSetDirection',$,IFCLABEL('AXIS3'),$);
#1148=IFCSLAB('1KfJo1MUX9TedlAP09FE0V',$,'Slab',$,$,#1156,#1163,$,$);
#1149=IFCRELDEFINESBYTYPE('0cpkNefNb9iw8DcTku_hom',$,$,$,(#1148,#5873,#6979),#1142);
#1150=IFCMATERIALLAYERSETUSAGE(#1143,.AXIS3.,.POSITIVE.,-0.10000000149011612,$);
#1151=IFCRELASSOCIATESMATERIAL('0GONfj1RPCtwsgebAM64ok',$,$,$,(#1148),#1150);
#1152=IFCCARTESIANPOINT((4.2021856307983398,6.4946837425231934,0.));
#1153=IFCDIRECTION((0.,0.,1.));
#1154=IFCDIRECTION((1.,0.,0.));
#1155=IFCAXIS2PLACEMENT3D(#1152,#1153,#1154);
#1156=IFCLOCALPLACEMENT(#79,#1155);
#1157=IFCCARTESIANPOINTLIST2D(((0.,0.),(-3.4468917846679688,0.043519496917724609),(-3.4543323516845703,-1.5535368919372559),(-6.9968914985656738,-1.4564800262451172),(-6.9755277633666992,-6.556480884552002),(-3.9855279922485352,-6.607844352722168),(-3.9855277538299561,-9.1064815521240234),(0.0031065940856933594,-9.1064815521240234),(0.,0.)));
#1158=IFCINDEXEDPOLYCURVE(#1157,$,$);
#1159=IFCDIRECTION((0.,0.,1.));
#1160=IFCARBITRARYCLOSEDPROFILEDEF(.AREA.,$,#1158);
#1161=IFCEXTRUDEDAREASOLID(#1160,#1170,#1159,0.10000000000000001);
#1162=IFCSHAPEREPRESENTATION(#11,'Body','SweptSolid',(#1161));
#1163=IFCPRODUCTDEFINITIONSHAPE($,$,(#1162));
#1164=IFCPROPERTYSET('3v3QL$He5DeAyBLLVHu_r1',$,'EPset_Parametric',$,(#1166));
#1165=IFCRELDEFINESBYPROPERTIES('3bOOlm8qTBgBw0aqt6_Bgz',$,$,$,(#1148),#1164);
#1166=IFCPROPERTYSINGLEVALUE('Engine',$,IFCLABEL('Bonsai.DumbLayer3'),$);
#1167=IFCCARTESIANPOINT((-0.,-0.,-0.10000000149011612));
#1168=IFCDIRECTION((0.,0.,1.));
#1169=IFCDIRECTION((1.,0.,0.));
#1170=IFCAXIS2PLACEMENT3D(#1167,#1168,#1169);
#1171=IFCDOORTYPE('1si9UfdJf1$8Doyo4cwj4a',$,'Main-GF',$,$,(#1172),(#1181,#1259,#1278),$,$,.DOOR.,.SINGLE_SWING_LEFT.,$,$);
#1172=IFCPROPERTYSET('1jivIzJPTFzAsQklZgb$SC',$,'BBIM_Door',$,(#1173));
#1173=IFCPROPERTYSINGLEVALUE('Data',$,IFCTEXT('{"door_type": "SINGLE_SWING_LEFT", "overall_height": 2.0, "overall_width": 0.9525395631790161, "lining_properties": {"lining_depth": 0.05000000074505806, "lining_thickness": 0.05000000074505806, "lining_offset": 0.0, "lining_to_panel_offset_x": 0.02500000037252903, "lining_to_panel_offset_y": 0.02500000037252903, "transom_thickness": 0.0, "casing_thickness": 0.07500000298023224, "casing_depth": 0.004999999888241291, "threshold_thickness": 0.02500000037252903, "threshold_depth": 0.10000000149011612, "threshold_offset": 0.0}, "panel_properties": {"panel_depth": 0.03500000014901161, "panel_width_ratio": 1.0}}'),$);
#1177=IFCCARTESIANPOINT((0.,0.,0.));
#1178=IFCDIRECTION((1.,0.,0.));
#1179=IFCDIRECTION((0.,0.,1.));
#1180=IFCAXIS2PLACEMENT3D(#1177,#1179,#1178);
#1181=IFCREPRESENTATIONMAP(#1180,#1361);
#1255=IFCCARTESIANPOINT((0.,0.,0.));
#1256=IFCDIRECTION((1.,0.,0.));
#1257=IFCDIRECTION((0.,0.,1.));
#1258=IFCAXIS2PLACEMENT3D(#1255,#1257,#1256);
#1259=IFCREPRESENTATIONMAP(#1258,#1434);
#1274=IFCCARTESIANPOINT((0.,0.,0.));
#1275=IFCDIRECTION((1.,0.,0.));
#1276=IFCDIRECTION((0.,0.,1.));
#1277=IFCAXIS2PLACEMENT3D(#1274,#1276,#1275);
#1278=IFCREPRESENTATIONMAP(#1277,#1452);
#1279=IFCDOOR('3YYAZu95bD2BzMw_d2hUxb',$,'Door',$,$,#1477,#1288,$,2.,0.95253956317901611,$,.SINGLE_SWING_LEFT.,$);
#1280=IFCRELDEFINESBYTYPE('3Ox_QMMXH2QgQoNUOnvnPY',$,$,$,(#1279),#1171);
#1281=IFCCARTESIANPOINT((0.,0.,0.));
#1282=IFCDIRECTION((1.,0.,0.));
#1283=IFCDIRECTION((0.,1.,0.));
#1284=IFCDIRECTION((0.,0.,1.));
#1285=IFCCARTESIANTRANSFORMATIONOPERATOR3D(#1282,#1283,#1281,1.,#1284);
#1286=IFCMAPPEDITEM(#1181,#1285);
#1287=IFCSHAPEREPRESENTATION(#18,'Profile','MappedRepresentation',(#1286));
#1288=IFCPRODUCTDEFINITIONSHAPE($,$,(#1287,#1295,#1302));
#1289=IFCCARTESIANPOINT((0.,0.,0.));
#1290=IFCDIRECTION((1.,0.,0.));
#1291=IFCDIRECTION((0.,1.,0.));
#1292=IFCDIRECTION((0.,0.,1.));
#1293=IFCCARTESIANTRANSFORMATIONOPERATOR3D(#1290,#1291,#1289,1.,#1292);
#1294=IFCMAPPEDITEM(#1259,#1293);
#1295=IFCSHAPEREPRESENTATION(#11,'Body','MappedRepresentation',(#1294));
#1296=IFCCARTESIANPOINT((0.,0.,0.));
#1297=IFCDIRECTION((1.,0.,0.));
#1298=IFCDIRECTION((0.,1.,0.));
#1299=IFCDIRECTION((0.,0.,1.));
#1300=IFCCARTESIANTRANSFORMATIONOPERATOR3D(#1297,#1298,#1296,1.,#1299);
#1301=IFCMAPPEDITEM(#1278,#1300);
#1302=IFCSHAPEREPRESENTATION(#24,'Body','MappedRepresentation',(#1301));
#1303=IFCOPENINGELEMENT('3TMdcOMDD7HRAB6ct95Cfo',$,'Opening',$,$,#1472,#1331,$,.OPENING.);
#1319=IFCCARTESIANPOINT((0.,0.,0.));
#1320=IFCDIRECTION((1.,0.,0.));
#1321=IFCDIRECTION((0.,0.,1.));
#1322=IFCAXIS2PLACEMENT3D(#1319,#1321,#1320);
#1323=IFCREPRESENTATIONMAP(#1322,#1462);
#1324=IFCCARTESIANPOINT((0.,0.,0.));
#1325=IFCDIRECTION((1.,0.,0.));
#1326=IFCDIRECTION((0.,1.,0.));
#1327=IFCDIRECTION((0.,0.,1.));
#1328=IFCCARTESIANTRANSFORMATIONOPERATOR3D(#1325,#1326,#1324,1.,#1327);
#1329=IFCMAPPEDITEM(#1323,#1328);
#1330=IFCSHAPEREPRESENTATION(#11,'Body','MappedRepresentation',(#1329));
#1331=IFCPRODUCTDEFINITIONSHAPE($,$,(#1330));
#1332=IFCRELVOIDSELEMENT('0zNZzFTeb1Rx5uWH9uoNfE',$,$,$,#203,#1303);
#1338=IFCRELFILLSELEMENT('3YHWX2mlv4yBHn9Um0q5TL',$,$,$,#1303,#1279);
#1359=IFCCARTESIANPOINTLIST3D(((0.,0.,0.),(0.95253956317901611,0.,0.),(0.95253956317901611,0.,2.),(0.,0.,2.)));
#1360=IFCINDEXEDPOLYCURVE(#1359,(IFCLINEINDEX((1,2,3,4,1))),$);
#1361=IFCSHAPEREPRESENTATION(#18,'Profile','Curve3D',(#1360));
#1362=IFCCARTESIANPOINTLIST2D(((0.,0.),(0.,2.),(0.95253956317901611,2.),(0.95253956317901611,0.),(0.92753956280648708,0.),(0.92753956280648708,1.974999999627471),(0.02500000037252903,1.974999999627471),(0.02500000037252903,0.)));
#1363=IFCINDEXEDPOLYCURVE(#1362,(IFCLINEINDEX((1,2,3,4,5,6,7,8,1))),$);
#1364=IFCARBITRARYCLOSEDPROFILEDEF(.AREA.,$,#1363);
#1365=IFCCARTESIANPOINT((0.,0.02500000037252903,0.));
#1366=IFCDIRECTION((0.,-1.,0.));
#1367=IFCDIRECTION((1.,0.,0.));
#1368=IFCAXIS2PLACEMENT3D(#1365,#1366,#1367);
#1369=IFCDIRECTION((0.,0.,-1.));
#1370=IFCEXTRUDEDAREASOLID(#1364,#1368,#1369,0.02500000037252903);
#1371=IFCCARTESIANPOINTLIST2D(((0.,0.),(0.,2.),(0.95253956317901611,2.),(0.95253956317901611,0.),(0.90253956243395805,0.),(0.90253956243395805,1.9499999992549419),(0.05000000074505806,1.9499999992549419),(0.05000000074505806,0.)));
#1372=IFCINDEXEDPOLYCURVE(#1371,(IFCLINEINDEX((1,2,3,4,5,6,7,8,1))),$);
#1373=IFCARBITRARYCLOSEDPROFILEDEF(.AREA.,$,#1372);
#1374=IFCCARTESIANPOINT((0.,0.,0.));
#1375=IFCDIRECTION((0.,-1.,0.));
#1376=IFCDIRECTION((1.,0.,0.));
#1377=IFCAXIS2PLACEMENT3D(#1374,#1375,#1376);
#1378=IFCDIRECTION((0.,0.,-1.));
#1379=IFCEXTRUDEDAREASOLID(#1373,#1377,#1378,0.02500000037252903);
#1380=IFCCARTESIANPOINTLIST2D(((0.,0.),(0.85253956168889999,0.),(0.85253956168889999,0.10000000149011612),(0.,0.10000000149011612)));
#1381=IFCINDEXEDPOLYCURVE(#1380,(IFCLINEINDEX((1,2,3,4,1))),$);
#1382=IFCARBITRARYCLOSEDPROFILEDEF(.AREA.,$,#1381);
#1383=IFCCARTESIANPOINT((0.05000000074505806,0.,0.));
#1384=IFCDIRECTION((0.,0.,1.));
#1385=IFCDIRECTION((1.,0.,0.));
#1386=IFCAXIS2PLACEMENT3D(#1383,#1384,#1385);
#1387=IFCDIRECTION((0.,0.,1.));
#1388=IFCEXTRUDEDAREASOLID(#1382,#1386,#1387,0.02500000037252903);
#1389=IFCCARTESIANPOINTLIST2D(((0.,0.),(0.,2.0250000022351742),(1.0025395676493645,2.0250000022351742),(1.0025395676493645,0.),(0.92753956466913223,0.),(0.92753956466913223,1.9499999992549419),(0.075000002980232239,1.9499999992549419),(0.075000002980232239,0.)));
#1390=IFCINDEXEDPOLYCURVE(#1389,(IFCLINEINDEX((1,2,3,4,5,6,7,8,1))),$);
#1391=IFCARBITRARYCLOSEDPROFILEDEF(.AREA.,$,#1390);
#1392=IFCCARTESIANPOINT((-0.025000002235174179,-0.004999999888241291,0.));
#1393=IFCDIRECTION((0.,-1.,0.));
#1394=IFCDIRECTION((1.,0.,0.));
#1395=IFCAXIS2PLACEMENT3D(#1392,#1393,#1394);
#1396=IFCDIRECTION((0.,0.,-1.));
#1397=IFCEXTRUDEDAREASOLID(#1391,#1395,#1396,0.004999999888241291);
#1398=IFCCARTESIANPOINTLIST2D(((0.,0.),(0.,2.0250000022351742),(1.0025395676493645,2.0250000022351742),(1.0025395676493645,0.),(0.95253956504166126,0.),(0.95253956504166126,1.974999999627471),(0.050000002607703209,1.974999999627471),(0.050000002607703209,0.)));
#1399=IFCINDEXEDPOLYCURVE(#1398,(IFCLINEINDEX((1,2,3,4,5,6,7,8,1))),$);
#1400=IFCARBITRARYCLOSEDPROFILEDEF(.AREA.,$,#1399);
#1401=IFCCARTESIANPOINT((-0.025000002235174179,0.05000000074505806,0.));
#1402=IFCDIRECTION((0.,-1.,0.));
#1403=IFCDIRECTION((1.,0.,0.));
#1404=IFCAXIS2PLACEMENT3D(#1401,#1402,#1403);
#1405=IFCDIRECTION((0.,0.,-1.));
#1406=IFCEXTRUDEDAREASOLID(#1400,#1404,#1405,0.004999999888241291);
#1407=IFCCARTESIANPOINTLIST2D(((0.,0.),(0.90253956243395805,0.),(0.90253956243395805,0.035000000149011612),(0.,0.035000000149011612)));
#1408=IFCINDEXEDPOLYCURVE(#1407,(IFCLINEINDEX((1,2,3,4,1))),$);
#1409=IFCARBITRARYCLOSEDPROFILEDEF(.AREA.,$,#1408);
#1410=IFCCARTESIANPOINT((0.02500000037252903,0.02500000037252903,0.02500000037252903));
#1411=IFCDIRECTION((0.,0.,1.));
#1412=IFCDIRECTION((1.,0.,0.));
#1413=IFCAXIS2PLACEMENT3D(#1410,#1411,#1412);
#1414=IFCDIRECTION((0.,0.,1.));
#1415=IFCEXTRUDEDAREASOLID(#1409,#1413,#1414,1.9499999992549419);
#1416=IFCCARTESIANPOINTLIST2D(((0.,0.),(0.,-0.040000000000000001),(-0.11999999999999988,-0.040000000000000001),(-0.11999999999999988,-0.02),(-0.020000000000000018,-0.02),(-0.020000000000000018,0.)));
#1417=IFCINDEXEDPOLYCURVE(#1416,(IFCLINEINDEX((1,2,3,4,5,6,1))),$);
#1418=IFCARBITRARYCLOSEDPROFILEDEF(.AREA.,$,#1417);
#1419=IFCCARTESIANPOINT((0.87753956280648704,0.02500000037252903,1.015000000372529));
#1420=IFCDIRECTION((0.,0.,1.));
#1421=IFCDIRECTION((1.,0.,0.));
#1422=IFCAXIS2PLACEMENT3D(#1419,#1420,#1421);
#1423=IFCDIRECTION((0.,0.,1.));
#1424=IFCEXTRUDEDAREASOLID(#1418,#1422,#1423,0.02);
#1425=IFCEXTRUDEDAREASOLID(#1426,#1429,#1433,0.02);
#1426=IFCARBITRARYCLOSEDPROFILEDEF(.AREA.,$,#1427);
#1427=IFCINDEXEDPOLYCURVE(#1428,(IFCLINEINDEX((1,2,3,4,5,6,1))),$);
#1428=IFCCARTESIANPOINTLIST2D(((0.,0.),(0.,0.040000000000000008),(-0.11999999999999988,0.040000000000000008),(-0.11999999999999988,0.020000000000000004),(-0.020000000000000018,0.020000000000000004),(-0.020000000000000018,0.)));
#1429=IFCAXIS2PLACEMENT3D(#1430,#1431,#1432);
#1430=IFCCARTESIANPOINT((0.87753956280648704,0.060000000521540642,1.015000000372529));
#1431=IFCDIRECTION((0.,0.,1.));
#1432=IFCDIRECTION((1.,0.,0.));
#1433=IFCDIRECTION((0.,0.,1.));
#1434=IFCSHAPEREPRESENTATION(#11,'Body','SweptSolid',(#1370,#1379,#1415,#1424,#1425,#1388,#1397,#1406));
#1435=IFCSHAPEREPRESENTATION(#11,'Body','SweptSolid',(#1370,#1379,#1388,#1397,#1406));
#1436=IFCSHAPEASPECT((#1435),'Lining',$,.T.,#1288);
#1437=IFCSHAPEREPRESENTATION(#11,'Body','SweptSolid',(#1415,#1424,#1425));
#1438=IFCSHAPEASPECT((#1437),'Framing',$,.T.,#1288);
#1439=IFCCARTESIANPOINTLIST2D(((0.,0.),(0.,0.05000000074505806),(0.02500000037252903,0.05000000074505806),(0.02500000037252903,0.02500000037252903),(0.05000000074505806,0.02500000037252903),(0.05000000074505806,0.)));
#1440=IFCINDEXEDPOLYCURVE(#1439,(IFCLINEINDEX((1,2,3,4,5,6,1))),$);
#1441=IFCINDEXEDPOLYCURVE(#1442,(IFCLINEINDEX((1,2,3,4,5,6,1))),$);
#1442=IFCCARTESIANPOINTLIST2D(((0.95253956317901611,0.),(0.95253956317901611,0.05000000074505806),(0.92753956280648708,0.05000000074505806),(0.92753956280648708,0.02500000037252903),(0.90253956243395805,0.02500000037252903),(0.90253956243395805,0.)));
#1443=IFCDIRECTION((1.,0.));
#1444=IFCCARTESIANPOINT((0.060000000521540642,0.05000000074505806));
#1445=IFCAXIS2PLACEMENT2D(#1444,#1443);
#1446=IFCELLIPSE(#1445,0.86753956228494644,0.90253956243395805);
#1447=IFCCARTESIANPOINT((0.92753956280648708,0.05000000074505806));
#1448=IFCCARTESIANPOINT((0.060000000521540642,0.95253956317901611));
#1449=IFCTRIMMEDCURVE(#1446,(#1447),(#1448),.T.,.CARTESIAN.);
#1450=IFCCARTESIANPOINTLIST2D(((0.02500000037252903,0.05000000074505806),(0.060000000521540642,0.05000000074505806),(0.060000000521540642,0.95253956317901611),(0.02500000037252903,0.95253956317901611)));
#1451=IFCINDEXEDPOLYCURVE(#1450,(IFCLINEINDEX((1,2,3,4,1))),$);
#1452=IFCSHAPEREPRESENTATION(#24,'Body','Curve2D',(#1440,#1441,#1449,#1451));
#1453=IFCCARTESIANPOINTLIST2D(((0.,0.),(0.95253956317901611,0.),(0.95253956317901611,2.),(0.,2.)));
#1454=IFCINDEXEDPOLYCURVE(#1453,(IFCLINEINDEX((1,2,3,4,1))),$);
#1455=IFCARBITRARYCLOSEDPROFILEDEF(.AREA.,$,#1454);
#1456=IFCCARTESIANPOINT((0.,-0.60000002384185791,0.));
#1457=IFCDIRECTION((0.,-1.,0.));
#1458=IFCDIRECTION((1.,0.,0.));
#1459=IFCAXIS2PLACEMENT3D(#1456,#1457,#1458);
#1460=IFCDIRECTION((0.,0.,-1.));
#1461=IFCEXTRUDEDAREASOLID(#1455,#1459,#1460,1.2);
#1462=IFCSHAPEREPRESENTATION(#11,'Body','SweptSolid',(#1461));
#1468=IFCCARTESIANPOINT((0.44566259642789435,4.76837158203125E-07,0.));
#1469=IFCDIRECTION((0.,0.,1.));
#1470=IFCDIRECTION((0.99999999999997158,-2.3841857910155572E-07,0.));
#1471=IFCAXIS2PLACEMENT3D(#1468,#1469,#1470);
#1472=IFCLOCALPLACEMENT(#1122,#1471);
#1473=IFCCARTESIANPOINT((-2.2204460492503131E-16,0.,0.));
#1474=IFCDIRECTION((0.,0.,1.));
#1475=IFCDIRECTION((1.,0.,0.));
#1476=IFCAXIS2PLACEMENT3D(#1473,#1474,#1475);
#1477=IFCLOCALPLACEMENT(#1472,#1476);
#1478=IFCDOORTYPE('3tfHqGXnD03vV$zl_jLZfM',$,'Guest-GF',$,$,(#1479),(#1481,#1489,#1567),$,$,.DOOR.,.SINGLE_SWING_LEFT.,$,$);
#1479=IFCPROPERTYSET('28YiEFiaz6lxg$BIKbB9tP',$,'BBIM_Door',$,(#1480));
#1480=IFCPROPERTYSINGLEVALUE('Data',$,IFCTEXT('{"door_type": "SINGLE_SWING_RIGHT", "overall_height": 2.0, "overall_width": 0.9525395631790161, "lining_properties": {"lining_depth": 0.05000000074505806, "lining_thickness": 0.05000000074505806, "lining_offset": 0.0, "lining_to_panel_offset_x": 0.02500000037252903, "lining_to_panel_offset_y": 0.02500000037252903, "transom_thickness": 0.0, "casing_thickness": 0.07500000298023224, "casing_depth": 0.004999999888241291, "threshold_thickness": 0.02500000037252903, "threshold_depth": 0.10000000149011612, "threshold_offset": 0.0}, "panel_properties": {"panel_depth": 0.03500000014901161, "panel_width_ratio": 1.0}}'),$);
#1481=IFCREPRESENTATIONMAP(#1482,#1902);
#1482=IFCAXIS2PLACEMENT3D(#1483,#1484,#1485);
#1483=IFCCARTESIANPOINT((0.,0.,0.));
#1484=IFCDIRECTION((0.,0.,1.));
#1485=IFCDIRECTION((1.,0.,0.));
#1489=IFCREPRESENTATIONMAP(#1490,#1975);
#1490=IFCAXIS2PLACEMENT3D(#1491,#1492,#1493);
#1491=IFCCARTESIANPOINT((0.,0.,0.));
#1492=IFCDIRECTION((0.,0.,1.));
#1493=IFCDIRECTION((1.,0.,0.));
#1567=IFCREPRESENTATIONMAP(#1568,#1989);
#1568=IFCAXIS2PLACEMENT3D(#1569,#1570,#1571);
#1569=IFCCARTESIANPOINT((0.,0.,0.));
#1570=IFCDIRECTION((0.,0.,1.));
#1571=IFCDIRECTION((1.,0.,0.));
#1586=IFCDOOR('1C375LA2nAaBRGs9Y6MmN7',$,'Door',$,$,#2014,#1595,$,2.,0.95253956317901611,$,.SINGLE_SWING_RIGHT.,$);
#1587=IFCRELDEFINESBYTYPE('2xnIfTcUv9w8IfO9oyweie',$,$,$,(#1586),#1478);
#1588=IFCCARTESIANPOINT((0.,0.,0.));
#1589=IFCDIRECTION((1.,0.,0.));
#1590=IFCDIRECTION((0.,1.,0.));
#1591=IFCDIRECTION((0.,0.,1.));
#1592=IFCCARTESIANTRANSFORMATIONOPERATOR3D(#1589,#1590,#1588,1.,#1591);
#1593=IFCMAPPEDITEM(#1481,#1592);
#1594=IFCSHAPEREPRESENTATION(#18,'Profile','MappedRepresentation',(#1593));
#1595=IFCPRODUCTDEFINITIONSHAPE($,$,(#1594,#1602,#1609));
#1596=IFCCARTESIANPOINT((0.,0.,0.));
#1597=IFCDIRECTION((1.,0.,0.));
#1598=IFCDIRECTION((0.,1.,0.));
#1599=IFCDIRECTION((0.,0.,1.));
#1600=IFCCARTESIANTRANSFORMATIONOPERATOR3D(#1597,#1598,#1596,1.,#1599);
#1601=IFCMAPPEDITEM(#1489,#1600);
#1602=IFCSHAPEREPRESENTATION(#11,'Body','MappedRepresentation',(#1601));
#1603=IFCCARTESIANPOINT((0.,0.,0.));
#1604=IFCDIRECTION((1.,0.,0.));
#1605=IFCDIRECTION((0.,1.,0.));
#1606=IFCDIRECTION((0.,0.,1.));
#1607=IFCCARTESIANTRANSFORMATIONOPERATOR3D(#1604,#1605,#1603,1.,#1606);
#1608=IFCMAPPEDITEM(#1567,#1607);
#1609=IFCSHAPEREPRESENTATION(#24,'Body','MappedRepresentation',(#1608));
#1610=IFCOPENINGELEMENT('3X2vfPKd5B5xAwBKojuxFS',$,'Opening',$,$,#2009,#1638,$,.OPENING.);
#1626=IFCCARTESIANPOINT((0.,0.,0.));
#1627=IFCDIRECTION((1.,0.,0.));
#1628=IFCDIRECTION((0.,0.,1.));
#1629=IFCAXIS2PLACEMENT3D(#1626,#1628,#1627);
#1630=IFCREPRESENTATIONMAP(#1629,#1999);
#1631=IFCCARTESIANPOINT((0.,0.,0.));
#1632=IFCDIRECTION((1.,0.,0.));
#1633=IFCDIRECTION((0.,1.,0.));
#1634=IFCDIRECTION((0.,0.,1.));
#1635=IFCCARTESIANTRANSFORMATIONOPERATOR3D(#1632,#1633,#1631,1.,#1634);
#1636=IFCMAPPEDITEM(#1630,#1635);
#1637=IFCSHAPEREPRESENTATION(#11,'Body','MappedRepresentation',(#1636));
#1638=IFCPRODUCTDEFINITIONSHAPE($,$,(#1637));
#1639=IFCRELVOIDSELEMENT('2ZxSTXIp53eAKqdfSlt6bo',$,$,$,#621,#1610);
#1645=IFCRELFILLSELEMENT('0wtVexszX6g82FjjzAnDCH',$,$,$,#1610,#1586);
#1654=IFCCARTESIANPOINTLIST2D(((0.,0.),(0.,2.),(0.95253956317901611,2.),(0.95253956317901611,0.),(0.92753956280648708,0.),(0.92753956280648708,1.974999999627471),(0.02500000037252903,1.974999999627471),(0.02500000037252903,0.)));
#1655=IFCINDEXEDPOLYCURVE(#1654,(IFCLINEINDEX((1,2,3,4,5,6,7,8,1))),$);
#1656=IFCARBITRARYCLOSEDPROFILEDEF(.AREA.,$,#1655);
#1657=IFCCARTESIANPOINT((0.,0.02500000037252903,0.));
#1658=IFCDIRECTION((0.,-1.,0.));
#1659=IFCDIRECTION((1.,0.,0.));
#1660=IFCAXIS2PLACEMENT3D(#1657,#1658,#1659);
#1661=IFCDIRECTION((0.,0.,-1.));
#1662=IFCEXTRUDEDAREASOLID(#1656,#1660,#1661,0.02500000037252903);
#1663=IFCCARTESIANPOINTLIST2D(((0.,0.),(0.,2.),(0.95253956317901611,2.),(0.95253956317901611,0.),(0.90253956243395805,0.),(0.90253956243395805,1.9499999992549419),(0.05000000074505806,1.9499999992549419),(0.05000000074505806,0.)));
#1664=IFCINDEXEDPOLYCURVE(#1663,(IFCLINEINDEX((1,2,3,4,5,6,7,8,1))),$);
#1665=IFCARBITRARYCLOSEDPROFILEDEF(.AREA.,$,#1664);
#1666=IFCCARTESIANPOINT((0.,0.,0.));
#1667=IFCDIRECTION((0.,-1.,0.));
#1668=IFCDIRECTION((1.,0.,0.));
#1669=IFCAXIS2PLACEMENT3D(#1666,#1667,#1668);
#1670=IFCDIRECTION((0.,0.,-1.));
#1671=IFCEXTRUDEDAREASOLID(#1665,#1669,#1670,0.02500000037252903);
#1672=IFCCARTESIANPOINTLIST2D(((0.,0.),(0.85253956168889999,0.),(0.85253956168889999,0.10000000149011612),(0.,0.10000000149011612)));
#1673=IFCINDEXEDPOLYCURVE(#1672,(IFCLINEINDEX((1,2,3,4,1))),$);
#1674=IFCARBITRARYCLOSEDPROFILEDEF(.AREA.,$,#1673);
#1675=IFCCARTESIANPOINT((0.05000000074505806,0.,0.));
#1676=IFCDIRECTION((0.,0.,1.));
#1677=IFCDIRECTION((1.,0.,0.));
#1678=IFCAXIS2PLACEMENT3D(#1675,#1676,#1677);
#1679=IFCDIRECTION((0.,0.,1.));
#1680=IFCEXTRUDEDAREASOLID(#1674,#1678,#1679,0.02500000037252903);
#1681=IFCCARTESIANPOINTLIST2D(((0.,0.),(0.,2.0250000022351742),(1.0025395676493645,2.0250000022351742),(1.0025395676493645,0.),(0.92753956466913223,0.),(0.92753956466913223,1.9499999992549419),(0.075000002980232239,1.9499999992549419),(0.075000002980232239,0.)));
#1682=IFCINDEXEDPOLYCURVE(#1681,(IFCLINEINDEX((1,2,3,4,5,6,7,8,1))),$);
#1683=IFCARBITRARYCLOSEDPROFILEDEF(.AREA.,$,#1682);
#1684=IFCCARTESIANPOINT((-0.025000002235174179,-0.004999999888241291,0.));
#1685=IFCDIRECTION((0.,-1.,0.));
#1686=IFCDIRECTION((1.,0.,0.));
#1687=IFCAXIS2PLACEMENT3D(#1684,#1685,#1686);
#1688=IFCDIRECTION((0.,0.,-1.));
#1689=IFCEXTRUDEDAREASOLID(#1683,#1687,#1688,0.004999999888241291);
#1690=IFCCARTESIANPOINTLIST2D(((0.,0.),(0.,2.0250000022351742),(1.0025395676493645,2.0250000022351742),(1.0025395676493645,0.),(0.95253956504166126,0.),(0.95253956504166126,1.974999999627471),(0.050000002607703209,1.974999999627471),(0.050000002607703209,0.)));
#1691=IFCINDEXEDPOLYCURVE(#1690,(IFCLINEINDEX((1,2,3,4,5,6,7,8,1))),$);
#1692=IFCARBITRARYCLOSEDPROFILEDEF(.AREA.,$,#1691);
#1693=IFCCARTESIANPOINT((-0.025000002235174179,0.05000000074505806,0.));
#1694=IFCDIRECTION((0.,-1.,0.));
#1695=IFCDIRECTION((1.,0.,0.));
#1696=IFCAXIS2PLACEMENT3D(#1693,#1694,#1695);
#1697=IFCDIRECTION((0.,0.,-1.));
#1698=IFCEXTRUDEDAREASOLID(#1692,#1696,#1697,0.004999999888241291);
#1699=IFCCARTESIANPOINTLIST2D(((0.,0.),(0.90253956243395805,0.),(0.90253956243395805,0.035000000149011612),(0.,0.035000000149011612)));
#1700=IFCINDEXEDPOLYCURVE(#1699,(IFCLINEINDEX((1,2,3,4,1))),$);
#1701=IFCARBITRARYCLOSEDPROFILEDEF(.AREA.,$,#1700);
#1702=IFCCARTESIANPOINT((0.02500000037252903,0.02500000037252903,0.02500000037252903));
#1703=IFCDIRECTION((0.,0.,1.));
#1704=IFCDIRECTION((1.,0.,0.));
#1705=IFCAXIS2PLACEMENT3D(#1702,#1703,#1704);
#1706=IFCDIRECTION((0.,0.,1.));
#1707=IFCEXTRUDEDAREASOLID(#1701,#1705,#1706,1.9499999992549419);
#1708=IFCCARTESIANPOINTLIST2D(((0.,0.),(0.,-0.040000000000000001),(-0.11999999999999988,-0.040000000000000001),(-0.11999999999999988,-0.02),(-0.020000000000000018,-0.02),(-0.020000000000000018,0.)));
#1709=IFCINDEXEDPOLYCURVE(#1708,(IFCLINEINDEX((1,2,3,4,5,6,1))),$);
#1710=IFCARBITRARYCLOSEDPROFILEDEF(.AREA.,$,#1709);
#1711=IFCCARTESIANPOINT((0.87753956280648704,0.02500000037252903,1.015000000372529));
#1712=IFCDIRECTION((0.,0.,1.));
#1713=IFCDIRECTION((1.,0.,0.));
#1714=IFCAXIS2PLACEMENT3D(#1711,#1712,#1713);
#1715=IFCDIRECTION((0.,0.,1.));
#1716=IFCEXTRUDEDAREASOLID(#1710,#1714,#1715,0.02);
#1717=IFCEXTRUDEDAREASOLID(#1718,#1721,#1725,0.02);
#1718=IFCARBITRARYCLOSEDPROFILEDEF(.AREA.,$,#1719);
#1719=IFCINDEXEDPOLYCURVE(#1720,(IFCLINEINDEX((1,2,3,4,5,6,1))),$);
#1720=IFCCARTESIANPOINTLIST2D(((0.,0.),(0.,0.040000000000000008),(-0.11999999999999988,0.040000000000000008),(-0.11999999999999988,0.020000000000000004),(-0.020000000000000018,0.020000000000000004),(-0.020000000000000018,0.)));
#1721=IFCAXIS2PLACEMENT3D(#1722,#1723,#1724);
#1722=IFCCARTESIANPOINT((0.87753956280648704,0.060000000521540642,1.015000000372529));
#1723=IFCDIRECTION((0.,0.,1.));
#1724=IFCDIRECTION((1.,0.,0.));
#1725=IFCDIRECTION((0.,0.,1.));
#1727=IFCSHAPEREPRESENTATION(#11,'Body','SweptSolid',(#1662,#1799,#1938,#1911,#1920,#1817,#1698,#1671,#1790,#1929,#1781,#1689,#1808,#1947,#1680));
#1728=IFCSHAPEASPECT((#1727),'Lining',$,.T.,#1595);
#1729=IFCSHAPEREPRESENTATION(#11,'Body','SweptSolid',(#1717,#1707,#1965,#1966,#1956,#1835,#1716,#1836,#1826));
#1730=IFCSHAPEASPECT((#1729),'Framing',$,.T.,#1595);
#1773=IFCCARTESIANPOINTLIST2D(((0.,0.),(0.,2.),(0.95253956317901611,2.),(0.95253956317901611,0.),(0.92753956280648708,0.),(0.92753956280648708,1.974999999627471),(0.02500000037252903,1.974999999627471),(0.02500000037252903,0.)));
#1774=IFCINDEXEDPOLYCURVE(#1773,(IFCLINEINDEX((1,2,3,4,5,6,7,8,1))),$);
#1775=IFCARBITRARYCLOSEDPROFILEDEF(.AREA.,$,#1774);
#1776=IFCCARTESIANPOINT((0.,0.02500000037252903,0.));
#1777=IFCDIRECTION((0.,-1.,0.));
#1778=IFCDIRECTION((1.,0.,0.));
#1779=IFCAXIS2PLACEMENT3D(#1776,#1777,#1778);
#1780=IFCDIRECTION((0.,0.,-1.));
#1781=IFCEXTRUDEDAREASOLID(#1775,#1779,#1780,0.02500000037252903);
#1782=IFCCARTESIANPOINTLIST2D(((0.,0.),(0.,2.),(0.95253956317901611,2.),(0.95253956317901611,0.),(0.90253956243395805,0.),(0.90253956243395805,1.9499999992549419),(0.05000000074505806,1.9499999992549419),(0.05000000074505806,0.)));
#1783=IFCINDEXEDPOLYCURVE(#1782,(IFCLINEINDEX((1,2,3,4,5,6,7,8,1))),$);
#1784=IFCARBITRARYCLOSEDPROFILEDEF(.AREA.,$,#1783);
#1785=IFCCARTESIANPOINT((0.,0.,0.));
#1786=IFCDIRECTION((0.,-1.,0.));
#1787=IFCDIRECTION((1.,0.,0.));
#1788=IFCAXIS2PLACEMENT3D(#1785,#1786,#1787);
#1789=IFCDIRECTION((0.,0.,-1.));
#1790=IFCEXTRUDEDAREASOLID(#1784,#1788,#1789,0.02500000037252903);
#1791=IFCCARTESIANPOINTLIST2D(((0.,0.),(0.85253956168889999,0.),(0.85253956168889999,0.10000000149011612),(0.,0.10000000149011612)));
#1792=IFCINDEXEDPOLYCURVE(#1791,(IFCLINEINDEX((1,2,3,4,1))),$);
#1793=IFCARBITRARYCLOSEDPROFILEDEF(.AREA.,$,#1792);
#1794=IFCCARTESIANPOINT((0.05000000074505806,0.,0.));
#1795=IFCDIRECTION((0.,0.,1.));
#1796=IFCDIRECTION((1.,0.,0.));
#1797=IFCAXIS2PLACEMENT3D(#1794,#1795,#1796);
#1798=IFCDIRECTION((0.,0.,1.));
#1799=IFCEXTRUDEDAREASOLID(#1793,#1797,#1798,0.02500000037252903);
#1800=IFCCARTESIANPOINTLIST2D(((0.,0.),(0.,2.0250000022351742),(1.0025395676493645,2.0250000022351742),(1.0025395676493645,0.),(0.92753956466913223,0.),(0.92753956466913223,1.9499999992549419),(0.075000002980232239,1.9499999992549419),(0.075000002980232239,0.)));
#1801=IFCINDEXEDPOLYCURVE(#1800,(IFCLINEINDEX((1,2,3,4,5,6,7,8,1))),$);
#1802=IFCARBITRARYCLOSEDPROFILEDEF(.AREA.,$,#1801);
#1803=IFCCARTESIANPOINT((-0.025000002235174179,-0.004999999888241291,0.));
#1804=IFCDIRECTION((0.,-1.,0.));
#1805=IFCDIRECTION((1.,0.,0.));
#1806=IFCAXIS2PLACEMENT3D(#1803,#1804,#1805);
#1807=IFCDIRECTION((0.,0.,-1.));
#1808=IFCEXTRUDEDAREASOLID(#1802,#1806,#1807,0.004999999888241291);
#1809=IFCCARTESIANPOINTLIST2D(((0.,0.),(0.,2.0250000022351742),(1.0025395676493645,2.0250000022351742),(1.0025395676493645,0.),(0.95253956504166126,0.),(0.95253956504166126,1.974999999627471),(0.050000002607703209,1.974999999627471),(0.050000002607703209,0.)));
#1810=IFCINDEXEDPOLYCURVE(#1809,(IFCLINEINDEX((1,2,3,4,5,6,7,8,1))),$);
#1811=IFCARBITRARYCLOSEDPROFILEDEF(.AREA.,$,#1810);
#1812=IFCCARTESIANPOINT((-0.025000002235174179,0.05000000074505806,0.));
#1813=IFCDIRECTION((0.,-1.,0.));
#1814=IFCDIRECTION((1.,0.,0.));
#1815=IFCAXIS2PLACEMENT3D(#1812,#1813,#1814);
#1816=IFCDIRECTION((0.,0.,-1.));
#1817=IFCEXTRUDEDAREASOLID(#1811,#1815,#1816,0.004999999888241291);
#1818=IFCCARTESIANPOINTLIST2D(((0.,0.),(0.90253956243395805,0.),(0.90253956243395805,0.035000000149011612),(0.,0.035000000149011612)));
#1819=IFCINDEXEDPOLYCURVE(#1818,(IFCLINEINDEX((1,2,3,4,1))),$);
#1820=IFCARBITRARYCLOSEDPROFILEDEF(.AREA.,$,#1819);
#1821=IFCCARTESIANPOINT((0.02500000037252903,0.02500000037252903,0.02500000037252903));
#1822=IFCDIRECTION((0.,0.,1.));
#1823=IFCDIRECTION((1.,0.,0.));
#1824=IFCAXIS2PLACEMENT3D(#1821,#1822,#1823);
#1825=IFCDIRECTION((0.,0.,1.));
#1826=IFCEXTRUDEDAREASOLID(#1820,#1824,#1825,1.9499999992549419);
#1827=IFCCARTESIANPOINTLIST2D(((0.,0.),(0.,-0.040000000000000001),(-0.11999999999999988,-0.040000000000000001),(-0.11999999999999988,-0.02),(-0.020000000000000018,-0.02),(-0.020000000000000018,0.)));
#1828=IFCINDEXEDPOLYCURVE(#1827,(IFCLINEINDEX((1,2,3,4,5,6,1))),$);
#1829=IFCARBITRARYCLOSEDPROFILEDEF(.AREA.,$,#1828);
#1830=IFCCARTESIANPOINT((0.87753956280648704,0.02500000037252903,1.015000000372529));
#1831=IFCDIRECTION((0.,0.,1.));
#1832=IFCDIRECTION((1.,0.,0.));
#1833=IFCAXIS2PLACEMENT3D(#1830,#1831,#1832);
#1834=IFCDIRECTION((0.,0.,1.));
#1835=IFCEXTRUDEDAREASOLID(#1829,#1833,#1834,0.02);
#1836=IFCEXTRUDEDAREASOLID(#1837,#1840,#1844,0.02);
#1837=IFCARBITRARYCLOSEDPROFILEDEF(.AREA.,$,#1838);
#1838=IFCINDEXEDPOLYCURVE(#1839,(IFCLINEINDEX((1,2,3,4,5,6,1))),$);
#1839=IFCCARTESIANPOINTLIST2D(((0.,0.),(0.,0.040000000000000008),(-0.11999999999999988,0.040000000000000008),(-0.11999999999999988,0.020000000000000004),(-0.020000000000000018,0.020000000000000004),(-0.020000000000000018,0.)));
#1840=IFCAXIS2PLACEMENT3D(#1841,#1842,#1843);
#1841=IFCCARTESIANPOINT((0.87753956280648704,0.060000000521540642,1.015000000372529));
#1842=IFCDIRECTION((0.,0.,1.));
#1843=IFCDIRECTION((1.,0.,0.));
#1844=IFCDIRECTION((0.,0.,1.));
#1900=IFCCARTESIANPOINTLIST3D(((0.,0.,0.),(0.95253956317901611,0.,0.),(0.95253956317901611,0.,2.),(0.,0.,2.)));
#1901=IFCINDEXEDPOLYCURVE(#1900,(IFCLINEINDEX((1,2,3,4,1))),$);
#1902=IFCSHAPEREPRESENTATION(#18,'Profile','Curve3D',(#1901));
#1903=IFCCARTESIANPOINTLIST2D(((0.,0.),(0.,2.),(0.95253956317901611,2.),(0.95253956317901611,0.),(0.92753956280648708,0.),(0.92753956280648708,1.974999999627471),(0.02500000037252903,1.974999999627471),(0.02500000037252903,0.)));
#1904=IFCINDEXEDPOLYCURVE(#1903,(IFCLINEINDEX((1,2,3,4,5,6,7,8,1))),$);
#1905=IFCARBITRARYCLOSEDPROFILEDEF(.AREA.,$,#1904);
#1906=IFCCARTESIANPOINT((0.,0.02500000037252903,0.));
#1907=IFCDIRECTION((0.,-1.,0.));
#1908=IFCDIRECTION((1.,0.,0.));
#1909=IFCAXIS2PLACEMENT3D(#1906,#1907,#1908);
#1910=IFCDIRECTION((0.,0.,-1.));
#1911=IFCEXTRUDEDAREASOLID(#1905,#1909,#1910,0.02500000037252903);
#1912=IFCCARTESIANPOINTLIST2D(((0.,0.),(0.,2.),(0.95253956317901611,2.),(0.95253956317901611,0.),(0.90253956243395805,0.),(0.90253956243395805,1.9499999992549419),(0.05000000074505806,1.9499999992549419),(0.05000000074505806,0.)));
#1913=IFCINDEXEDPOLYCURVE(#1912,(IFCLINEINDEX((1,2,3,4,5,6,7,8,1))),$);
#1914=IFCARBITRARYCLOSEDPROFILEDEF(.AREA.,$,#1913);
#1915=IFCCARTESIANPOINT((0.,0.,0.));
#1916=IFCDIRECTION((0.,-1.,0.));
#1917=IFCDIRECTION((1.,0.,0.));
#1918=IFCAXIS2PLACEMENT3D(#1915,#1916,#1917);
#1919=IFCDIRECTION((0.,0.,-1.));
#1920=IFCEXTRUDEDAREASOLID(#1914,#1918,#1919,0.02500000037252903);
#1921=IFCCARTESIANPOINTLIST2D(((0.,0.),(0.85253956168889999,0.),(0.85253956168889999,0.10000000149011612),(0.,0.10000000149011612)));
#1922=IFCINDEXEDPOLYCURVE(#1921,(IFCLINEINDEX((1,2,3,4,1))),$);
#1923=IFCARBITRARYCLOSEDPROFILEDEF(.AREA.,$,#1922);
#1924=IFCCARTESIANPOINT((0.05000000074505806,0.,0.));
#1925=IFCDIRECTION((0.,0.,1.));
#1926=IFCDIRECTION((1.,0.,0.));
#1927=IFCAXIS2PLACEMENT3D(#1924,#1925,#1926);
#1928=IFCDIRECTION((0.,0.,1.));
#1929=IFCEXTRUDEDAREASOLID(#1923,#1927,#1928,0.02500000037252903);
#1930=IFCCARTESIANPOINTLIST2D(((0.,0.),(0.,2.0250000022351742),(1.0025395676493645,2.0250000022351742),(1.0025395676493645,0.),(0.92753956466913223,0.),(0.92753956466913223,1.9499999992549419),(0.075000002980232239,1.9499999992549419),(0.075000002980232239,0.)));
#1931=IFCINDEXEDPOLYCURVE(#1930,(IFCLINEINDEX((1,2,3,4,5,6,7,8,1))),$);
#1932=IFCARBITRARYCLOSEDPROFILEDEF(.AREA.,$,#1931);
#1933=IFCCARTESIANPOINT((-0.025000002235174179,-0.004999999888241291,0.));
#1934=IFCDIRECTION((0.,-1.,0.));
#1935=IFCDIRECTION((1.,0.,0.));
#1936=IFCAXIS2PLACEMENT3D(#1933,#1934,#1935);
#1937=IFCDIRECTION((0.,0.,-1.));
#1938=IFCEXTRUDEDAREASOLID(#1932,#1936,#1937,0.004999999888241291);
#1939=IFCCARTESIANPOINTLIST2D(((0.,0.),(0.,2.0250000022351742),(1.0025395676493645,2.0250000022351742),(1.0025395676493645,0.),(0.95253956504166126,0.),(0.95253956504166126,1.974999999627471),(0.050000002607703209,1.974999999627471),(0.050000002607703209,0.)));
#1940=IFCINDEXEDPOLYCURVE(#1939,(IFCLINEINDEX((1,2,3,4,5,6,7,8,1))),$);
#1941=IFCARBITRARYCLOSEDPROFILEDEF(.AREA.,$,#1940);
#1942=IFCCARTESIANPOINT((-0.025000002235174179,0.05000000074505806,0.));
#1943=IFCDIRECTION((0.,-1.,0.));
#1944=IFCDIRECTION((1.,0.,0.));
#1945=IFCAXIS2PLACEMENT3D(#1942,#1943,#1944);
#1946=IFCDIRECTION((0.,0.,-1.));
#1947=IFCEXTRUDEDAREASOLID(#1941,#1945,#1946,0.004999999888241291);
#1948=IFCCARTESIANPOINTLIST2D(((0.,0.),(0.90253956243395805,0.),(0.90253956243395805,0.035000000149011612),(0.,0.035000000149011612)));
#1949=IFCINDEXEDPOLYCURVE(#1948,(IFCLINEINDEX((1,2,3,4,1))),$);
#1950=IFCARBITRARYCLOSEDPROFILEDEF(.AREA.,$,#1949);
#1951=IFCCARTESIANPOINT((0.02500000037252903,0.02500000037252903,0.02500000037252903));
#1952=IFCDIRECTION((0.,0.,1.));
#1953=IFCDIRECTION((1.,0.,0.));
#1954=IFCAXIS2PLACEMENT3D(#1951,#1952,#1953);
#1955=IFCDIRECTION((0.,0.,1.));
#1956=IFCEXTRUDEDAREASOLID(#1950,#1954,#1955,1.9499999992549419);
#1957=IFCCARTESIANPOINTLIST2D(((0.,0.),(0.,-0.040000000000000001),(0.12,-0.040000000000000001),(0.12,-0.02),(0.02,-0.02),(0.02,0.)));
#1958=IFCINDEXEDPOLYCURVE(#1957,(IFCLINEINDEX((1,2,3,4,5,6,1))),$);
#1959=IFCARBITRARYCLOSEDPROFILEDEF(.AREA.,$,#1958);
#1960=IFCCARTESIANPOINT((0.075000000372529033,0.02500000037252903,1.015000000372529));
#1961=IFCDIRECTION((0.,0.,1.));
#1962=IFCDIRECTION((1.,0.,0.));
#1963=IFCAXIS2PLACEMENT3D(#1960,#1961,#1962);
#1964=IFCDIRECTION((0.,0.,1.));
#1965=IFCEXTRUDEDAREASOLID(#1959,#1963,#1964,0.02);
#1966=IFCEXTRUDEDAREASOLID(#1967,#1970,#1974,0.02);
#1967=IFCARBITRARYCLOSEDPROFILEDEF(.AREA.,$,#1968);
#1968=IFCINDEXEDPOLYCURVE(#1969,(IFCLINEINDEX((1,2,3,4,5,6,1))),$);
#1969=IFCCARTESIANPOINTLIST2D(((0.,0.),(0.,0.040000000000000008),(0.11999999999999998,0.040000000000000008),(0.11999999999999998,0.020000000000000004),(0.020000000000000004,0.020000000000000004),(0.020000000000000004,0.)));
#1970=IFCAXIS2PLACEMENT3D(#1971,#1972,#1973);
#1971=IFCCARTESIANPOINT((0.075000000372529033,0.060000000521540642,1.015000000372529));
#1972=IFCDIRECTION((0.,0.,1.));
#1973=IFCDIRECTION((1.,0.,0.));
#1974=IFCDIRECTION((0.,0.,1.));
#1975=IFCSHAPEREPRESENTATION(#11,'Body','SweptSolid',(#1911,#1920,#1956,#1965,#1966,#1929,#1938,#1947));
#1976=IFCCARTESIANPOINTLIST2D(((0.,0.),(0.,0.05000000074505806),(0.02500000037252903,0.05000000074505806),(0.02500000037252903,0.02500000037252903),(0.05000000074505806,0.02500000037252903),(0.05000000074505806,0.)));
#1977=IFCINDEXEDPOLYCURVE(#1976,(IFCLINEINDEX((1,2,3,4,5,6,1))),$);
#1978=IFCINDEXEDPOLYCURVE(#1979,(IFCLINEINDEX((1,2,3,4,5,6,1))),$);
#1979=IFCCARTESIANPOINTLIST2D(((0.95253956317901611,0.),(0.95253956317901611,0.05000000074505806),(0.92753956280648708,0.05000000074505806),(0.92753956280648708,0.02500000037252903),(0.90253956243395805,0.02500000037252903),(0.90253956243395805,0.)));
#1980=IFCDIRECTION((1.,0.));
#1981=IFCCARTESIANPOINT((0.89253956265747547,0.05000000074505806));
#1982=IFCAXIS2PLACEMENT2D(#1981,#1980);
#1983=IFCELLIPSE(#1982,0.86753956228494644,0.90253956243395805);
#1984=IFCCARTESIANPOINT((0.89253956265747547,0.95253956317901611));
#1985=IFCCARTESIANPOINT((0.02500000037252903,0.05000000074505806));
#1986=IFCTRIMMEDCURVE(#1983,(#1984),(#1985),.T.,.CARTESIAN.);
#1987=IFCCARTESIANPOINTLIST2D(((0.92753956280648708,0.05000000074505806),(0.89253956265747547,0.05000000074505806),(0.89253956265747547,0.95253956317901611),(0.92753956280648708,0.95253956317901611)));
#1988=IFCINDEXEDPOLYCURVE(#1987,(IFCLINEINDEX((1,2,3,4,1))),$);
#1989=IFCSHAPEREPRESENTATION(#24,'Body','Curve2D',(#1977,#1978,#1986,#1988));
#1990=IFCCARTESIANPOINTLIST2D(((0.,0.),(0.95253956317901611,0.),(0.95253956317901611,2.),(0.,2.)));
#1991=IFCINDEXEDPOLYCURVE(#1990,(IFCLINEINDEX((1,2,3,4,1))),$);
#1992=IFCARBITRARYCLOSEDPROFILEDEF(.AREA.,$,#1991);
#1993=IFCCARTESIANPOINT((0.,-0.60000002384185791,0.));
#1994=IFCDIRECTION((0.,-1.,0.));
#1995=IFCDIRECTION((1.,0.,0.));
#1996=IFCAXIS2PLACEMENT3D(#1993,#1994,#1995);
#1997=IFCDIRECTION((0.,0.,-1.));
#1998=IFCEXTRUDEDAREASOLID(#1992,#1996,#1997,1.2);
#1999=IFCSHAPEREPRESENTATION(#11,'Body','SweptSolid',(#1998));
#2005=IFCCARTESIANPOINT((1.4266916837394337,0.015000182814080387,0.));
#2006=IFCDIRECTION((0.,0.,1.));
#2007=IFCDIRECTION((0.99999999999997147,-2.384185719961227E-07,0.));
#2008=IFCAXIS2PLACEMENT3D(#2005,#2006,#2007);
#2009=IFCLOCALPLACEMENT(#632,#2008);
#2010=IFCCARTESIANPOINT((4.4408920985006262E-16,-5.5511151231257827E-17,0.));
#2011=IFCDIRECTION((0.,0.,1.));
#2012=IFCDIRECTION((1.,5.2939559203393771E-23,0.));
#2013=IFCAXIS2PLACEMENT3D(#2010,#2011,#2012);
#2014=IFCLOCALPLACEMENT(#2009,#2013);
#2015=IFCDOORTYPE('1XyPtHPVP2wgT9BO40mxbL',$,'Bathroom-GF',$,$,(#2016),(#2018,#2026,#2104),$,$,.DOOR.,.SINGLE_SWING_LEFT.,$,$);
#2016=IFCPROPERTYSET('2UIVpxg3v7bultDvk1je0p',$,'BBIM_Door',$,(#2017));
#2017=IFCPROPERTYSINGLEVALUE('Data',$,IFCTEXT('{"door_type": "SINGLE_SWING_LEFT", "overall_height": 2.0, "overall_width": 0.7843610048294067, "lining_properties": {"lining_depth": 0.05000000074505806, "lining_thickness": 0.05000000074505806, "lining_offset": 0.0, "lining_to_panel_offset_x": 0.02500000037252903, "lining_to_panel_offset_y": 0.02500000037252903, "transom_thickness": 0.0, "casing_thickness": 0.0, "threshold_thickness": 0.02500000037252903, "threshold_depth": 0.10000000149011612, "threshold_offset": 0.0}, "panel_properties": {"panel_depth": 0.03500000014901161, "panel_width_ratio": 1.0}}'),$);
#2018=IFCREPRESENTATIONMAP(#2019,#2848);
#2019=IFCAXIS2PLACEMENT3D(#2020,#2021,#2022);
#2020=IFCCARTESIANPOINT((0.,0.,0.));
#2021=IFCDIRECTION((0.,0.,1.));
#2022=IFCDIRECTION((1.,0.,0.));
#2026=IFCREPRESENTATIONMAP(#2027,#2903);
#2027=IFCAXIS2PLACEMENT3D(#2028,#2029,#2030);
#2028=IFCCARTESIANPOINT((0.,0.,0.));
#2029=IFCDIRECTION((0.,0.,1.));
#2030=IFCDIRECTION((1.,0.,0.));
#2104=IFCREPRESENTATIONMAP(#2105,#2917);
#2105=IFCAXIS2PLACEMENT3D(#2106,#2107,#2108);
#2106=IFCCARTESIANPOINT((0.,0.,0.));
#2107=IFCDIRECTION((0.,0.,1.));
#2108=IFCDIRECTION((1.,0.,0.));
#2123=IFCDOOR('0rtgzxj6D8qAcwCwA1qWgL',$,'Door',$,$,#2942,#2132,$,2.,0.78436100482940674,$,.SINGLE_SWING_LEFT.,$);
#2124=IFCRELDEFINESBYTYPE('2JoPU7itPBXvuXD_yKdOP9',$,$,$,(#2123),#2015);
#2125=IFCCARTESIANPOINT((0.,0.,0.));
#2126=IFCDIRECTION((1.,0.,0.));
#2127=IFCDIRECTION((0.,1.,0.));
#2128=IFCDIRECTION((0.,0.,1.));
#2129=IFCCARTESIANTRANSFORMATIONOPERATOR3D(#2126,#2127,#2125,1.,#2128);
#2130=IFCMAPPEDITEM(#2018,#2129);
#2131=IFCSHAPEREPRESENTATION(#18,'Profile','MappedRepresentation',(#2130));
#2132=IFCPRODUCTDEFINITIONSHAPE($,$,(#2131,#2139,#2146));
#2133=IFCCARTESIANPOINT((0.,0.,0.));
#2134=IFCDIRECTION((1.,0.,0.));
#2135=IFCDIRECTION((0.,1.,0.));
#2136=IFCDIRECTION((0.,0.,1.));
#2137=IFCCARTESIANTRANSFORMATIONOPERATOR3D(#2134,#2135,#2133,1.,#2136);
#2138=IFCMAPPEDITEM(#2026,#2137);
#2139=IFCSHAPEREPRESENTATION(#11,'Body','MappedRepresentation',(#2138));
#2140=IFCCARTESIANPOINT((0.,0.,0.));
#2141=IFCDIRECTION((1.,0.,0.));
#2142=IFCDIRECTION((0.,1.,0.));
#2143=IFCDIRECTION((0.,0.,1.));
#2144=IFCCARTESIANTRANSFORMATIONOPERATOR3D(#2141,#2142,#2140,1.,#2143);
#2145=IFCMAPPEDITEM(#2104,#2144);
#2146=IFCSHAPEREPRESENTATION(#24,'Body','MappedRepresentation',(#2145));
#2147=IFCOPENINGELEMENT('1x9Pmo1QP1VObQHT4tPQCf',$,'Opening',$,$,#2937,#2175,$,.OPENING.);
#2163=IFCCARTESIANPOINT((0.,0.,0.));
#2164=IFCDIRECTION((1.,0.,0.));
#2165=IFCDIRECTION((0.,0.,1.));
#2166=IFCAXIS2PLACEMENT3D(#2163,#2165,#2164);
#2167=IFCREPRESENTATIONMAP(#2166,#2927);
#2168=IFCCARTESIANPOINT((0.,0.,0.));
#2169=IFCDIRECTION((1.,0.,0.));
#2170=IFCDIRECTION((0.,1.,0.));
#2171=IFCDIRECTION((0.,0.,1.));
#2172=IFCCARTESIANTRANSFORMATIONOPERATOR3D(#2169,#2170,#2168,1.,#2171);
#2173=IFCMAPPEDITEM(#2167,#2172);
#2174=IFCSHAPEREPRESENTATION(#11,'Body','MappedRepresentation',(#2173));
#2175=IFCPRODUCTDEFINITIONSHAPE($,$,(#2174));
#2176=IFCRELVOIDSELEMENT('3HWhsfXjH17PLu$rXmQ8GF',$,$,$,#756,#2147);
#2182=IFCRELFILLSELEMENT('0ZH$Tp_BPDufseC0Rlfih8',$,$,$,#2147,#2123);
#2191=IFCCARTESIANPOINTLIST2D(((0.,0.),(0.,2.),(0.78496253490447998,2.),(0.78496253490447998,0.),(0.75996253453195095,0.),(0.75996253453195095,1.974999999627471),(0.02500000037252903,1.974999999627471),(0.02500000037252903,0.)));
#2192=IFCINDEXEDPOLYCURVE(#2191,(IFCLINEINDEX((1,2,3,4,5,6,7,8,1))),$);
#2193=IFCARBITRARYCLOSEDPROFILEDEF(.AREA.,$,#2192);
#2194=IFCCARTESIANPOINT((0.,0.02500000037252903,0.));
#2195=IFCDIRECTION((0.,-1.,0.));
#2196=IFCDIRECTION((1.,0.,0.));
#2197=IFCAXIS2PLACEMENT3D(#2194,#2195,#2196);
#2198=IFCDIRECTION((0.,0.,-1.));
#2199=IFCEXTRUDEDAREASOLID(#2193,#2197,#2198,0.02500000037252903);
#2200=IFCCARTESIANPOINTLIST2D(((0.,0.),(0.,2.),(0.78496253490447998,2.),(0.78496253490447998,0.),(0.73496253415942192,0.),(0.73496253415942192,1.9499999992549419),(0.05000000074505806,1.9499999992549419),(0.05000000074505806,0.)));
#2201=IFCINDEXEDPOLYCURVE(#2200,(IFCLINEINDEX((1,2,3,4,5,6,7,8,1))),$);
#2202=IFCARBITRARYCLOSEDPROFILEDEF(.AREA.,$,#2201);
#2203=IFCCARTESIANPOINT((0.,0.,0.));
#2204=IFCDIRECTION((0.,-1.,0.));
#2205=IFCDIRECTION((1.,0.,0.));
#2206=IFCAXIS2PLACEMENT3D(#2203,#2204,#2205);
#2207=IFCDIRECTION((0.,0.,-1.));
#2208=IFCEXTRUDEDAREASOLID(#2202,#2206,#2207,0.02500000037252903);
#2209=IFCCARTESIANPOINTLIST2D(((0.,0.),(0.68496253341436386,0.),(0.68496253341436386,0.10000000149011612),(0.,0.10000000149011612)));
#2210=IFCINDEXEDPOLYCURVE(#2209,(IFCLINEINDEX((1,2,3,4,1))),$);
#2211=IFCARBITRARYCLOSEDPROFILEDEF(.AREA.,$,#2210);
#2212=IFCCARTESIANPOINT((0.05000000074505806,0.,0.));
#2213=IFCDIRECTION((0.,0.,1.));
#2214=IFCDIRECTION((1.,0.,0.));
#2215=IFCAXIS2PLACEMENT3D(#2212,#2213,#2214);
#2216=IFCDIRECTION((0.,0.,1.));
#2217=IFCEXTRUDEDAREASOLID(#2211,#2215,#2216,0.02500000037252903);
#2218=IFCCARTESIANPOINTLIST2D(((0.,0.),(0.,2.0250000022351742),(0.83496253937482834,2.0250000022351742),(0.83496253937482834,0.),(0.7599625363945961,0.),(0.7599625363945961,1.9499999992549419),(0.075000002980232239,1.9499999992549419),(0.075000002980232239,0.)));
#2219=IFCINDEXEDPOLYCURVE(#2218,(IFCLINEINDEX((1,2,3,4,5,6,7,8,1))),$);
#2220=IFCARBITRARYCLOSEDPROFILEDEF(.AREA.,$,#2219);
#2221=IFCCARTESIANPOINT((-0.025000002235174179,-0.004999999888241291,0.));
#2222=IFCDIRECTION((0.,-1.,0.));
#2223=IFCDIRECTION((1.,0.,0.));
#2224=IFCAXIS2PLACEMENT3D(#2221,#2222,#2223);
#2225=IFCDIRECTION((0.,0.,-1.));
#2226=IFCEXTRUDEDAREASOLID(#2220,#2224,#2225,0.004999999888241291);
#2227=IFCCARTESIANPOINTLIST2D(((0.,0.),(0.,2.0250000022351742),(0.83496253937482834,2.0250000022351742),(0.83496253937482834,0.),(0.78496253676712513,0.),(0.78496253676712513,1.974999999627471),(0.050000002607703209,1.974999999627471),(0.050000002607703209,0.)));
#2228=IFCINDEXEDPOLYCURVE(#2227,(IFCLINEINDEX((1,2,3,4,5,6,7,8,1))),$);
#2229=IFCARBITRARYCLOSEDPROFILEDEF(.AREA.,$,#2228);
#2230=IFCCARTESIANPOINT((-0.025000002235174179,0.05000000074505806,0.));
#2231=IFCDIRECTION((0.,-1.,0.));
#2232=IFCDIRECTION((1.,0.,0.));
#2233=IFCAXIS2PLACEMENT3D(#2230,#2231,#2232);
#2234=IFCDIRECTION((0.,0.,-1.));
#2235=IFCEXTRUDEDAREASOLID(#2229,#2233,#2234,0.004999999888241291);
#2236=IFCCARTESIANPOINTLIST2D(((0.,0.),(0.73496253415942192,0.),(0.73496253415942192,0.035000000149011612),(0.,0.035000000149011612)));
#2237=IFCINDEXEDPOLYCURVE(#2236,(IFCLINEINDEX((1,2,3,4,1))),$);
#2238=IFCARBITRARYCLOSEDPROFILEDEF(.AREA.,$,#2237);
#2239=IFCCARTESIANPOINT((0.02500000037252903,0.02500000037252903,0.02500000037252903));
#2240=IFCDIRECTION((0.,0.,1.));
#2241=IFCDIRECTION((1.,0.,0.));
#2242=IFCAXIS2PLACEMENT3D(#2239,#2240,#2241);
#2243=IFCDIRECTION((0.,0.,1.));
#2244=IFCEXTRUDEDAREASOLID(#2238,#2242,#2243,1.9499999992549419);
#2245=IFCCARTESIANPOINTLIST2D(((0.,0.),(0.,-0.040000000000000001),(-0.11999999999999988,-0.040000000000000001),(-0.11999999999999988,-0.02),(-0.020000000000000018,-0.02),(-0.020000000000000018,0.)));
#2246=IFCINDEXEDPOLYCURVE(#2245,(IFCLINEINDEX((1,2,3,4,5,6,1))),$);
#2247=IFCARBITRARYCLOSEDPROFILEDEF(.AREA.,$,#2246);
#2248=IFCCARTESIANPOINT((0.70996253453195091,0.02500000037252903,1.015000000372529));
#2249=IFCDIRECTION((0.,0.,1.));
#2250=IFCDIRECTION((1.,0.,0.));
#2251=IFCAXIS2PLACEMENT3D(#2248,#2249,#2250);
#2252=IFCDIRECTION((0.,0.,1.));
#2253=IFCEXTRUDEDAREASOLID(#2247,#2251,#2252,0.02);
#2254=IFCEXTRUDEDAREASOLID(#2255,#2258,#2262,0.02);
#2255=IFCARBITRARYCLOSEDPROFILEDEF(.AREA.,$,#2256);
#2256=IFCINDEXEDPOLYCURVE(#2257,(IFCLINEINDEX((1,2,3,4,5,6,1))),$);
#2257=IFCCARTESIANPOINTLIST2D(((0.,0.),(0.,0.040000000000000008),(-0.11999999999999988,0.040000000000000008),(-0.11999999999999988,0.020000000000000004),(-0.020000000000000018,0.020000000000000004),(-0.020000000000000018,0.)));
#2258=IFCAXIS2PLACEMENT3D(#2259,#2260,#2261);
#2259=IFCCARTESIANPOINT((0.70996253453195091,0.060000000521540642,1.015000000372529));
#2260=IFCDIRECTION((0.,0.,1.));
#2261=IFCDIRECTION((1.,0.,0.));
#2262=IFCDIRECTION((0.,0.,1.));
#2264=IFCSHAPEREPRESENTATION(#11,'Body','SweptSolid',(#2575,#2345,#2663,#2442,#2566,#2336,#2469,#2857,#2327,#2226,#2217,#2557,#2433,#2875,#2778,#2208,#2866,#2199,#2451,#2548,#2318,#2769,#2460,#2672,#2681,#2760,#2584,#2354,#2235));
#2265=IFCSHAPEASPECT((#2264),'Lining',$,.T.,#2132);
#2266=IFCSHAPEREPRESENTATION(#11,'Body','SweptSolid',(#2488,#2893,#2478,#2796,#2699,#2894,#2797,#2884,#2787,#2700,#2372,#2253,#2373,#2603,#2244,#2602,#2690,#2593,#2254,#2363,#2487));
#2267=IFCSHAPEASPECT((#2266),'Framing',$,.T.,#2132);
#2310=IFCCARTESIANPOINTLIST2D(((0.,0.),(0.,2.),(0.78496253490447998,2.),(0.78496253490447998,0.),(0.75996253453195095,0.),(0.75996253453195095,1.974999999627471),(0.02500000037252903,1.974999999627471),(0.02500000037252903,0.)));
#2311=IFCINDEXEDPOLYCURVE(#2310,(IFCLINEINDEX((1,2,3,4,5,6,7,8,1))),$);
#2312=IFCARBITRARYCLOSEDPROFILEDEF(.AREA.,$,#2311);
#2313=IFCCARTESIANPOINT((0.,0.02500000037252903,0.));
#2314=IFCDIRECTION((0.,-1.,0.));
#2315=IFCDIRECTION((1.,0.,0.));
#2316=IFCAXIS2PLACEMENT3D(#2313,#2314,#2315);
#2317=IFCDIRECTION((0.,0.,-1.));
#2318=IFCEXTRUDEDAREASOLID(#2312,#2316,#2317,0.02500000037252903);
#2319=IFCCARTESIANPOINTLIST2D(((0.,0.),(0.,2.),(0.78496253490447998,2.),(0.78496253490447998,0.),(0.73496253415942192,0.),(0.73496253415942192,1.9499999992549419),(0.05000000074505806,1.9499999992549419),(0.05000000074505806,0.)));
#2320=IFCINDEXEDPOLYCURVE(#2319,(IFCLINEINDEX((1,2,3,4,5,6,7,8,1))),$);
#2321=IFCARBITRARYCLOSEDPROFILEDEF(.AREA.,$,#2320);
#2322=IFCCARTESIANPOINT((0.,0.,0.));
#2323=IFCDIRECTION((0.,-1.,0.));
#2324=IFCDIRECTION((1.,0.,0.));
#2325=IFCAXIS2PLACEMENT3D(#2322,#2323,#2324);
#2326=IFCDIRECTION((0.,0.,-1.));
#2327=IFCEXTRUDEDAREASOLID(#2321,#2325,#2326,0.02500000037252903);
#2328=IFCCARTESIANPOINTLIST2D(((0.,0.),(0.68496253341436386,0.),(0.68496253341436386,0.10000000149011612),(0.,0.10000000149011612)));
#2329=IFCINDEXEDPOLYCURVE(#2328,(IFCLINEINDEX((1,2,3,4,1))),$);
#2330=IFCARBITRARYCLOSEDPROFILEDEF(.AREA.,$,#2329);
#2331=IFCCARTESIANPOINT((0.05000000074505806,0.,0.));
#2332=IFCDIRECTION((0.,0.,1.));
#2333=IFCDIRECTION((1.,0.,0.));
#2334=IFCAXIS2PLACEMENT3D(#2331,#2332,#2333);
#2335=IFCDIRECTION((0.,0.,1.));
#2336=IFCEXTRUDEDAREASOLID(#2330,#2334,#2335,0.02500000037252903);
#2337=IFCCARTESIANPOINTLIST2D(((0.,0.),(0.,2.0250000022351742),(0.83496253937482834,2.0250000022351742),(0.83496253937482834,0.),(0.7599625363945961,0.),(0.7599625363945961,1.9499999992549419),(0.075000002980232239,1.9499999992549419),(0.075000002980232239,0.)));
#2338=IFCINDEXEDPOLYCURVE(#2337,(IFCLINEINDEX((1,2,3,4,5,6,7,8,1))),$);
#2339=IFCARBITRARYCLOSEDPROFILEDEF(.AREA.,$,#2338);
#2340=IFCCARTESIANPOINT((-0.025000002235174179,-0.004999999888241291,0.));
#2341=IFCDIRECTION((0.,-1.,0.));
#2342=IFCDIRECTION((1.,0.,0.));
#2343=IFCAXIS2PLACEMENT3D(#2340,#2341,#2342);
#2344=IFCDIRECTION((0.,0.,-1.));
#2345=IFCEXTRUDEDAREASOLID(#2339,#2343,#2344,0.004999999888241291);
#2346=IFCCARTESIANPOINTLIST2D(((0.,0.),(0.,2.0250000022351742),(0.83496253937482834,2.0250000022351742),(0.83496253937482834,0.),(0.78496253676712513,0.),(0.78496253676712513,1.974999999627471),(0.050000002607703209,1.974999999627471),(0.050000002607703209,0.)));
#2347=IFCINDEXEDPOLYCURVE(#2346,(IFCLINEINDEX((1,2,3,4,5,6,7,8,1))),$);
#2348=IFCARBITRARYCLOSEDPROFILEDEF(.AREA.,$,#2347);
#2349=IFCCARTESIANPOINT((-0.025000002235174179,0.05000000074505806,0.));
#2350=IFCDIRECTION((0.,-1.,0.));
#2351=IFCDIRECTION((1.,0.,0.));
#2352=IFCAXIS2PLACEMENT3D(#2349,#2350,#2351);
#2353=IFCDIRECTION((0.,0.,-1.));
#2354=IFCEXTRUDEDAREASOLID(#2348,#2352,#2353,0.004999999888241291);
#2355=IFCCARTESIANPOINTLIST2D(((0.,0.),(0.73496253415942192,0.),(0.73496253415942192,0.035000000149011612),(0.,0.035000000149011612)));
#2356=IFCINDEXEDPOLYCURVE(#2355,(IFCLINEINDEX((1,2,3,4,1))),$);
#2357=IFCARBITRARYCLOSEDPROFILEDEF(.AREA.,$,#2356);
#2358=IFCCARTESIANPOINT((0.02500000037252903,0.02500000037252903,0.02500000037252903));
#2359=IFCDIRECTION((0.,0.,1.));
#2360=IFCDIRECTION((1.,0.,0.));
#2361=IFCAXIS2PLACEMENT3D(#2358,#2359,#2360);
#2362=IFCDIRECTION((0.,0.,1.));
#2363=IFCEXTRUDEDAREASOLID(#2357,#2361,#2362,1.9499999992549419);
#2364=IFCCARTESIANPOINTLIST2D(((0.,0.),(0.,-0.040000000000000001),(-0.11999999999999988,-0.040000000000000001),(-0.11999999999999988,-0.02),(-0.020000000000000018,-0.02),(-0.020000000000000018,0.)));
#2365=IFCINDEXEDPOLYCURVE(#2364,(IFCLINEINDEX((1,2,3,4,5,6,1))),$);
#2366=IFCARBITRARYCLOSEDPROFILEDEF(.AREA.,$,#2365);
#2367=IFCCARTESIANPOINT((0.70996253453195091,0.02500000037252903,1.015000000372529));
#2368=IFCDIRECTION((0.,0.,1.));
#2369=IFCDIRECTION((1.,0.,0.));
#2370=IFCAXIS2PLACEMENT3D(#2367,#2368,#2369);
#2371=IFCDIRECTION((0.,0.,1.));
#2372=IFCEXTRUDEDAREASOLID(#2366,#2370,#2371,0.02);
#2373=IFCEXTRUDEDAREASOLID(#2374,#2377,#2381,0.02);
#2374=IFCARBITRARYCLOSEDPROFILEDEF(.AREA.,$,#2375);
#2375=IFCINDEXEDPOLYCURVE(#2376,(IFCLINEINDEX((1,2,3,4,5,6,1))),$);
#2376=IFCCARTESIANPOINTLIST2D(((0.,0.),(0.,0.040000000000000008),(-0.11999999999999988,0.040000000000000008),(-0.11999999999999988,0.020000000000000004),(-0.020000000000000018,0.020000000000000004),(-0.020000000000000018,0.)));
#2377=IFCAXIS2PLACEMENT3D(#2378,#2379,#2380);
#2378=IFCCARTESIANPOINT((0.70996253453195091,0.060000000521540642,1.015000000372529));
#2379=IFCDIRECTION((0.,0.,1.));
#2380=IFCDIRECTION((1.,0.,0.));
#2381=IFCDIRECTION((0.,0.,1.));
#2425=IFCCARTESIANPOINTLIST2D(((0.,0.),(0.,2.),(0.78496253490447998,2.),(0.78496253490447998,0.),(0.75996253453195095,0.),(0.75996253453195095,1.974999999627471),(0.02500000037252903,1.974999999627471),(0.02500000037252903,0.)));
#2426=IFCINDEXEDPOLYCURVE(#2425,(IFCLINEINDEX((1,2,3,4,5,6,7,8,1))),$);
#2427=IFCARBITRARYCLOSEDPROFILEDEF(.AREA.,$,#2426);
#2428=IFCCARTESIANPOINT((0.,0.02500000037252903,0.));
#2429=IFCDIRECTION((0.,-1.,0.));
#2430=IFCDIRECTION((1.,0.,0.));
#2431=IFCAXIS2PLACEMENT3D(#2428,#2429,#2430);
#2432=IFCDIRECTION((0.,0.,-1.));
#2433=IFCEXTRUDEDAREASOLID(#2427,#2431,#2432,0.02500000037252903);
#2434=IFCCARTESIANPOINTLIST2D(((0.,0.),(0.,2.),(0.78496253490447998,2.),(0.78496253490447998,0.),(0.73496253415942192,0.),(0.73496253415942192,1.9499999992549419),(0.05000000074505806,1.9499999992549419),(0.05000000074505806,0.)));
#2435=IFCINDEXEDPOLYCURVE(#2434,(IFCLINEINDEX((1,2,3,4,5,6,7,8,1))),$);
#2436=IFCARBITRARYCLOSEDPROFILEDEF(.AREA.,$,#2435);
#2437=IFCCARTESIANPOINT((0.,0.,0.));
#2438=IFCDIRECTION((0.,-1.,0.));
#2439=IFCDIRECTION((1.,0.,0.));
#2440=IFCAXIS2PLACEMENT3D(#2437,#2438,#2439);
#2441=IFCDIRECTION((0.,0.,-1.));
#2442=IFCEXTRUDEDAREASOLID(#2436,#2440,#2441,0.02500000037252903);
#2443=IFCCARTESIANPOINTLIST2D(((0.,0.),(0.68496253341436386,0.),(0.68496253341436386,0.10000000149011612),(0.,0.10000000149011612)));
#2444=IFCINDEXEDPOLYCURVE(#2443,(IFCLINEINDEX((1,2,3,4,1))),$);
#2445=IFCARBITRARYCLOSEDPROFILEDEF(.AREA.,$,#2444);
#2446=IFCCARTESIANPOINT((0.05000000074505806,0.,0.));
#2447=IFCDIRECTION((0.,0.,1.));
#2448=IFCDIRECTION((1.,0.,0.));
#2449=IFCAXIS2PLACEMENT3D(#2446,#2447,#2448);
#2450=IFCDIRECTION((0.,0.,1.));
#2451=IFCEXTRUDEDAREASOLID(#2445,#2449,#2450,0.02500000037252903);
#2452=IFCCARTESIANPOINTLIST2D(((0.,0.),(0.,2.0250000022351742),(0.83496253937482834,2.0250000022351742),(0.83496253937482834,0.),(0.7599625363945961,0.),(0.7599625363945961,1.9499999992549419),(0.075000002980232239,1.9499999992549419),(0.075000002980232239,0.)));
#2453=IFCINDEXEDPOLYCURVE(#2452,(IFCLINEINDEX((1,2,3,4,5,6,7,8,1))),$);
#2454=IFCARBITRARYCLOSEDPROFILEDEF(.AREA.,$,#2453);
#2455=IFCCARTESIANPOINT((-0.025000002235174179,-0.004999999888241291,0.));
#2456=IFCDIRECTION((0.,-1.,0.));
#2457=IFCDIRECTION((1.,0.,0.));
#2458=IFCAXIS2PLACEMENT3D(#2455,#2456,#2457);
#2459=IFCDIRECTION((0.,0.,-1.));
#2460=IFCEXTRUDEDAREASOLID(#2454,#2458,#2459,0.004999999888241291);
#2461=IFCCARTESIANPOINTLIST2D(((0.,0.),(0.,2.0250000022351742),(0.83496253937482834,2.0250000022351742),(0.83496253937482834,0.),(0.78496253676712513,0.),(0.78496253676712513,1.974999999627471),(0.050000002607703209,1.974999999627471),(0.050000002607703209,0.)));
#2462=IFCINDEXEDPOLYCURVE(#2461,(IFCLINEINDEX((1,2,3,4,5,6,7,8,1))),$);
#2463=IFCARBITRARYCLOSEDPROFILEDEF(.AREA.,$,#2462);
#2464=IFCCARTESIANPOINT((-0.025000002235174179,0.05000000074505806,0.));
#2465=IFCDIRECTION((0.,-1.,0.));
#2466=IFCDIRECTION((1.,0.,0.));
#2467=IFCAXIS2PLACEMENT3D(#2464,#2465,#2466);
#2468=IFCDIRECTION((0.,0.,-1.));
#2469=IFCEXTRUDEDAREASOLID(#2463,#2467,#2468,0.004999999888241291);
#2470=IFCCARTESIANPOINTLIST2D(((0.,0.),(0.73496253415942192,0.),(0.73496253415942192,0.035000000149011612),(0.,0.035000000149011612)));
#2471=IFCINDEXEDPOLYCURVE(#2470,(IFCLINEINDEX((1,2,3,4,1))),$);
#2472=IFCARBITRARYCLOSEDPROFILEDEF(.AREA.,$,#2471);
#2473=IFCCARTESIANPOINT((0.02500000037252903,0.02500000037252903,0.02500000037252903));
#2474=IFCDIRECTION((0.,0.,1.));
#2475=IFCDIRECTION((1.,0.,0.));
#2476=IFCAXIS2PLACEMENT3D(#2473,#2474,#2475);
#2477=IFCDIRECTION((0.,0.,1.));
#2478=IFCEXTRUDEDAREASOLID(#2472,#2476,#2477,1.9499999992549419);
#2479=IFCCARTESIANPOINTLIST2D(((0.,0.),(0.,-0.040000000000000001),(0.12,-0.040000000000000001),(0.12,-0.02),(0.02,-0.02),(0.02,0.)));
#2480=IFCINDEXEDPOLYCURVE(#2479,(IFCLINEINDEX((1,2,3,4,5,6,1))),$);
#2481=IFCARBITRARYCLOSEDPROFILEDEF(.AREA.,$,#2480);
#2482=IFCCARTESIANPOINT((0.075000000372529033,0.02500000037252903,1.015000000372529));
#2483=IFCDIRECTION((0.,0.,1.));
#2484=IFCDIRECTION((1.,0.,0.));
#2485=IFCAXIS2PLACEMENT3D(#2482,#2483,#2484);
#2486=IFCDIRECTION((0.,0.,1.));
#2487=IFCEXTRUDEDAREASOLID(#2481,#2485,#2486,0.02);
#2488=IFCEXTRUDEDAREASOLID(#2489,#2492,#2496,0.02);
#2489=IFCARBITRARYCLOSEDPROFILEDEF(.AREA.,$,#2490);
#2490=IFCINDEXEDPOLYCURVE(#2491,(IFCLINEINDEX((1,2,3,4,5,6,1))),$);
#2491=IFCCARTESIANPOINTLIST2D(((0.,0.),(0.,0.040000000000000008),(0.11999999999999998,0.040000000000000008),(0.11999999999999998,0.020000000000000004),(0.020000000000000004,0.020000000000000004),(0.020000000000000004,0.)));
#2492=IFCAXIS2PLACEMENT3D(#2493,#2494,#2495);
#2493=IFCCARTESIANPOINT((0.075000000372529033,0.060000000521540642,1.015000000372529));
#2494=IFCDIRECTION((0.,0.,1.));
#2495=IFCDIRECTION((1.,0.,0.));
#2496=IFCDIRECTION((0.,0.,1.));
#2540=IFCCARTESIANPOINTLIST2D(((0.,0.),(0.,2.),(0.78496253490447998,2.),(0.78496253490447998,0.),(0.75996253453195095,0.),(0.75996253453195095,1.974999999627471),(0.02500000037252903,1.974999999627471),(0.02500000037252903,0.)));
#2541=IFCINDEXEDPOLYCURVE(#2540,(IFCLINEINDEX((1,2,3,4,5,6,7,8,1))),$);
#2542=IFCARBITRARYCLOSEDPROFILEDEF(.AREA.,$,#2541);
#2543=IFCCARTESIANPOINT((0.,0.02500000037252903,0.));
#2544=IFCDIRECTION((0.,-1.,0.));
#2545=IFCDIRECTION((1.,0.,0.));
#2546=IFCAXIS2PLACEMENT3D(#2543,#2544,#2545);
#2547=IFCDIRECTION((0.,0.,-1.));
#2548=IFCEXTRUDEDAREASOLID(#2542,#2546,#2547,0.02500000037252903);
#2549=IFCCARTESIANPOINTLIST2D(((0.,0.),(0.,2.),(0.78496253490447998,2.),(0.78496253490447998,0.),(0.73496253415942192,0.),(0.73496253415942192,1.9499999992549419),(0.05000000074505806,1.9499999992549419),(0.05000000074505806,0.)));
#2550=IFCINDEXEDPOLYCURVE(#2549,(IFCLINEINDEX((1,2,3,4,5,6,7,8,1))),$);
#2551=IFCARBITRARYCLOSEDPROFILEDEF(.AREA.,$,#2550);
#2552=IFCCARTESIANPOINT((0.,0.,0.));
#2553=IFCDIRECTION((0.,-1.,0.));
#2554=IFCDIRECTION((1.,0.,0.));
#2555=IFCAXIS2PLACEMENT3D(#2552,#2553,#2554);
#2556=IFCDIRECTION((0.,0.,-1.));
#2557=IFCEXTRUDEDAREASOLID(#2551,#2555,#2556,0.02500000037252903);
#2558=IFCCARTESIANPOINTLIST2D(((0.,0.),(0.68496253341436386,0.),(0.68496253341436386,0.10000000149011612),(0.,0.10000000149011612)));
#2559=IFCINDEXEDPOLYCURVE(#2558,(IFCLINEINDEX((1,2,3,4,1))),$);
#2560=IFCARBITRARYCLOSEDPROFILEDEF(.AREA.,$,#2559);
#2561=IFCCARTESIANPOINT((0.05000000074505806,0.,0.));
#2562=IFCDIRECTION((0.,0.,1.));
#2563=IFCDIRECTION((1.,0.,0.));
#2564=IFCAXIS2PLACEMENT3D(#2561,#2562,#2563);
#2565=IFCDIRECTION((0.,0.,1.));
#2566=IFCEXTRUDEDAREASOLID(#2560,#2564,#2565,0.02500000037252903);
#2567=IFCCARTESIANPOINTLIST2D(((0.,0.),(0.,2.0250000022351742),(0.83496253937482834,2.0250000022351742),(0.83496253937482834,0.),(0.7599625363945961,0.),(0.7599625363945961,1.9499999992549419),(0.075000002980232239,1.9499999992549419),(0.075000002980232239,0.)));
#2568=IFCINDEXEDPOLYCURVE(#2567,(IFCLINEINDEX((1,2,3,4,5,6,7,8,1))),$);
#2569=IFCARBITRARYCLOSEDPROFILEDEF(.AREA.,$,#2568);
#2570=IFCCARTESIANPOINT((-0.025000002235174179,-0.004999999888241291,0.));
#2571=IFCDIRECTION((0.,-1.,0.));
#2572=IFCDIRECTION((1.,0.,0.));
#2573=IFCAXIS2PLACEMENT3D(#2570,#2571,#2572);
#2574=IFCDIRECTION((0.,0.,-1.));
#2575=IFCEXTRUDEDAREASOLID(#2569,#2573,#2574,0.004999999888241291);
#2576=IFCCARTESIANPOINTLIST2D(((0.,0.),(0.,2.0250000022351742),(0.83496253937482834,2.0250000022351742),(0.83496253937482834,0.),(0.78496253676712513,0.),(0.78496253676712513,1.974999999627471),(0.050000002607703209,1.974999999627471),(0.050000002607703209,0.)));
#2577=IFCINDEXEDPOLYCURVE(#2576,(IFCLINEINDEX((1,2,3,4,5,6,7,8,1))),$);
#2578=IFCARBITRARYCLOSEDPROFILEDEF(.AREA.,$,#2577);
#2579=IFCCARTESIANPOINT((-0.025000002235174179,0.05000000074505806,0.));
#2580=IFCDIRECTION((0.,-1.,0.));
#2581=IFCDIRECTION((1.,0.,0.));
#2582=IFCAXIS2PLACEMENT3D(#2579,#2580,#2581);
#2583=IFCDIRECTION((0.,0.,-1.));
#2584=IFCEXTRUDEDAREASOLID(#2578,#2582,#2583,0.004999999888241291);
#2585=IFCCARTESIANPOINTLIST2D(((0.,0.),(0.73496253415942192,0.),(0.73496253415942192,0.035000000149011612),(0.,0.035000000149011612)));
#2586=IFCINDEXEDPOLYCURVE(#2585,(IFCLINEINDEX((1,2,3,4,1))),$);
#2587=IFCARBITRARYCLOSEDPROFILEDEF(.AREA.,$,#2586);
#2588=IFCCARTESIANPOINT((0.02500000037252903,0.02500000037252903,0.02500000037252903));
#2589=IFCDIRECTION((0.,0.,1.));
#2590=IFCDIRECTION((1.,0.,0.));
#2591=IFCAXIS2PLACEMENT3D(#2588,#2589,#2590);
#2592=IFCDIRECTION((0.,0.,1.));
#2593=IFCEXTRUDEDAREASOLID(#2587,#2591,#2592,1.9499999992549419);
#2594=IFCCARTESIANPOINTLIST2D(((0.,0.),(0.,-0.040000000000000001),(-0.11999999999999988,-0.040000000000000001),(-0.11999999999999988,-0.02),(-0.020000000000000018,-0.02),(-0.020000000000000018,0.)));
#2595=IFCINDEXEDPOLYCURVE(#2594,(IFCLINEINDEX((1,2,3,4,5,6,1))),$);
#2596=IFCARBITRARYCLOSEDPROFILEDEF(.AREA.,$,#2595);
#2597=IFCCARTESIANPOINT((0.70996253453195091,0.02500000037252903,1.015000000372529));
#2598=IFCDIRECTION((0.,0.,1.));
#2599=IFCDIRECTION((1.,0.,0.));
#2600=IFCAXIS2PLACEMENT3D(#2597,#2598,#2599);
#2601=IFCDIRECTION((0.,0.,1.));
#2602=IFCEXTRUDEDAREASOLID(#2596,#2600,#2601,0.02);
#2603=IFCEXTRUDEDAREASOLID(#2604,#2607,#2611,0.02);
#2604=IFCARBITRARYCLOSEDPROFILEDEF(.AREA.,$,#2605);
#2605=IFCINDEXEDPOLYCURVE(#2606,(IFCLINEINDEX((1,2,3,4,5,6,1))),$);
#2606=IFCCARTESIANPOINTLIST2D(((0.,0.),(0.,0.040000000000000008),(-0.11999999999999988,0.040000000000000008),(-0.11999999999999988,0.020000000000000004),(-0.020000000000000018,0.020000000000000004),(-0.020000000000000018,0.)));
#2607=IFCAXIS2PLACEMENT3D(#2608,#2609,#2610);
#2608=IFCCARTESIANPOINT((0.70996253453195091,0.060000000521540642,1.015000000372529));
#2609=IFCDIRECTION((0.,0.,1.));
#2610=IFCDIRECTION((1.,0.,0.));
#2611=IFCDIRECTION((0.,0.,1.));
#2655=IFCCARTESIANPOINTLIST2D(((0.,0.),(0.,2.),(0.78436100482940674,2.),(0.78436100482940674,0.),(0.75936100445687771,0.),(0.75936100445687771,1.974999999627471),(0.02500000037252903,1.974999999627471),(0.02500000037252903,0.)));
#2656=IFCINDEXEDPOLYCURVE(#2655,(IFCLINEINDEX((1,2,3,4,5,6,7,8,1))),$);
#2657=IFCARBITRARYCLOSEDPROFILEDEF(.AREA.,$,#2656);
#2658=IFCCARTESIANPOINT((0.,0.02500000037252903,0.));
#2659=IFCDIRECTION((0.,-1.,0.));
#2660=IFCDIRECTION((1.,0.,0.));
#2661=IFCAXIS2PLACEMENT3D(#2658,#2659,#2660);
#2662=IFCDIRECTION((0.,0.,-1.));
#2663=IFCEXTRUDEDAREASOLID(#2657,#2661,#2662,0.02500000037252903);
#2664=IFCCARTESIANPOINTLIST2D(((0.,0.),(0.,2.),(0.78436100482940674,2.),(0.78436100482940674,0.),(0.73436100408434868,0.),(0.73436100408434868,1.9499999992549419),(0.05000000074505806,1.9499999992549419),(0.05000000074505806,0.)));
#2665=IFCINDEXEDPOLYCURVE(#2664,(IFCLINEINDEX((1,2,3,4,5,6,7,8,1))),$);
#2666=IFCARBITRARYCLOSEDPROFILEDEF(.AREA.,$,#2665);
#2667=IFCCARTESIANPOINT((0.,0.,0.));
#2668=IFCDIRECTION((0.,-1.,0.));
#2669=IFCDIRECTION((1.,0.,0.));
#2670=IFCAXIS2PLACEMENT3D(#2667,#2668,#2669);
#2671=IFCDIRECTION((0.,0.,-1.));
#2672=IFCEXTRUDEDAREASOLID(#2666,#2670,#2671,0.02500000037252903);
#2673=IFCCARTESIANPOINTLIST2D(((0.,0.),(0.68436100333929062,0.),(0.68436100333929062,0.10000000149011612),(0.,0.10000000149011612)));
#2674=IFCINDEXEDPOLYCURVE(#2673,(IFCLINEINDEX((1,2,3,4,1))),$);
#2675=IFCARBITRARYCLOSEDPROFILEDEF(.AREA.,$,#2674);
#2676=IFCCARTESIANPOINT((0.05000000074505806,0.,0.));
#2677=IFCDIRECTION((0.,0.,1.));
#2678=IFCDIRECTION((1.,0.,0.));
#2679=IFCAXIS2PLACEMENT3D(#2676,#2677,#2678);
#2680=IFCDIRECTION((0.,0.,1.));
#2681=IFCEXTRUDEDAREASOLID(#2675,#2679,#2680,0.02500000037252903);
#2682=IFCCARTESIANPOINTLIST2D(((0.,0.),(0.73436100408434868,0.),(0.73436100408434868,0.035000000149011612),(0.,0.035000000149011612)));
#2683=IFCINDEXEDPOLYCURVE(#2682,(IFCLINEINDEX((1,2,3,4,1))),$);
#2684=IFCARBITRARYCLOSEDPROFILEDEF(.AREA.,$,#2683);
#2685=IFCCARTESIANPOINT((0.02500000037252903,0.02500000037252903,0.02500000037252903));
#2686=IFCDIRECTION((0.,0.,1.));
#2687=IFCDIRECTION((1.,0.,0.));
#2688=IFCAXIS2PLACEMENT3D(#2685,#2686,#2687);
#2689=IFCDIRECTION((0.,0.,1.));
#2690=IFCEXTRUDEDAREASOLID(#2684,#2688,#2689,1.9499999992549419);
#2691=IFCCARTESIANPOINTLIST2D(((0.,0.),(0.,-0.040000000000000001),(-0.11999999999999988,-0.040000000000000001),(-0.11999999999999988,-0.02),(-0.020000000000000018,-0.02),(-0.020000000000000018,0.)));
#2692=IFCINDEXEDPOLYCURVE(#2691,(IFCLINEINDEX((1,2,3,4,5,6,1))),$);
#2693=IFCARBITRARYCLOSEDPROFILEDEF(.AREA.,$,#2692);
#2694=IFCCARTESIANPOINT((0.70936100445687766,0.02500000037252903,1.015000000372529));
#2695=IFCDIRECTION((0.,0.,1.));
#2696=IFCDIRECTION((1.,0.,0.));
#2697=IFCAXIS2PLACEMENT3D(#2694,#2695,#2696);
#2698=IFCDIRECTION((0.,0.,1.));
#2699=IFCEXTRUDEDAREASOLID(#2693,#2697,#2698,0.02);
#2700=IFCEXTRUDEDAREASOLID(#2701,#2704,#2708,0.02);
#2701=IFCARBITRARYCLOSEDPROFILEDEF(.AREA.,$,#2702);
#2702=IFCINDEXEDPOLYCURVE(#2703,(IFCLINEINDEX((1,2,3,4,5,6,1))),$);
#2703=IFCCARTESIANPOINTLIST2D(((0.,0.),(0.,0.040000000000000008),(-0.11999999999999988,0.040000000000000008),(-0.11999999999999988,0.020000000000000004),(-0.020000000000000018,0.020000000000000004),(-0.020000000000000018,0.)));
#2704=IFCAXIS2PLACEMENT3D(#2705,#2706,#2707);
#2705=IFCCARTESIANPOINT((0.70936100445687766,0.060000000521540642,1.015000000372529));
#2706=IFCDIRECTION((0.,0.,1.));
#2707=IFCDIRECTION((1.,0.,0.));
#2708=IFCDIRECTION((0.,0.,1.));
#2752=IFCCARTESIANPOINTLIST2D(((0.,0.),(0.,2.),(0.78436100482940674,2.),(0.78436100482940674,0.),(0.75936100445687771,0.),(0.75936100445687771,1.974999999627471),(0.02500000037252903,1.974999999627471),(0.02500000037252903,0.)));
#2753=IFCINDEXEDPOLYCURVE(#2752,(IFCLINEINDEX((1,2,3,4,5,6,7,8,1))),$);
#2754=IFCARBITRARYCLOSEDPROFILEDEF(.AREA.,$,#2753);
#2755=IFCCARTESIANPOINT((0.,0.02500000037252903,0.));
#2756=IFCDIRECTION((0.,-1.,0.));
#2757=IFCDIRECTION((1.,0.,0.));
#2758=IFCAXIS2PLACEMENT3D(#2755,#2756,#2757);
#2759=IFCDIRECTION((0.,0.,-1.));
#2760=IFCEXTRUDEDAREASOLID(#2754,#2758,#2759,0.02500000037252903);
#2761=IFCCARTESIANPOINTLIST2D(((0.,0.),(0.,2.),(0.78436100482940674,2.),(0.78436100482940674,0.),(0.73436100408434868,0.),(0.73436100408434868,1.9499999992549419),(0.05000000074505806,1.9499999992549419),(0.05000000074505806,0.)));
#2762=IFCINDEXEDPOLYCURVE(#2761,(IFCLINEINDEX((1,2,3,4,5,6,7,8,1))),$);
#2763=IFCARBITRARYCLOSEDPROFILEDEF(.AREA.,$,#2762);
#2764=IFCCARTESIANPOINT((0.,0.,0.));
#2765=IFCDIRECTION((0.,-1.,0.));
#2766=IFCDIRECTION((1.,0.,0.));
#2767=IFCAXIS2PLACEMENT3D(#2764,#2765,#2766);
#2768=IFCDIRECTION((0.,0.,-1.));
#2769=IFCEXTRUDEDAREASOLID(#2763,#2767,#2768,0.02500000037252903);
#2770=IFCCARTESIANPOINTLIST2D(((0.,0.),(0.68436100333929062,0.),(0.68436100333929062,0.10000000149011612),(0.,0.10000000149011612)));
#2771=IFCINDEXEDPOLYCURVE(#2770,(IFCLINEINDEX((1,2,3,4,1))),$);
#2772=IFCARBITRARYCLOSEDPROFILEDEF(.AREA.,$,#2771);
#2773=IFCCARTESIANPOINT((0.05000000074505806,0.,0.));
#2774=IFCDIRECTION((0.,0.,1.));
#2775=IFCDIRECTION((1.,0.,0.));
#2776=IFCAXIS2PLACEMENT3D(#2773,#2774,#2775);
#2777=IFCDIRECTION((0.,0.,1.));
#2778=IFCEXTRUDEDAREASOLID(#2772,#2776,#2777,0.02500000037252903);
#2779=IFCCARTESIANPOINTLIST2D(((0.,0.),(0.73436100408434868,0.),(0.73436100408434868,0.035000000149011612),(0.,0.035000000149011612)));
#2780=IFCINDEXEDPOLYCURVE(#2779,(IFCLINEINDEX((1,2,3,4,1))),$);
#2781=IFCARBITRARYCLOSEDPROFILEDEF(.AREA.,$,#2780);
#2782=IFCCARTESIANPOINT((0.02500000037252903,0.02500000037252903,0.02500000037252903));
#2783=IFCDIRECTION((0.,0.,1.));
#2784=IFCDIRECTION((1.,0.,0.));
#2785=IFCAXIS2PLACEMENT3D(#2782,#2783,#2784);
#2786=IFCDIRECTION((0.,0.,1.));
#2787=IFCEXTRUDEDAREASOLID(#2781,#2785,#2786,1.9499999992549419);
#2788=IFCCARTESIANPOINTLIST2D(((0.,0.),(0.,-0.040000000000000001),(-0.11999999999999988,-0.040000000000000001),(-0.11999999999999988,-0.02),(-0.020000000000000018,-0.02),(-0.020000000000000018,0.)));
#2789=IFCINDEXEDPOLYCURVE(#2788,(IFCLINEINDEX((1,2,3,4,5,6,1))),$);
#2790=IFCARBITRARYCLOSEDPROFILEDEF(.AREA.,$,#2789);
#2791=IFCCARTESIANPOINT((0.70936100445687766,0.02500000037252903,1.015000000372529));
#2792=IFCDIRECTION((0.,0.,1.));
#2793=IFCDIRECTION((1.,0.,0.));
#2794=IFCAXIS2PLACEMENT3D(#2791,#2792,#2793);
#2795=IFCDIRECTION((0.,0.,1.));
#2796=IFCEXTRUDEDAREASOLID(#2790,#2794,#2795,0.02);
#2797=IFCEXTRUDEDAREASOLID(#2798,#2801,#2805,0.02);
#2798=IFCARBITRARYCLOSEDPROFILEDEF(.AREA.,$,#2799);
#2799=IFCINDEXEDPOLYCURVE(#2800,(IFCLINEINDEX((1,2,3,4,5,6,1))),$);
#2800=IFCCARTESIANPOINTLIST2D(((0.,0.),(0.,0.040000000000000008),(-0.11999999999999988,0.040000000000000008),(-0.11999999999999988,0.020000000000000004),(-0.020000000000000018,0.020000000000000004),(-0.020000000000000018,0.)));
#2801=IFCAXIS2PLACEMENT3D(#2802,#2803,#2804);
#2802=IFCCARTESIANPOINT((0.70936100445687766,0.060000000521540642,1.015000000372529));
#2803=IFCDIRECTION((0.,0.,1.));
#2804=IFCDIRECTION((1.,0.,0.));
#2805=IFCDIRECTION((0.,0.,1.));
#2846=IFCCARTESIANPOINTLIST3D(((0.,0.,0.),(0.78436100482940674,0.,0.),(0.78436100482940674,0.,2.),(0.,0.,2.)));
#2847=IFCINDEXEDPOLYCURVE(#2846,(IFCLINEINDEX((1,2,3,4,1))),$);
#2848=IFCSHAPEREPRESENTATION(#18,'Profile','Curve3D',(#2847));
#2849=IFCCARTESIANPOINTLIST2D(((0.,0.),(0.,2.),(0.78436100482940674,2.),(0.78436100482940674,0.),(0.75936100445687771,0.),(0.75936100445687771,1.974999999627471),(0.02500000037252903,1.974999999627471),(0.02500000037252903,0.)));
#2850=IFCINDEXEDPOLYCURVE(#2849,(IFCLINEINDEX((1,2,3,4,5,6,7,8,1))),$);
#2851=IFCARBITRARYCLOSEDPROFILEDEF(.AREA.,$,#2850);
#2852=IFCCARTESIANPOINT((0.,0.02500000037252903,0.));
#2853=IFCDIRECTION((0.,-1.,0.));
#2854=IFCDIRECTION((1.,0.,0.));
#2855=IFCAXIS2PLACEMENT3D(#2852,#2853,#2854);
#2856=IFCDIRECTION((0.,0.,-1.));
#2857=IFCEXTRUDEDAREASOLID(#2851,#2855,#2856,0.02500000037252903);
#2858=IFCCARTESIANPOINTLIST2D(((0.,0.),(0.,2.),(0.78436100482940674,2.),(0.78436100482940674,0.),(0.73436100408434868,0.),(0.73436100408434868,1.9499999992549419),(0.05000000074505806,1.9499999992549419),(0.05000000074505806,0.)));
#2859=IFCINDEXEDPOLYCURVE(#2858,(IFCLINEINDEX((1,2,3,4,5,6,7,8,1))),$);
#2860=IFCARBITRARYCLOSEDPROFILEDEF(.AREA.,$,#2859);
#2861=IFCCARTESIANPOINT((0.,0.,0.));
#2862=IFCDIRECTION((0.,-1.,0.));
#2863=IFCDIRECTION((1.,0.,0.));
#2864=IFCAXIS2PLACEMENT3D(#2861,#2862,#2863);
#2865=IFCDIRECTION((0.,0.,-1.));
#2866=IFCEXTRUDEDAREASOLID(#2860,#2864,#2865,0.02500000037252903);
#2867=IFCCARTESIANPOINTLIST2D(((0.,0.),(0.68436100333929062,0.),(0.68436100333929062,0.10000000149011612),(0.,0.10000000149011612)));
#2868=IFCINDEXEDPOLYCURVE(#2867,(IFCLINEINDEX((1,2,3,4,1))),$);
#2869=IFCARBITRARYCLOSEDPROFILEDEF(.AREA.,$,#2868);
#2870=IFCCARTESIANPOINT((0.05000000074505806,0.,0.));
#2871=IFCDIRECTION((0.,0.,1.));
#2872=IFCDIRECTION((1.,0.,0.));
#2873=IFCAXIS2PLACEMENT3D(#2870,#2871,#2872);
#2874=IFCDIRECTION((0.,0.,1.));
#2875=IFCEXTRUDEDAREASOLID(#2869,#2873,#2874,0.02500000037252903);
#2876=IFCCARTESIANPOINTLIST2D(((0.,0.),(0.73436100408434868,0.),(0.73436100408434868,0.035000000149011612),(0.,0.035000000149011612)));
#2877=IFCINDEXEDPOLYCURVE(#2876,(IFCLINEINDEX((1,2,3,4,1))),$);
#2878=IFCARBITRARYCLOSEDPROFILEDEF(.AREA.,$,#2877);
#2879=IFCCARTESIANPOINT((0.02500000037252903,0.02500000037252903,0.02500000037252903));
#2880=IFCDIRECTION((0.,0.,1.));
#2881=IFCDIRECTION((1.,0.,0.));
#2882=IFCAXIS2PLACEMENT3D(#2879,#2880,#2881);
#2883=IFCDIRECTION((0.,0.,1.));
#2884=IFCEXTRUDEDAREASOLID(#2878,#2882,#2883,1.9499999992549419);
#2885=IFCCARTESIANPOINTLIST2D(((0.,0.),(0.,-0.040000000000000001),(-0.11999999999999988,-0.040000000000000001),(-0.11999999999999988,-0.02),(-0.020000000000000018,-0.02),(-0.020000000000000018,0.)));
#2886=IFCINDEXEDPOLYCURVE(#2885,(IFCLINEINDEX((1,2,3,4,5,6,1))),$);
#2887=IFCARBITRARYCLOSEDPROFILEDEF(.AREA.,$,#2886);
#2888=IFCCARTESIANPOINT((0.70936100445687766,0.02500000037252903,1.015000000372529));
#2889=IFCDIRECTION((0.,0.,1.));
#2890=IFCDIRECTION((1.,0.,0.));
#2891=IFCAXIS2PLACEMENT3D(#2888,#2889,#2890);
#2892=IFCDIRECTION((0.,0.,1.));
#2893=IFCEXTRUDEDAREASOLID(#2887,#2891,#2892,0.02);
#2894=IFCEXTRUDEDAREASOLID(#2895,#2898,#2902,0.02);
#2895=IFCARBITRARYCLOSEDPROFILEDEF(.AREA.,$,#2896);
#2896=IFCINDEXEDPOLYCURVE(#2897,(IFCLINEINDEX((1,2,3,4,5,6,1))),$);
#2897=IFCCARTESIANPOINTLIST2D(((0.,0.),(0.,0.040000000000000008),(-0.11999999999999988,0.040000000000000008),(-0.11999999999999988,0.020000000000000004),(-0.020000000000000018,0.020000000000000004),(-0.020000000000000018,0.)));
#2898=IFCAXIS2PLACEMENT3D(#2899,#2900,#2901);
#2899=IFCCARTESIANPOINT((0.70936100445687766,0.060000000521540642,1.015000000372529));
#2900=IFCDIRECTION((0.,0.,1.));
#2901=IFCDIRECTION((1.,0.,0.));
#2902=IFCDIRECTION((0.,0.,1.));
#2903=IFCSHAPEREPRESENTATION(#11,'Body','SweptSolid',(#2857,#2866,#2884,#2893,#2894,#2875));
#2904=IFCCARTESIANPOINTLIST2D(((0.,0.),(0.,0.05000000074505806),(0.02500000037252903,0.05000000074505806),(0.02500000037252903,0.02500000037252903),(0.05000000074505806,0.02500000037252903),(0.05000000074505806,0.)));
#2905=IFCINDEXEDPOLYCURVE(#2904,(IFCLINEINDEX((1,2,3,4,5,6,1))),$);
#2906=IFCINDEXEDPOLYCURVE(#2907,(IFCLINEINDEX((1,2,3,4,5,6,1))),$);
#2907=IFCCARTESIANPOINTLIST2D(((0.78436100482940674,0.),(0.78436100482940674,0.05000000074505806),(0.75936100445687771,0.05000000074505806),(0.75936100445687771,0.02500000037252903),(0.73436100408434868,0.02500000037252903),(0.73436100408434868,0.)));
#2908=IFCDIRECTION((1.,0.));
#2909=IFCCARTESIANPOINT((0.060000000521540642,0.05000000074505806));
#2910=IFCAXIS2PLACEMENT2D(#2909,#2908);
#2911=IFCELLIPSE(#2910,0.69936100393533707,0.73436100408434868);
#2912=IFCCARTESIANPOINT((0.75936100445687771,0.05000000074505806));
#2913=IFCCARTESIANPOINT((0.060000000521540642,0.78436100482940674));
#2914=IFCTRIMMEDCURVE(#2911,(#2912),(#2913),.T.,.CARTESIAN.);
#2915=IFCCARTESIANPOINTLIST2D(((0.02500000037252903,0.05000000074505806),(0.060000000521540642,0.05000000074505806),(0.060000000521540642,0.78436100482940674),(0.02500000037252903,0.78436100482940674)));
#2916=IFCINDEXEDPOLYCURVE(#2915,(IFCLINEINDEX((1,2,3,4,1))),$);
#2917=IFCSHAPEREPRESENTATION(#24,'Body','Curve2D',(#2905,#2906,#2914,#2916));
#2918=IFCCARTESIANPOINTLIST2D(((0.,0.),(0.78436100482940674,0.),(0.78436100482940674,2.),(0.,2.)));
#2919=IFCINDEXEDPOLYCURVE(#2918,(IFCLINEINDEX((1,2,3,4,1))),$);
#2920=IFCARBITRARYCLOSEDPROFILEDEF(.AREA.,$,#2919);
#2921=IFCCARTESIANPOINT((0.,-0.60000002384185791,0.));
#2922=IFCDIRECTION((0.,-1.,0.));
#2923=IFCDIRECTION((1.,0.,0.));
#2924=IFCAXIS2PLACEMENT3D(#2921,#2922,#2923);
#2925=IFCDIRECTION((0.,0.,-1.));
#2926=IFCEXTRUDEDAREASOLID(#2920,#2924,#2925,1.2);
#2927=IFCSHAPEREPRESENTATION(#11,'Body','SweptSolid',(#2926));
#2933=IFCCARTESIANPOINT((0.0039260358214372459,0.015000105668602437,0.));
#2934=IFCDIRECTION((0.,0.,1.));
#2935=IFCDIRECTION((0.99999999999999289,-1.1920928955077312E-07,0.));
#2936=IFCAXIS2PLACEMENT3D(#2933,#2934,#2935);
#2937=IFCLOCALPLACEMENT(#798,#2936);
#2938=IFCCARTESIANPOINT((-8.8817841970012523E-16,0.,0.));
#2939=IFCDIRECTION((0.,0.,1.));
#2940=IFCDIRECTION((1.,0.,0.));
#2941=IFCAXIS2PLACEMENT3D(#2938,#2939,#2940);
#2942=IFCLOCALPLACEMENT(#2937,#2941);
#2943=IFCDOORTYPE('1W8WeAj3bE_AopKFksS2lQ',$,'Maids-GF',$,$,(#2944),(#2946,#2954,#3014,#3264),$,$,.DOOR.,.SINGLE_SWING_LEFT.,$,$);
#2944=IFCPROPERTYSET('1DnMzZUDj3owQ4r259Wysk',$,'BBIM_Door',$,(#2945));
#2945=IFCPROPERTYSINGLEVALUE('Data',$,IFCTEXT('{"door_type": "SLIDING_TO_RIGHT", "overall_height": 2.0, "overall_width": 1.3665246963500977, "lining_properties": {"lining_depth": 0.05000000074505806, "lining_thickness": 0.05000000074505806, "lining_offset": 0.0, "transom_thickness": 0.0, "casing_thickness": 0.0, "threshold_thickness": 0.02500000037252903, "threshold_depth": 0.10000000149011612, "threshold_offset": 0.0}, "panel_properties": {"panel_depth": 0.03500000014901161, "panel_width_ratio": 1.0}}'),$);
#2946=IFCREPRESENTATIONMAP(#2947,#3299);
#2947=IFCAXIS2PLACEMENT3D(#2948,#2949,#2950);
#2948=IFCCARTESIANPOINT((0.,0.,0.));
#2949=IFCDIRECTION((0.,0.,1.));
#2950=IFCDIRECTION((1.,0.,0.));
#2954=IFCREPRESENTATIONMAP(#2955,#3345);
#2955=IFCAXIS2PLACEMENT3D(#2956,#2957,#2958);
#2956=IFCCARTESIANPOINT((0.,0.,0.));
#2957=IFCDIRECTION((0.,0.,1.));
#2958=IFCDIRECTION((1.,0.,0.));
#3014=IFCREPRESENTATIONMAP(#3015,#3352);
#3015=IFCAXIS2PLACEMENT3D(#3016,#3017,#3018);
#3016=IFCCARTESIANPOINT((0.,0.,0.));
#3017=IFCDIRECTION((0.,0.,1.));
#3018=IFCDIRECTION((1.,0.,0.));
#3099=IFCDOOR('0NsbCFOonC4giFVuYwDhvv',$,'Door',$,$,#3382,#3109,$,2.,1.3665246963500977,$,.SLIDING_TO_RIGHT.,$);
#3101=IFCRELDEFINESBYTYPE('2olJ1omA117Br2avlXX09v',$,$,$,(#3099),#2943);
#3102=IFCCARTESIANPOINT((0.,0.,0.));
#3103=IFCDIRECTION((1.,0.,0.));
#3104=IFCDIRECTION((0.,1.,0.));
#3105=IFCDIRECTION((0.,0.,1.));
#3106=IFCCARTESIANTRANSFORMATIONOPERATOR3D(#3103,#3104,#3102,1.,#3105);
#3107=IFCMAPPEDITEM(#2946,#3106);
#3108=IFCSHAPEREPRESENTATION(#18,'Profile','MappedRepresentation',(#3107));
#3109=IFCPRODUCTDEFINITIONSHAPE($,$,(#3108,#3116,#3123,#3271));
#3110=IFCCARTESIANPOINT((0.,0.,0.));
#3111=IFCDIRECTION((1.,0.,0.));
#3112=IFCDIRECTION((0.,1.,0.));
#3113=IFCDIRECTION((0.,0.,1.));
#3114=IFCCARTESIANTRANSFORMATIONOPERATOR3D(#3111,#3112,#3110,1.,#3113);
#3115=IFCMAPPEDITEM(#2954,#3114);
#3116=IFCSHAPEREPRESENTATION(#11,'Body','MappedRepresentation',(#3115));
#3117=IFCCARTESIANPOINT((0.,0.,0.));
#3118=IFCDIRECTION((1.,0.,0.));
#3119=IFCDIRECTION((0.,1.,0.));
#3120=IFCDIRECTION((0.,0.,1.));
#3121=IFCCARTESIANTRANSFORMATIONOPERATOR3D(#3118,#3119,#3117,1.,#3120);
#3122=IFCMAPPEDITEM(#3014,#3121);
#3123=IFCSHAPEREPRESENTATION(#24,'Body','MappedRepresentation',(#3122));
#3124=IFCOPENINGELEMENT('3Zvz5WSgb35w2P7vfonuo3',$,'Opening',$,$,#3377,#3152,$,.OPENING.);
#3140=IFCCARTESIANPOINT((0.,0.,0.));
#3141=IFCDIRECTION((1.,0.,0.));
#3142=IFCDIRECTION((0.,0.,1.));
#3143=IFCAXIS2PLACEMENT3D(#3140,#3142,#3141);
#3144=IFCREPRESENTATIONMAP(#3143,#3367);
#3145=IFCCARTESIANPOINT((0.,0.,0.));
#3146=IFCDIRECTION((1.,0.,0.));
#3147=IFCDIRECTION((0.,1.,0.));
#3148=IFCDIRECTION((0.,0.,1.));
#3149=IFCCARTESIANTRANSFORMATIONOPERATOR3D(#3146,#3147,#3145,1.,#3148);
#3150=IFCMAPPEDITEM(#3144,#3149);
#3151=IFCSHAPEREPRESENTATION(#11,'Body','MappedRepresentation',(#3150));
#3152=IFCPRODUCTDEFINITIONSHAPE($,$,(#3151));
#3153=IFCRELVOIDSELEMENT('0lXaXY_Z15KBvxrqZuZ1iE',$,$,$,#851,#3124);
#3159=IFCRELFILLSELEMENT('24S9qFLJzACg4TzlVDYv4_',$,$,$,#3124,#3099);
#3198=IFCCARTESIANPOINTLIST2D(((0.,0.),(0.,2.),(1.3665246963500977,2.),(1.3665246963500977,0.),(1.3165246956050396,0.),(1.3165246956050396,1.9499999992549419),(0.05000000074505806,1.9499999992549419),(0.05000000074505806,0.)));
#3199=IFCINDEXEDPOLYCURVE(#3198,(IFCLINEINDEX((1,2,3,4,5,6,7,8,1))),$);
#3200=IFCARBITRARYCLOSEDPROFILEDEF(.AREA.,$,#3199);
#3201=IFCCARTESIANPOINT((0.,0.,0.));
#3202=IFCDIRECTION((0.,-1.,0.));
#3203=IFCDIRECTION((1.,0.,0.));
#3204=IFCAXIS2PLACEMENT3D(#3201,#3202,#3203);
#3205=IFCDIRECTION((0.,0.,-1.));
#3206=IFCEXTRUDEDAREASOLID(#3200,#3204,#3205,0.05000000074505806);
#3207=IFCCARTESIANPOINTLIST2D(((0.,0.),(1.2665246948599815,0.),(1.2665246948599815,0.10000000149011612),(0.,0.10000000149011612)));
#3208=IFCINDEXEDPOLYCURVE(#3207,(IFCLINEINDEX((1,2,3,4,1))),$);
#3209=IFCARBITRARYCLOSEDPROFILEDEF(.AREA.,$,#3208);
#3210=IFCCARTESIANPOINT((0.05000000074505806,0.,0.));
#3211=IFCDIRECTION((0.,0.,1.));
#3212=IFCDIRECTION((1.,0.,0.));
#3213=IFCAXIS2PLACEMENT3D(#3210,#3211,#3212);
#3214=IFCDIRECTION((0.,0.,1.));
#3215=IFCEXTRUDEDAREASOLID(#3209,#3213,#3214,0.02500000037252903);
#3216=IFCCARTESIANPOINTLIST2D(((0.,0.),(1.2665246948599815,0.),(1.2665246948599815,0.035000000149011612),(0.,0.035000000149011612)));
#3217=IFCINDEXEDPOLYCURVE(#3216,(IFCLINEINDEX((1,2,3,4,1))),$);
#3218=IFCARBITRARYCLOSEDPROFILEDEF(.AREA.,$,#3217);
#3219=IFCCARTESIANPOINT((0.05000000074505806,-0.035000000149011612,0.02500000037252903));
#3220=IFCDIRECTION((0.,0.,1.));
#3221=IFCDIRECTION((1.,0.,0.));
#3222=IFCAXIS2PLACEMENT3D(#3219,#3220,#3221);
#3223=IFCDIRECTION((0.,0.,1.));
#3224=IFCEXTRUDEDAREASOLID(#3218,#3222,#3223,1.9249999988824129);
#3225=IFCCARTESIANPOINTLIST2D(((0.,0.),(0.,-0.040000000000000001),(0.12,-0.040000000000000001),(0.12,-0.02),(0.02,-0.02),(0.02,0.)));
#3226=IFCINDEXEDPOLYCURVE(#3225,(IFCLINEINDEX((1,2,3,4,5,6,1))),$);
#3227=IFCARBITRARYCLOSEDPROFILEDEF(.AREA.,$,#3226);
#3228=IFCCARTESIANPOINT((0.10000000074505806,-0.035000000149011612,1.015000000372529));
#3229=IFCDIRECTION((0.,0.,1.));
#3230=IFCDIRECTION((1.,0.,0.));
#3231=IFCAXIS2PLACEMENT3D(#3228,#3229,#3230);
#3232=IFCDIRECTION((0.,0.,1.));
#3233=IFCEXTRUDEDAREASOLID(#3227,#3231,#3232,0.02);
#3234=IFCEXTRUDEDAREASOLID(#3235,#3238,#3242,0.02);
#3235=IFCARBITRARYCLOSEDPROFILEDEF(.AREA.,$,#3236);
#3236=IFCINDEXEDPOLYCURVE(#3237,(IFCLINEINDEX((1,2,3,4,5,6,1))),$);
#3237=IFCCARTESIANPOINTLIST2D(((0.,0.),(0.,0.040000000000000008),(0.11999999999999998,0.040000000000000008),(0.11999999999999998,0.020000000000000004),(0.020000000000000004,0.020000000000000004),(0.020000000000000004,0.)));
#3238=IFCAXIS2PLACEMENT3D(#3239,#3240,#3241);
#3239=IFCCARTESIANPOINT((0.10000000074505806,0.,1.015000000372529));
#3240=IFCDIRECTION((0.,0.,1.));
#3241=IFCDIRECTION((1.,0.,0.));
#3242=IFCDIRECTION((0.,0.,1.));
#3244=IFCSHAPEREPRESENTATION(#11,'Body','SweptSolid',(#3308,#3317,#3206,#3215));
#3245=IFCSHAPEASPECT((#3244),'Lining',$,.T.,#3109);
#3246=IFCSHAPEREPRESENTATION(#11,'Body','SweptSolid',(#3233,#3234,#3335,#3224,#3336,#3326));
#3247=IFCSHAPEASPECT((#3246),'Framing',$,.T.,#3109);
#3260=IFCCARTESIANPOINT((0.,0.,0.));
#3261=IFCDIRECTION((1.,0.,0.));
#3262=IFCDIRECTION((0.,0.,1.));
#3263=IFCAXIS2PLACEMENT3D(#3260,#3262,#3261);
#3264=IFCREPRESENTATIONMAP(#3263,#3357);
#3265=IFCCARTESIANPOINT((0.,0.,0.));
#3266=IFCDIRECTION((1.,0.,0.));
#3267=IFCDIRECTION((0.,1.,0.));
#3268=IFCDIRECTION((0.,0.,1.));
#3269=IFCCARTESIANTRANSFORMATIONOPERATOR3D(#3266,#3267,#3265,1.,#3268);
#3270=IFCMAPPEDITEM(#3264,#3269);
#3271=IFCSHAPEREPRESENTATION(#25,'Annotation','MappedRepresentation',(#3270));
#3297=IFCCARTESIANPOINTLIST3D(((0.,0.,0.),(1.3665246963500977,0.,0.),(1.3665246963500977,0.,2.),(0.,0.,2.)));
#3298=IFCINDEXEDPOLYCURVE(#3297,(IFCLINEINDEX((1,2,3,4,1))),$);
#3299=IFCSHAPEREPRESENTATION(#18,'Profile','Curve3D',(#3298));
#3300=IFCCARTESIANPOINTLIST2D(((0.,0.),(0.,2.),(1.3665246963500977,2.),(1.3665246963500977,0.),(1.3165246956050396,0.),(1.3165246956050396,1.9499999992549419),(0.05000000074505806,1.9499999992549419),(0.05000000074505806,0.)));
#3301=IFCINDEXEDPOLYCURVE(#3300,(IFCLINEINDEX((1,2,3,4,5,6,7,8,1))),$);
#3302=IFCARBITRARYCLOSEDPROFILEDEF(.AREA.,$,#3301);
#3303=IFCCARTESIANPOINT((0.,0.,0.));
#3304=IFCDIRECTION((0.,-1.,0.));
#3305=IFCDIRECTION((1.,0.,0.));
#3306=IFCAXIS2PLACEMENT3D(#3303,#3304,#3305);
#3307=IFCDIRECTION((0.,0.,-1.));
#3308=IFCEXTRUDEDAREASOLID(#3302,#3306,#3307,0.05000000074505806);
#3309=IFCCARTESIANPOINTLIST2D(((0.,0.),(1.2665246948599815,0.),(1.2665246948599815,0.10000000149011612),(0.,0.10000000149011612)));
#3310=IFCINDEXEDPOLYCURVE(#3309,(IFCLINEINDEX((1,2,3,4,1))),$);
#3311=IFCARBITRARYCLOSEDPROFILEDEF(.AREA.,$,#3310);
#3312=IFCCARTESIANPOINT((0.05000000074505806,0.,0.));
#3313=IFCDIRECTION((0.,0.,1.));
#3314=IFCDIRECTION((1.,0.,0.));
#3315=IFCAXIS2PLACEMENT3D(#3312,#3313,#3314);
#3316=IFCDIRECTION((0.,0.,1.));
#3317=IFCEXTRUDEDAREASOLID(#3311,#3315,#3316,0.02500000037252903);
#3318=IFCCARTESIANPOINTLIST2D(((0.,0.),(1.2665246948599815,0.),(1.2665246948599815,0.035000000149011612),(0.,0.035000000149011612)));
#3319=IFCINDEXEDPOLYCURVE(#3318,(IFCLINEINDEX((1,2,3,4,1))),$);
#3320=IFCARBITRARYCLOSEDPROFILEDEF(.AREA.,$,#3319);
#3321=IFCCARTESIANPOINT((0.05000000074505806,-0.035000000149011612,0.02500000037252903));
#3322=IFCDIRECTION((0.,0.,1.));
#3323=IFCDIRECTION((1.,0.,0.));
#3324=IFCAXIS2PLACEMENT3D(#3321,#3322,#3323);
#3325=IFCDIRECTION((0.,0.,1.));
#3326=IFCEXTRUDEDAREASOLID(#3320,#3324,#3325,1.9249999988824129);
#3327=IFCCARTESIANPOINTLIST2D(((0.,0.),(0.,-0.040000000000000001),(0.12,-0.040000000000000001),(0.12,-0.02),(0.02,-0.02),(0.02,0.)));
#3328=IFCINDEXEDPOLYCURVE(#3327,(IFCLINEINDEX((1,2,3,4,5,6,1))),$);
#3329=IFCARBITRARYCLOSEDPROFILEDEF(.AREA.,$,#3328);
#3330=IFCCARTESIANPOINT((0.10000000074505806,-0.035000000149011612,1.015000000372529));
#3331=IFCDIRECTION((0.,0.,1.));
#3332=IFCDIRECTION((1.,0.,0.));
#3333=IFCAXIS2PLACEMENT3D(#3330,#3331,#3332);
#3334=IFCDIRECTION((0.,0.,1.));
#3335=IFCEXTRUDEDAREASOLID(#3329,#3333,#3334,0.02);
#3336=IFCEXTRUDEDAREASOLID(#3337,#3340,#3344,0.02);
#3337=IFCARBITRARYCLOSEDPROFILEDEF(.AREA.,$,#3338);
#3338=IFCINDEXEDPOLYCURVE(#3339,(IFCLINEINDEX((1,2,3,4,5,6,1))),$);
#3339=IFCCARTESIANPOINTLIST2D(((0.,0.),(0.,0.040000000000000008),(0.11999999999999998,0.040000000000000008),(0.11999999999999998,0.020000000000000004),(0.020000000000000004,0.020000000000000004),(0.020000000000000004,0.)));
#3340=IFCAXIS2PLACEMENT3D(#3341,#3342,#3343);
#3341=IFCCARTESIANPOINT((0.10000000074505806,0.,1.015000000372529));
#3342=IFCDIRECTION((0.,0.,1.));
#3343=IFCDIRECTION((1.,0.,0.));
#3344=IFCDIRECTION((0.,0.,1.));
#3345=IFCSHAPEREPRESENTATION(#11,'Body','SweptSolid',(#3308,#3326,#3335,#3336,#3317));
#3346=IFCCARTESIANPOINTLIST2D(((0.,0.),(0.05000000074505806,0.),(0.05000000074505806,0.05000000074505806),(0.,0.05000000074505806)));
#3347=IFCINDEXEDPOLYCURVE(#3346,(IFCLINEINDEX((1,2,3,4,1))),$);
#3348=IFCINDEXEDPOLYCURVE(#3349,(IFCLINEINDEX((1,2,3,4,1))),$);
#3349=IFCCARTESIANPOINTLIST2D(((1.3665246963500977,0.),(1.3165246956050396,0.),(1.3165246956050396,0.05000000074505806),(1.3665246963500977,0.05000000074505806)));
#3350=IFCCARTESIANPOINTLIST2D(((1.9497870430350304,-0.035000000149011612),(0.68326234817504883,-0.035000000149011612),(0.68326234817504883,0.),(1.9497870430350304,0.)));
#3351=IFCINDEXEDPOLYCURVE(#3350,(IFCLINEINDEX((1,2,3,4,1))),$);
#3352=IFCSHAPEREPRESENTATION(#24,'Body','Curve2D',(#3347,#3348,#3351));
#3353=IFCCARTESIANPOINTLIST2D(((0.49328364394605156,-0.081587428267465345),(0.87324105240404604,-0.081587428267465345)));
#3354=IFCINDEXEDPOLYCURVE(#3353,$,$);
#3355=IFCCARTESIANPOINTLIST2D(((0.52328364394605154,-0.050529142855162856),(0.49328364394605156,-0.081587428267465345),(0.52328364394605154,-0.11264571367976783)));
#3356=IFCINDEXEDPOLYCURVE(#3355,$,$);
#3357=IFCSHAPEREPRESENTATION(#25,'Annotation','Curve2D',(#3354,#3356));
#3358=IFCCARTESIANPOINTLIST2D(((0.,0.),(1.3665246963500977,0.),(1.3665246963500977,2.),(0.,2.)));
#3359=IFCINDEXEDPOLYCURVE(#3358,(IFCLINEINDEX((1,2,3,4,1))),$);
#3360=IFCARBITRARYCLOSEDPROFILEDEF(.AREA.,$,#3359);
#3361=IFCCARTESIANPOINT((0.,-0.60000002384185791,0.));
#3362=IFCDIRECTION((0.,-1.,0.));
#3363=IFCDIRECTION((1.,0.,0.));
#3364=IFCAXIS2PLACEMENT3D(#3361,#3362,#3363);
#3365=IFCDIRECTION((0.,0.,-1.));
#3366=IFCEXTRUDEDAREASOLID(#3360,#3364,#3365,1.2);
#3367=IFCSHAPEREPRESENTATION(#11,'Body','SweptSolid',(#3366));
#3373=IFCCARTESIANPOINT((0.032104238070888136,0.025000584706376117,0.));
#3374=IFCDIRECTION((0.,0.,1.));
#3375=IFCDIRECTION((0.99999999999988631,-4.7683715820291007E-07,0.));
#3376=IFCAXIS2PLACEMENT3D(#3373,#3374,#3375);
#3377=IFCLOCALPLACEMENT(#1071,#3376);
#3378=IFCCARTESIANPOINT((0.,0.,0.));
#3379=IFCDIRECTION((0.,0.,1.));
#3380=IFCDIRECTION((1.,3.1763735522036263E-22,0.));
#3381=IFCAXIS2PLACEMENT3D(#3378,#3379,#3380);
#3382=IFCLOCALPLACEMENT(#3377,#3381);
#3383=IFCWINDOWTYPE('3bAPOY6YDDRPieqxC43YL_',$,'Living-GF',$,$,(#3384),(#3393,#3441,#3463),$,$,.WINDOW.,.SINGLE_PANEL.,$,$);
#3384=IFCPROPERTYSET('1joLhp_OLEVOcrb1DX6fz7',$,'BBIM_Window',$,(#3385));
#3385=IFCPROPERTYSINGLEVALUE('Data',$,IFCTEXT('{"window_type": "SINGLE_PANEL", "overall_height": 0.8999999761581421, "overall_width": 0.8179734945297241, "lining_properties": {"lining_depth": 0.05000000074505806, "lining_thickness": 0.05000000074505806, "lining_offset": 0.05000000074505806, "lining_to_panel_offset_x": 0.02500000037252903, "lining_to_panel_offset_y": 0.02500000037252903}, "panel_properties": {"frame_depth": [0.03500000014901161, 0.03500000014901161, 0.03500000014901161], "frame_thickness": [0.03500000014901161, 0.03500000014901161, 0.03500000014901161]}}'),$);
#3389=IFCCARTESIANPOINT((0.,0.,0.));
#3390=IFCDIRECTION((1.,0.,0.));
#3391=IFCDIRECTION((0.,0.,1.));
#3392=IFCAXIS2PLACEMENT3D(#3389,#3391,#3390);
#3393=IFCREPRESENTATIONMAP(#3392,#4867);
#3437=IFCCARTESIANPOINT((0.,0.,0.));
#3438=IFCDIRECTION((1.,0.,0.));
#3439=IFCDIRECTION((0.,0.,1.));
#3440=IFCAXIS2PLACEMENT3D(#3437,#3439,#3438);
#3441=IFCREPRESENTATIONMAP(#3440,#4910);
#3459=IFCCARTESIANPOINT((0.,0.,0.));
#3460=IFCDIRECTION((1.,0.,0.));
#3461=IFCDIRECTION((0.,0.,1.));
#3462=IFCAXIS2PLACEMENT3D(#3459,#3461,#3460);
#3463=IFCREPRESENTATIONMAP(#3462,#4927);
#3464=IFCWINDOW('0AO4wn1W9DChparMXs6Slh',$,'Window',$,$,#4952,#3474,$,0.89999997615814209,0.81797349452972412,$,.SINGLE_PANEL.,$);
#3466=IFCRELDEFINESBYTYPE('3RxRyOoVDCQQyk1HMChKiB',$,$,$,(#3464),#3383);
#3467=IFCCARTESIANPOINT((0.,0.,0.));
#3468=IFCDIRECTION((1.,0.,0.));
#3469=IFCDIRECTION((0.,1.,0.));
#3470=IFCDIRECTION((0.,0.,1.));
#3471=IFCCARTESIANTRANSFORMATIONOPERATOR3D(#3468,#3469,#3467,1.,#3470);
#3472=IFCMAPPEDITEM(#3393,#3471);
#3473=IFCSHAPEREPRESENTATION(#18,'Profile','MappedRepresentation',(#3472));
#3474=IFCPRODUCTDEFINITIONSHAPE($,$,(#3473,#3481,#3488));
#3475=IFCCARTESIANPOINT((0.,0.,0.));
#3476=IFCDIRECTION((1.,0.,0.));
#3477=IFCDIRECTION((0.,1.,0.));
#3478=IFCDIRECTION((0.,0.,1.));
#3479=IFCCARTESIANTRANSFORMATIONOPERATOR3D(#3476,#3477,#3475,1.,#3478);
#3480=IFCMAPPEDITEM(#3441,#3479);
#3481=IFCSHAPEREPRESENTATION(#11,'Body','MappedRepresentation',(#3480));
#3482=IFCCARTESIANPOINT((0.,0.,0.));
#3483=IFCDIRECTION((1.,0.,0.));
#3484=IFCDIRECTION((0.,1.,0.));
#3485=IFCDIRECTION((0.,0.,1.));
#3486=IFCCARTESIANTRANSFORMATIONOPERATOR3D(#3483,#3484,#3482,1.,#3485);
#3487=IFCMAPPEDITEM(#3463,#3486);
#3488=IFCSHAPEREPRESENTATION(#24,'Body','MappedRepresentation',(#3487));
#3489=IFCOPENINGELEMENT('1NVZDgRHv46ugksUySFUMv',$,'Opening',$,$,#4947,#3517,$,.OPENING.);
#3505=IFCCARTESIANPOINT((0.,0.,0.));
#3506=IFCDIRECTION((1.,0.,0.));
#3507=IFCDIRECTION((0.,0.,1.));
#3508=IFCAXIS2PLACEMENT3D(#3505,#3507,#3506);
#3509=IFCREPRESENTATIONMAP(#3508,#4937);
#3510=IFCCARTESIANPOINT((0.,0.,0.));
#3511=IFCDIRECTION((1.,0.,0.));
#3512=IFCDIRECTION((0.,1.,0.));
#3513=IFCDIRECTION((0.,0.,1.));
#3514=IFCCARTESIANTRANSFORMATIONOPERATOR3D(#3511,#3512,#3510,1.,#3513);
#3515=IFCMAPPEDITEM(#3509,#3514);
#3516=IFCSHAPEREPRESENTATION(#11,'Body','MappedRepresentation',(#3515));
#3517=IFCPRODUCTDEFINITIONSHAPE($,$,(#3516));
#3518=IFCRELVOIDSELEMENT('3fzTrcO6j7TPBMBV4qoD2d',$,$,$,#203,#3489);
#3524=IFCRELFILLSELEMENT('1tjMTCT4rEbB4kOe$daGXk',$,$,$,#3489,#3464);
#3563=IFCCARTESIANPOINTLIST2D(((0.30000001192092896,0.),(0.,0.),(0.,0.89999997615814209),(0.30000001192092896,0.89999997615814209),(0.30000001192092896,0.87499997578561306),(0.02500000037252903,0.87499997578561306),(0.02500000037252903,0.02500000037252903),(0.30000001192092896,0.02500000037252903)));
#3564=IFCINDEXEDPOLYCURVE(#3563,(IFCLINEINDEX((1,2,3,4,5,6,7,8,1))),$);
#3565=IFCARBITRARYCLOSEDPROFILEDEF(.AREA.,$,#3564);
#3566=IFCCARTESIANPOINT((0.,0.090000001713633537,0.));
#3567=IFCDIRECTION((0.,-1.,0.));
#3568=IFCDIRECTION((1.,0.,0.));
#3569=IFCAXIS2PLACEMENT3D(#3566,#3567,#3568);
#3570=IFCDIRECTION((0.,0.,-1.));
#3571=IFCEXTRUDEDAREASOLID(#3565,#3569,#3570,0.0099999997764825821);
#3572=IFCCARTESIANPOINTLIST2D(((0.,0.),(0.30000001192092896,0.),(0.30000001192092896,0.89999997615814209),(0.,0.89999997615814209)));
#3573=IFCINDEXEDPOLYCURVE(#3572,(IFCLINEINDEX((1,2,3,4,1))),$);
#3574=IFCCARTESIANPOINTLIST2D(((0.05000000074505806,0.05000000074505806),(0.27500001154839993,0.05000000074505806),(0.27500001154839993,0.84999997541308403),(0.05000000074505806,0.84999997541308403)));
#3575=IFCINDEXEDPOLYCURVE(#3574,(IFCLINEINDEX((1,2,3,4,1))),$);
#3576=IFCARBITRARYPROFILEDEFWITHVOIDS(.AREA.,$,#3573,(#3575));
#3577=IFCCARTESIANPOINT((0.,0.05000000074505806,0.));
#3578=IFCDIRECTION((0.,-1.,0.));
#3579=IFCDIRECTION((1.,0.,0.));
#3580=IFCAXIS2PLACEMENT3D(#3577,#3578,#3579);
#3581=IFCDIRECTION((0.,0.,-1.));
#3582=IFCEXTRUDEDAREASOLID(#3576,#3580,#3581,0.040000000968575478);
#3583=IFCCARTESIANPOINTLIST2D(((0.,0.),(0.27500001154839993,0.),(0.27500001154839993,0.84999997541308403),(0.,0.84999997541308403)));
#3584=IFCINDEXEDPOLYCURVE(#3583,(IFCLINEINDEX((1,2,3,4,1))),$);
#3585=IFCCARTESIANPOINTLIST2D(((0.035000000149011612,0.035000000149011612),(0.24000001139938831,0.035000000149011612),(0.24000001139938831,0.81499997526407242),(0.035000000149011612,0.81499997526407242)));
#3586=IFCINDEXEDPOLYCURVE(#3585,(IFCLINEINDEX((1,2,3,4,1))),$);
#3587=IFCARBITRARYPROFILEDEFWITHVOIDS(.AREA.,$,#3584,(#3586));
#3588=IFCCARTESIANPOINT((0.02500000037252903,0.090000001713633537,0.02500000037252903));
#3589=IFCDIRECTION((0.,-1.,0.));
#3590=IFCDIRECTION((1.,0.,0.));
#3591=IFCAXIS2PLACEMENT3D(#3588,#3589,#3590);
#3592=IFCDIRECTION((0.,0.,-1.));
#3593=IFCEXTRUDEDAREASOLID(#3587,#3591,#3592,0.035000000149011612);
#3594=IFCINDEXEDPOLYCURVE(#3595,(IFCLINEINDEX((1,2,3,4,1))),$);
#3595=IFCCARTESIANPOINTLIST2D(((0.035000000149011612,0.035000000149011612),(0.24000001139938831,0.035000000149011612),(0.24000001139938831,0.81499997526407242),(0.035000000149011612,0.81499997526407242)));
#3596=IFCARBITRARYCLOSEDPROFILEDEF(.AREA.,$,#3594);
#3597=IFCCARTESIANPOINT((0.02500000037252903,0.10250000178813934,0.02500000037252903));
#3598=IFCDIRECTION((0.,-1.,0.));
#3599=IFCDIRECTION((1.,0.,0.));
#3600=IFCAXIS2PLACEMENT3D(#3597,#3598,#3599);
#3601=IFCDIRECTION((0.,0.,-1.));
#3602=IFCEXTRUDEDAREASOLID(#3596,#3600,#3601,0.01);
#3603=IFCCARTESIANPOINTLIST2D(((0.,0.89999997615814209),(0.51797348260879517,0.89999997615814209),(0.51797348260879517,0.),(0.,0.),(0.,0.02500000037252903),(0.49297348223626614,0.02500000037252903),(0.49297348223626614,0.87499997578561306),(0.,0.87499997578561306)));
#3604=IFCINDEXEDPOLYCURVE(#3603,(IFCLINEINDEX((1,2,3,4,5,6,7,8,1))),$);
#3605=IFCARBITRARYCLOSEDPROFILEDEF(.AREA.,$,#3604);
#3606=IFCCARTESIANPOINT((0.30000001192092896,0.090000001713633537,0.));
#3607=IFCDIRECTION((0.,-1.,0.));
#3608=IFCDIRECTION((1.,0.,0.));
#3609=IFCAXIS2PLACEMENT3D(#3606,#3607,#3608);
#3610=IFCDIRECTION((0.,0.,-1.));
#3611=IFCEXTRUDEDAREASOLID(#3605,#3609,#3610,0.0099999997764825821);
#3612=IFCCARTESIANPOINTLIST2D(((0.,0.),(0.51797348260879517,0.),(0.51797348260879517,0.89999997615814209),(0.,0.89999997615814209)));
#3613=IFCINDEXEDPOLYCURVE(#3612,(IFCLINEINDEX((1,2,3,4,1))),$);
#3614=IFCCARTESIANPOINTLIST2D(((0.02500000037252903,0.05000000074505806),(0.46797348186373711,0.05000000074505806),(0.46797348186373711,0.84999997541308403),(0.02500000037252903,0.84999997541308403)));
#3615=IFCINDEXEDPOLYCURVE(#3614,(IFCLINEINDEX((1,2,3,4,1))),$);
#3616=IFCARBITRARYPROFILEDEFWITHVOIDS(.AREA.,$,#3613,(#3615));
#3617=IFCCARTESIANPOINT((0.30000001192092896,0.05000000074505806,0.));
#3618=IFCDIRECTION((0.,-1.,0.));
#3619=IFCDIRECTION((1.,0.,0.));
#3620=IFCAXIS2PLACEMENT3D(#3617,#3618,#3619);
#3621=IFCDIRECTION((0.,0.,-1.));
#3622=IFCEXTRUDEDAREASOLID(#3616,#3620,#3621,0.040000000968575478);
#3623=IFCCARTESIANPOINTLIST2D(((0.,0.),(0.49297348223626614,0.),(0.49297348223626614,0.84999997541308403),(0.,0.84999997541308403)));
#3624=IFCINDEXEDPOLYCURVE(#3623,(IFCLINEINDEX((1,2,3,4,1))),$);
#3625=IFCCARTESIANPOINTLIST2D(((0.035000000149011612,0.035000000149011612),(0.45797348208725452,0.035000000149011612),(0.45797348208725452,0.81499997526407242),(0.035000000149011612,0.81499997526407242)));
#3626=IFCINDEXEDPOLYCURVE(#3625,(IFCLINEINDEX((1,2,3,4,1))),$);
#3627=IFCARBITRARYPROFILEDEFWITHVOIDS(.AREA.,$,#3624,(#3626));
#3628=IFCCARTESIANPOINT((0.30000001192092896,0.090000001713633537,0.02500000037252903));
#3629=IFCDIRECTION((0.,-1.,0.));
#3630=IFCDIRECTION((1.,0.,0.));
#3631=IFCAXIS2PLACEMENT3D(#3628,#3629,#3630);
#3632=IFCDIRECTION((0.,0.,-1.));
#3633=IFCEXTRUDEDAREASOLID(#3627,#3631,#3632,0.035000000149011612);
#3634=IFCINDEXEDPOLYCURVE(#3635,(IFCLINEINDEX((1,2,3,4,1))),$);
#3635=IFCCARTESIANPOINTLIST2D(((0.035000000149011612,0.035000000149011612),(0.45797348208725452,0.035000000149011612),(0.45797348208725452,0.81499997526407242),(0.035000000149011612,0.81499997526407242)));
#3636=IFCARBITRARYCLOSEDPROFILEDEF(.AREA.,$,#3634);
#3637=IFCCARTESIANPOINT((0.30000001192092896,0.10250000178813934,0.02500000037252903));
#3638=IFCDIRECTION((0.,-1.,0.));
#3639=IFCDIRECTION((1.,0.,0.));
#3640=IFCAXIS2PLACEMENT3D(#3637,#3638,#3639);
#3641=IFCDIRECTION((0.,0.,-1.));
#3642=IFCEXTRUDEDAREASOLID(#3636,#3640,#3641,0.01);
#3644=IFCSHAPEREPRESENTATION(#11,'Body','SweptSolid',(#4573,#4734,#4613,#4602,#3571,#3611,#4774,#4785,#4878,#4889,#4562,#3582,#4745,#3622));
#3645=IFCSHAPEASPECT((#3644),'Lining',$,.T.,#3474);
#3646=IFCSHAPEREPRESENTATION(#11,'Body','SweptSolid',(#3633,#4796,#4900,#4584,#3593,#4756,#4624));
#3647=IFCSHAPEASPECT((#3646),'Framing',$,.T.,#3474);
#3648=IFCSHAPEREPRESENTATION(#11,'Body','SweptSolid',(#4593,#3602,#4765,#4633,#3642,#4805,#4909));
#3649=IFCSHAPEASPECT((#3648),'Glazing',$,.T.,#3474);
#3728=IFCWINDOWTYPE('19qpuhdw93yvkGSpzEXHBG',$,'Guest-1-GF',$,$,(#3729),(#3731,#3739,#3825),$,$,.WINDOW.,.SINGLE_PANEL.,$,$);
#3729=IFCPROPERTYSET('2mw5Ok9mT93Bjhs3U6Bx2G',$,'BBIM_Window',$,(#3730));
#3730=IFCPROPERTYSINGLEVALUE('Data',$,IFCTEXT('{"window_type": "DOUBLE_PANEL_VERTICAL", "overall_height": 0.8999999761581421, "overall_width": 1.0841559171676636, "lining_properties": {"lining_depth": 0.05000000074505806, "lining_thickness": 0.05000000074505806, "lining_offset": 0.05000000074505806, "lining_to_panel_offset_x": 0.02500000037252903, "lining_to_panel_offset_y": 0.02500000037252903, "mullion_thickness": 0.05000000074505806, "first_mullion_offset": 0.49673396348953247}, "panel_properties": {"frame_depth": [0.03500000014901161, 0.03500000014901161, 0.03500000014901161], "frame_thickness": [0.03500000014901161, 0.03500000014901161, 0.03500000014901161]}}'),$);
#3731=IFCREPRESENTATIONMAP(#3732,#4411);
#3732=IFCAXIS2PLACEMENT3D(#3733,#3734,#3735);
#3733=IFCCARTESIANPOINT((0.,0.,0.));
#3734=IFCDIRECTION((0.,0.,1.));
#3735=IFCDIRECTION((1.,0.,0.));
#3739=IFCREPRESENTATIONMAP(#3740,#4492);
#3740=IFCAXIS2PLACEMENT3D(#3741,#3742,#3743);
#3741=IFCCARTESIANPOINT((0.,0.,0.));
#3742=IFCDIRECTION((0.,0.,1.));
#3743=IFCDIRECTION((1.,0.,0.));
#3825=IFCREPRESENTATIONMAP(#3826,#4525);
#3826=IFCAXIS2PLACEMENT3D(#3827,#3828,#3829);
#3827=IFCCARTESIANPOINT((0.,0.,0.));
#3828=IFCDIRECTION((0.,0.,1.));
#3829=IFCDIRECTION((1.,0.,0.));
#3863=IFCWINDOW('2RSYKSGFP0fvlY972xduW_',$,'Window',$,$,#4972,#3873,$,0.89999997615814209,1.0841559171676636,$,.DOUBLE_PANEL_VERTICAL.,$);
#3865=IFCRELDEFINESBYTYPE('1HHNo9U0L2B88Lw2l5UjT6',$,$,$,(#3863),#3728);
#3866=IFCCARTESIANPOINT((0.,0.,0.));
#3867=IFCDIRECTION((1.,0.,0.));
#3868=IFCDIRECTION((0.,1.,0.));
#3869=IFCDIRECTION((0.,0.,1.));
#3870=IFCCARTESIANTRANSFORMATIONOPERATOR3D(#3867,#3868,#3866,1.,#3869);
#3871=IFCMAPPEDITEM(#3731,#3870);
#3872=IFCSHAPEREPRESENTATION(#18,'Profile','MappedRepresentation',(#3871));
#3873=IFCPRODUCTDEFINITIONSHAPE($,$,(#3872,#3880,#3887));
#3874=IFCCARTESIANPOINT((0.,0.,0.));
#3875=IFCDIRECTION((1.,0.,0.));
#3876=IFCDIRECTION((0.,1.,0.));
#3877=IFCDIRECTION((0.,0.,1.));
#3878=IFCCARTESIANTRANSFORMATIONOPERATOR3D(#3875,#3876,#3874,1.,#3877);
#3879=IFCMAPPEDITEM(#3739,#3878);
#3880=IFCSHAPEREPRESENTATION(#11,'Body','MappedRepresentation',(#3879));
#3881=IFCCARTESIANPOINT((0.,0.,0.));
#3882=IFCDIRECTION((1.,0.,0.));
#3883=IFCDIRECTION((0.,1.,0.));
#3884=IFCDIRECTION((0.,0.,1.));
#3885=IFCCARTESIANTRANSFORMATIONOPERATOR3D(#3882,#3883,#3881,1.,#3884);
#3886=IFCMAPPEDITEM(#3825,#3885);
#3887=IFCSHAPEREPRESENTATION(#24,'Body','MappedRepresentation',(#3886));
#3888=IFCOPENINGELEMENT('3hJmfr_Yb2gQB2dW0tznVv',$,'Opening',$,$,#4962,#3916,$,.OPENING.);
#3904=IFCCARTESIANPOINT((0.,0.,0.));
#3905=IFCDIRECTION((1.,0.,0.));
#3906=IFCDIRECTION((0.,0.,1.));
#3907=IFCAXIS2PLACEMENT3D(#3904,#3906,#3905);
#3908=IFCREPRESENTATIONMAP(#3907,#4535);
#3909=IFCCARTESIANPOINT((0.,0.,0.));
#3910=IFCDIRECTION((1.,0.,0.));
#3911=IFCDIRECTION((0.,1.,0.));
#3912=IFCDIRECTION((0.,0.,1.));
#3913=IFCCARTESIANTRANSFORMATIONOPERATOR3D(#3910,#3911,#3909,1.,#3912);
#3914=IFCMAPPEDITEM(#3908,#3913);
#3915=IFCSHAPEREPRESENTATION(#11,'Body','MappedRepresentation',(#3914));
#3916=IFCPRODUCTDEFINITIONSHAPE($,$,(#3915));
#3917=IFCRELVOIDSELEMENT('2hG5qFKUX5JRoDFPtQ87md',$,$,$,#87,#3888);
#3923=IFCRELFILLSELEMENT('2YNSvkll9DGQT8YxMDffNv',$,$,$,#3888,#3863);
#3932=IFCCARTESIANPOINTLIST2D(((0.30000001192092896,0.),(0.,0.),(0.,0.89999997615814209),(0.30000001192092896,0.89999997615814209),(0.30000001192092896,0.87499997578561306),(0.02500000037252903,0.87499997578561306),(0.02500000037252903,0.02500000037252903),(0.30000001192092896,0.02500000037252903)));
#3933=IFCINDEXEDPOLYCURVE(#3932,(IFCLINEINDEX((1,2,3,4,5,6,7,8,1))),$);
#3934=IFCARBITRARYCLOSEDPROFILEDEF(.AREA.,$,#3933);
#3935=IFCCARTESIANPOINT((0.,0.090000001713633537,0.));
#3936=IFCDIRECTION((0.,-1.,0.));
#3937=IFCDIRECTION((1.,0.,0.));
#3938=IFCAXIS2PLACEMENT3D(#3935,#3936,#3937);
#3939=IFCDIRECTION((0.,0.,-1.));
#3940=IFCEXTRUDEDAREASOLID(#3934,#3938,#3939,0.0099999997764825821);
#3941=IFCCARTESIANPOINTLIST2D(((0.,0.),(0.30000001192092896,0.),(0.30000001192092896,0.89999997615814209),(0.,0.89999997615814209)));
#3942=IFCINDEXEDPOLYCURVE(#3941,(IFCLINEINDEX((1,2,3,4,1))),$);
#3943=IFCCARTESIANPOINTLIST2D(((0.05000000074505806,0.05000000074505806),(0.27500001154839993,0.05000000074505806),(0.27500001154839993,0.84999997541308403),(0.05000000074505806,0.84999997541308403)));
#3944=IFCINDEXEDPOLYCURVE(#3943,(IFCLINEINDEX((1,2,3,4,1))),$);
#3945=IFCARBITRARYPROFILEDEFWITHVOIDS(.AREA.,$,#3942,(#3944));
#3946=IFCCARTESIANPOINT((0.,0.05000000074505806,0.));
#3947=IFCDIRECTION((0.,-1.,0.));
#3948=IFCDIRECTION((1.,0.,0.));
#3949=IFCAXIS2PLACEMENT3D(#3946,#3947,#3948);
#3950=IFCDIRECTION((0.,0.,-1.));
#3951=IFCEXTRUDEDAREASOLID(#3945,#3949,#3950,0.040000000968575478);
#3952=IFCCARTESIANPOINTLIST2D(((0.,0.),(0.27500001154839993,0.),(0.27500001154839993,0.84999997541308403),(0.,0.84999997541308403)));
#3953=IFCINDEXEDPOLYCURVE(#3952,(IFCLINEINDEX((1,2,3,4,1))),$);
#3954=IFCCARTESIANPOINTLIST2D(((0.035000000149011612,0.035000000149011612),(0.24000001139938831,0.035000000149011612),(0.24000001139938831,0.81499997526407242),(0.035000000149011612,0.81499997526407242)));
#3955=IFCINDEXEDPOLYCURVE(#3954,(IFCLINEINDEX((1,2,3,4,1))),$);
#3956=IFCARBITRARYPROFILEDEFWITHVOIDS(.AREA.,$,#3953,(#3955));
#3957=IFCCARTESIANPOINT((0.02500000037252903,0.090000001713633537,0.02500000037252903));
#3958=IFCDIRECTION((0.,-1.,0.));
#3959=IFCDIRECTION((1.,0.,0.));
#3960=IFCAXIS2PLACEMENT3D(#3957,#3958,#3959);
#3961=IFCDIRECTION((0.,0.,-1.));
#3962=IFCEXTRUDEDAREASOLID(#3956,#3960,#3961,0.035000000149011612);
#3963=IFCINDEXEDPOLYCURVE(#3964,(IFCLINEINDEX((1,2,3,4,1))),$);
#3964=IFCCARTESIANPOINTLIST2D(((0.035000000149011612,0.035000000149011612),(0.24000001139938831,0.035000000149011612),(0.24000001139938831,0.81499997526407242),(0.035000000149011612,0.81499997526407242)));
#3965=IFCARBITRARYCLOSEDPROFILEDEF(.AREA.,$,#3963);
#3966=IFCCARTESIANPOINT((0.02500000037252903,0.10250000178813934,0.02500000037252903));
#3967=IFCDIRECTION((0.,-1.,0.));
#3968=IFCDIRECTION((1.,0.,0.));
#3969=IFCAXIS2PLACEMENT3D(#3966,#3967,#3968);
#3970=IFCDIRECTION((0.,0.,-1.));
#3971=IFCEXTRUDEDAREASOLID(#3965,#3969,#3970,0.01);
#3972=IFCCARTESIANPOINTLIST2D(((0.,0.89999997615814209),(0.78415590524673462,0.89999997615814209),(0.78415590524673462,0.),(0.,0.),(0.,0.02500000037252903),(0.75915590487420559,0.02500000037252903),(0.75915590487420559,0.87499997578561306),(0.,0.87499997578561306)));
#3973=IFCINDEXEDPOLYCURVE(#3972,(IFCLINEINDEX((1,2,3,4,5,6,7,8,1))),$);
#3974=IFCARBITRARYCLOSEDPROFILEDEF(.AREA.,$,#3973);
#3975=IFCCARTESIANPOINT((0.30000001192092896,0.090000001713633537,0.));
#3976=IFCDIRECTION((0.,-1.,0.));
#3977=IFCDIRECTION((1.,0.,0.));
#3978=IFCAXIS2PLACEMENT3D(#3975,#3976,#3977);
#3979=IFCDIRECTION((0.,0.,-1.));
#3980=IFCEXTRUDEDAREASOLID(#3974,#3978,#3979,0.0099999997764825821);
#3981=IFCCARTESIANPOINTLIST2D(((0.,0.),(0.78415590524673462,0.),(0.78415590524673462,0.89999997615814209),(0.,0.89999997615814209)));
#3982=IFCINDEXEDPOLYCURVE(#3981,(IFCLINEINDEX((1,2,3,4,1))),$);
#3983=IFCCARTESIANPOINTLIST2D(((0.02500000037252903,0.05000000074505806),(0.73415590450167656,0.05000000074505806),(0.73415590450167656,0.84999997541308403),(0.02500000037252903,0.84999997541308403)));
#3984=IFCINDEXEDPOLYCURVE(#3983,(IFCLINEINDEX((1,2,3,4,1))),$);
#3985=IFCARBITRARYPROFILEDEFWITHVOIDS(.AREA.,$,#3982,(#3984));
#3986=IFCCARTESIANPOINT((0.30000001192092896,0.05000000074505806,0.));
#3987=IFCDIRECTION((0.,-1.,0.));
#3988=IFCDIRECTION((1.,0.,0.));
#3989=IFCAXIS2PLACEMENT3D(#3986,#3987,#3988);
#3990=IFCDIRECTION((0.,0.,-1.));
#3991=IFCEXTRUDEDAREASOLID(#3985,#3989,#3990,0.040000000968575478);
#3992=IFCCARTESIANPOINTLIST2D(((0.,0.),(0.75915590487420559,0.),(0.75915590487420559,0.84999997541308403),(0.,0.84999997541308403)));
#3993=IFCINDEXEDPOLYCURVE(#3992,(IFCLINEINDEX((1,2,3,4,1))),$);
#3994=IFCCARTESIANPOINTLIST2D(((0.035000000149011612,0.035000000149011612),(0.72415590472519398,0.035000000149011612),(0.72415590472519398,0.81499997526407242),(0.035000000149011612,0.81499997526407242)));
#3995=IFCINDEXEDPOLYCURVE(#3994,(IFCLINEINDEX((1,2,3,4,1))),$);
#3996=IFCARBITRARYPROFILEDEFWITHVOIDS(.AREA.,$,#3993,(#3995));
#3997=IFCCARTESIANPOINT((0.30000001192092896,0.090000001713633537,0.02500000037252903));
#3998=IFCDIRECTION((0.,-1.,0.));
#3999=IFCDIRECTION((1.,0.,0.));
#4000=IFCAXIS2PLACEMENT3D(#3997,#3998,#3999);
#4001=IFCDIRECTION((0.,0.,-1.));
#4002=IFCEXTRUDEDAREASOLID(#3996,#4000,#4001,0.035000000149011612);
#4003=IFCINDEXEDPOLYCURVE(#4004,(IFCLINEINDEX((1,2,3,4,1))),$);
#4004=IFCCARTESIANPOINTLIST2D(((0.035000000149011612,0.035000000149011612),(0.72415590472519398,0.035000000149011612),(0.72415590472519398,0.81499997526407242),(0.035000000149011612,0.81499997526407242)));
#4005=IFCARBITRARYCLOSEDPROFILEDEF(.AREA.,$,#4003);
#4006=IFCCARTESIANPOINT((0.30000001192092896,0.10250000178813934,0.02500000037252903));
#4007=IFCDIRECTION((0.,-1.,0.));
#4008=IFCDIRECTION((1.,0.,0.));
#4009=IFCAXIS2PLACEMENT3D(#4006,#4007,#4008);
#4010=IFCDIRECTION((0.,0.,-1.));
#4011=IFCEXTRUDEDAREASOLID(#4005,#4009,#4010,0.01);
#4013=IFCSHAPEREPRESENTATION(#11,'Body','SweptSolid',(#4289,#4471,#4460,#4431,#3951,#4318,#4329,#3991,#3980,#4420,#4278,#3940));
#4014=IFCSHAPEASPECT((#4013),'Lining',$,.T.,#3873);
#4015=IFCSHAPEREPRESENTATION(#11,'Body','SweptSolid',(#3962,#4340,#4482,#4002,#4442,#4300));
#4016=IFCSHAPEASPECT((#4015),'Framing',$,.T.,#3873);
#4017=IFCSHAPEREPRESENTATION(#11,'Body','SweptSolid',(#4011,#4451,#4309,#3971,#4349,#4491));
#4018=IFCSHAPEASPECT((#4017),'Glazing',$,.T.,#3873);
#4270=IFCCARTESIANPOINTLIST2D(((0.30000001192092896,0.),(0.,0.),(0.,0.89999997615814209),(0.30000001192092896,0.89999997615814209),(0.30000001192092896,0.87499997578561306),(0.02500000037252903,0.87499997578561306),(0.02500000037252903,0.02500000037252903),(0.30000001192092896,0.02500000037252903)));
#4271=IFCINDEXEDPOLYCURVE(#4270,(IFCLINEINDEX((1,2,3,4,5,6,7,8,1))),$);
#4272=IFCARBITRARYCLOSEDPROFILEDEF(.AREA.,$,#4271);
#4273=IFCCARTESIANPOINT((0.,0.090000001713633537,0.));
#4274=IFCDIRECTION((0.,-1.,0.));
#4275=IFCDIRECTION((1.,0.,0.));
#4276=IFCAXIS2PLACEMENT3D(#4273,#4274,#4275);
#4277=IFCDIRECTION((0.,0.,-1.));
#4278=IFCEXTRUDEDAREASOLID(#4272,#4276,#4277,0.0099999997764825821);
#4279=IFCCARTESIANPOINTLIST2D(((0.,0.),(0.30000001192092896,0.),(0.30000001192092896,0.89999997615814209),(0.,0.89999997615814209)));
#4280=IFCINDEXEDPOLYCURVE(#4279,(IFCLINEINDEX((1,2,3,4,1))),$);
#4281=IFCCARTESIANPOINTLIST2D(((0.05000000074505806,0.05000000074505806),(0.27500001154839993,0.05000000074505806),(0.27500001154839993,0.84999997541308403),(0.05000000074505806,0.84999997541308403)));
#4282=IFCINDEXEDPOLYCURVE(#4281,(IFCLINEINDEX((1,2,3,4,1))),$);
#4283=IFCARBITRARYPROFILEDEFWITHVOIDS(.AREA.,$,#4280,(#4282));
#4284=IFCCARTESIANPOINT((0.,0.05000000074505806,0.));
#4285=IFCDIRECTION((0.,-1.,0.));
#4286=IFCDIRECTION((1.,0.,0.));
#4287=IFCAXIS2PLACEMENT3D(#4284,#4285,#4286);
#4288=IFCDIRECTION((0.,0.,-1.));
#4289=IFCEXTRUDEDAREASOLID(#4283,#4287,#4288,0.040000000968575478);
#4290=IFCCARTESIANPOINTLIST2D(((0.,0.),(0.27500001154839993,0.),(0.27500001154839993,0.84999997541308403),(0.,0.84999997541308403)));
#4291=IFCINDEXEDPOLYCURVE(#4290,(IFCLINEINDEX((1,2,3,4,1))),$);
#4292=IFCCARTESIANPOINTLIST2D(((0.035000000149011612,0.035000000149011612),(0.24000001139938831,0.035000000149011612),(0.24000001139938831,0.81499997526407242),(0.035000000149011612,0.81499997526407242)));
#4293=IFCINDEXEDPOLYCURVE(#4292,(IFCLINEINDEX((1,2,3,4,1))),$);
#4294=IFCARBITRARYPROFILEDEFWITHVOIDS(.AREA.,$,#4291,(#4293));
#4295=IFCCARTESIANPOINT((0.02500000037252903,0.090000001713633537,0.02500000037252903));
#4296=IFCDIRECTION((0.,-1.,0.));
#4297=IFCDIRECTION((1.,0.,0.));
#4298=IFCAXIS2PLACEMENT3D(#4295,#4296,#4297);
#4299=IFCDIRECTION((0.,0.,-1.));
#4300=IFCEXTRUDEDAREASOLID(#4294,#4298,#4299,0.035000000149011612);
#4301=IFCINDEXEDPOLYCURVE(#4302,(IFCLINEINDEX((1,2,3,4,1))),$);
#4302=IFCCARTESIANPOINTLIST2D(((0.035000000149011612,0.035000000149011612),(0.24000001139938831,0.035000000149011612),(0.24000001139938831,0.81499997526407242),(0.035000000149011612,0.81499997526407242)));
#4303=IFCARBITRARYCLOSEDPROFILEDEF(.AREA.,$,#4301);
#4304=IFCCARTESIANPOINT((0.02500000037252903,0.10250000178813934,0.02500000037252903));
#4305=IFCDIRECTION((0.,-1.,0.));
#4306=IFCDIRECTION((1.,0.,0.));
#4307=IFCAXIS2PLACEMENT3D(#4304,#4305,#4306);
#4308=IFCDIRECTION((0.,0.,-1.));
#4309=IFCEXTRUDEDAREASOLID(#4303,#4307,#4308,0.01);
#4310=IFCCARTESIANPOINTLIST2D(((0.,0.89999997615814209),(0.78415590524673462,0.89999997615814209),(0.78415590524673462,0.),(0.,0.),(0.,0.02500000037252903),(0.75915590487420559,0.02500000037252903),(0.75915590487420559,0.87499997578561306),(0.,0.87499997578561306)));
#4311=IFCINDEXEDPOLYCURVE(#4310,(IFCLINEINDEX((1,2,3,4,5,6,7,8,1))),$);
#4312=IFCARBITRARYCLOSEDPROFILEDEF(.AREA.,$,#4311);
#4313=IFCCARTESIANPOINT((0.30000001192092896,0.090000001713633537,0.));
#4314=IFCDIRECTION((0.,-1.,0.));
#4315=IFCDIRECTION((1.,0.,0.));
#4316=IFCAXIS2PLACEMENT3D(#4313,#4314,#4315);
#4317=IFCDIRECTION((0.,0.,-1.));
#4318=IFCEXTRUDEDAREASOLID(#4312,#4316,#4317,0.0099999997764825821);
#4319=IFCCARTESIANPOINTLIST2D(((0.,0.),(0.78415590524673462,0.),(0.78415590524673462,0.89999997615814209),(0.,0.89999997615814209)));
#4320=IFCINDEXEDPOLYCURVE(#4319,(IFCLINEINDEX((1,2,3,4,1))),$);
#4321=IFCCARTESIANPOINTLIST2D(((0.02500000037252903,0.05000000074505806),(0.73415590450167656,0.05000000074505806),(0.73415590450167656,0.84999997541308403),(0.02500000037252903,0.84999997541308403)));
#4322=IFCINDEXEDPOLYCURVE(#4321,(IFCLINEINDEX((1,2,3,4,1))),$);
#4323=IFCARBITRARYPROFILEDEFWITHVOIDS(.AREA.,$,#4320,(#4322));
#4324=IFCCARTESIANPOINT((0.30000001192092896,0.05000000074505806,0.));
#4325=IFCDIRECTION((0.,-1.,0.));
#4326=IFCDIRECTION((1.,0.,0.));
#4327=IFCAXIS2PLACEMENT3D(#4324,#4325,#4326);
#4328=IFCDIRECTION((0.,0.,-1.));
#4329=IFCEXTRUDEDAREASOLID(#4323,#4327,#4328,0.040000000968575478);
#4330=IFCCARTESIANPOINTLIST2D(((0.,0.),(0.75915590487420559,0.),(0.75915590487420559,0.84999997541308403),(0.,0.84999997541308403)));
#4331=IFCINDEXEDPOLYCURVE(#4330,(IFCLINEINDEX((1,2,3,4,1))),$);
#4332=IFCCARTESIANPOINTLIST2D(((0.035000000149011612,0.035000000149011612),(0.72415590472519398,0.035000000149011612),(0.72415590472519398,0.81499997526407242),(0.035000000149011612,0.81499997526407242)));
#4333=IFCINDEXEDPOLYCURVE(#4332,(IFCLINEINDEX((1,2,3,4,1))),$);
#4334=IFCARBITRARYPROFILEDEFWITHVOIDS(.AREA.,$,#4331,(#4333));
#4335=IFCCARTESIANPOINT((0.30000001192092896,0.090000001713633537,0.02500000037252903));
#4336=IFCDIRECTION((0.,-1.,0.));
#4337=IFCDIRECTION((1.,0.,0.));
#4338=IFCAXIS2PLACEMENT3D(#4335,#4336,#4337);
#4339=IFCDIRECTION((0.,0.,-1.));
#4340=IFCEXTRUDEDAREASOLID(#4334,#4338,#4339,0.035000000149011612);
#4341=IFCINDEXEDPOLYCURVE(#4342,(IFCLINEINDEX((1,2,3,4,1))),$);
#4342=IFCCARTESIANPOINTLIST2D(((0.035000000149011612,0.035000000149011612),(0.72415590472519398,0.035000000149011612),(0.72415590472519398,0.81499997526407242),(0.035000000149011612,0.81499997526407242)));
#4343=IFCARBITRARYCLOSEDPROFILEDEF(.AREA.,$,#4341);
#4344=IFCCARTESIANPOINT((0.30000001192092896,0.10250000178813934,0.02500000037252903));
#4345=IFCDIRECTION((0.,-1.,0.));
#4346=IFCDIRECTION((1.,0.,0.));
#4347=IFCAXIS2PLACEMENT3D(#4344,#4345,#4346);
#4348=IFCDIRECTION((0.,0.,-1.));
#4349=IFCEXTRUDEDAREASOLID(#4343,#4347,#4348,0.01);
#4409=IFCCARTESIANPOINTLIST3D(((0.,0.,0.),(1.0841559171676636,0.,0.),(1.0841559171676636,0.,0.89999997615814209),(0.,0.,0.89999997615814209)));
#4410=IFCINDEXEDPOLYCURVE(#4409,(IFCLINEINDEX((1,2,3,4,1))),$);
#4411=IFCSHAPEREPRESENTATION(#18,'Profile','Curve3D',(#4410));
#4412=IFCCARTESIANPOINTLIST2D(((0.49673396348953247,0.),(0.,0.),(0.,0.89999997615814209),(0.49673396348953247,0.89999997615814209),(0.49673396348953247,0.87499997578561306),(0.02500000037252903,0.87499997578561306),(0.02500000037252903,0.02500000037252903),(0.49673396348953247,0.02500000037252903)));
#4413=IFCINDEXEDPOLYCURVE(#4412,(IFCLINEINDEX((1,2,3,4,5,6,7,8,1))),$);
#4414=IFCARBITRARYCLOSEDPROFILEDEF(.AREA.,$,#4413);
#4415=IFCCARTESIANPOINT((0.,0.090000001713633537,0.));
#4416=IFCDIRECTION((0.,-1.,0.));
#4417=IFCDIRECTION((1.,0.,0.));
#4418=IFCAXIS2PLACEMENT3D(#4415,#4416,#4417);
#4419=IFCDIRECTION((0.,0.,-1.));
#4420=IFCEXTRUDEDAREASOLID(#4414,#4418,#4419,0.0099999997764825821);
#4421=IFCCARTESIANPOINTLIST2D(((0.,0.),(0.49673396348953247,0.),(0.49673396348953247,0.89999997615814209),(0.,0.89999997615814209)));
#4422=IFCINDEXEDPOLYCURVE(#4421,(IFCLINEINDEX((1,2,3,4,1))),$);
#4423=IFCCARTESIANPOINTLIST2D(((0.05000000074505806,0.05000000074505806),(0.47173396311700344,0.05000000074505806),(0.47173396311700344,0.84999997541308403),(0.05000000074505806,0.84999997541308403)));
#4424=IFCINDEXEDPOLYCURVE(#4423,(IFCLINEINDEX((1,2,3,4,1))),$);
#4425=IFCARBITRARYPROFILEDEFWITHVOIDS(.AREA.,$,#4422,(#4424));
#4426=IFCCARTESIANPOINT((0.,0.05000000074505806,0.));
#4427=IFCDIRECTION((0.,-1.,0.));
#4428=IFCDIRECTION((1.,0.,0.));
#4429=IFCAXIS2PLACEMENT3D(#4426,#4427,#4428);
#4430=IFCDIRECTION((0.,0.,-1.));
#4431=IFCEXTRUDEDAREASOLID(#4425,#4429,#4430,0.040000000968575478);
#4432=IFCCARTESIANPOINTLIST2D(((0.,0.),(0.47173396311700344,0.),(0.47173396311700344,0.84999997541308403),(0.,0.84999997541308403)));
#4433=IFCINDEXEDPOLYCURVE(#4432,(IFCLINEINDEX((1,2,3,4,1))),$);
#4434=IFCCARTESIANPOINTLIST2D(((0.035000000149011612,0.035000000149011612),(0.43673396296799183,0.035000000149011612),(0.43673396296799183,0.81499997526407242),(0.035000000149011612,0.81499997526407242)));
#4435=IFCINDEXEDPOLYCURVE(#4434,(IFCLINEINDEX((1,2,3,4,1))),$);
#4436=IFCARBITRARYPROFILEDEFWITHVOIDS(.AREA.,$,#4433,(#4435));
#4437=IFCCARTESIANPOINT((0.02500000037252903,0.090000001713633537,0.02500000037252903));
#4438=IFCDIRECTION((0.,-1.,0.));
#4439=IFCDIRECTION((1.,0.,0.));
#4440=IFCAXIS2PLACEMENT3D(#4437,#4438,#4439);
#4441=IFCDIRECTION((0.,0.,-1.));
#4442=IFCEXTRUDEDAREASOLID(#4436,#4440,#4441,0.035000000149011612);
#4443=IFCINDEXEDPOLYCURVE(#4444,(IFCLINEINDEX((1,2,3,4,1))),$);
#4444=IFCCARTESIANPOINTLIST2D(((0.035000000149011612,0.035000000149011612),(0.43673396296799183,0.035000000149011612),(0.43673396296799183,0.81499997526407242),(0.035000000149011612,0.81499997526407242)));
#4445=IFCARBITRARYCLOSEDPROFILEDEF(.AREA.,$,#4443);
#4446=IFCCARTESIANPOINT((0.02500000037252903,0.10250000178813934,0.02500000037252903));
#4447=IFCDIRECTION((0.,-1.,0.));
#4448=IFCDIRECTION((1.,0.,0.));
#4449=IFCAXIS2PLACEMENT3D(#4446,#4447,#4448);
#4450=IFCDIRECTION((0.,0.,-1.));
#4451=IFCEXTRUDEDAREASOLID(#4445,#4449,#4450,0.01);
#4452=IFCCARTESIANPOINTLIST2D(((0.,0.89999997615814209),(0.5874219536781311,0.89999997615814209),(0.5874219536781311,0.),(0.,0.),(0.,0.02500000037252903),(0.56242195330560207,0.02500000037252903),(0.56242195330560207,0.87499997578561306),(0.,0.87499997578561306)));
#4453=IFCINDEXEDPOLYCURVE(#4452,(IFCLINEINDEX((1,2,3,4,5,6,7,8,1))),$);
#4454=IFCARBITRARYCLOSEDPROFILEDEF(.AREA.,$,#4453);
#4455=IFCCARTESIANPOINT((0.49673396348953247,0.090000001713633537,0.));
#4456=IFCDIRECTION((0.,-1.,0.));
#4457=IFCDIRECTION((1.,0.,0.));
#4458=IFCAXIS2PLACEMENT3D(#4455,#4456,#4457);
#4459=IFCDIRECTION((0.,0.,-1.));
#4460=IFCEXTRUDEDAREASOLID(#4454,#4458,#4459,0.0099999997764825821);
#4461=IFCCARTESIANPOINTLIST2D(((0.,0.),(0.5874219536781311,0.),(0.5874219536781311,0.89999997615814209),(0.,0.89999997615814209)));
#4462=IFCINDEXEDPOLYCURVE(#4461,(IFCLINEINDEX((1,2,3,4,1))),$);
#4463=IFCCARTESIANPOINTLIST2D(((0.02500000037252903,0.05000000074505806),(0.53742195293307304,0.05000000074505806),(0.53742195293307304,0.84999997541308403),(0.02500000037252903,0.84999997541308403)));
#4464=IFCINDEXEDPOLYCURVE(#4463,(IFCLINEINDEX((1,2,3,4,1))),$);
#4465=IFCARBITRARYPROFILEDEFWITHVOIDS(.AREA.,$,#4462,(#4464));
#4466=IFCCARTESIANPOINT((0.49673396348953247,0.05000000074505806,0.));
#4467=IFCDIRECTION((0.,-1.,0.));
#4468=IFCDIRECTION((1.,0.,0.));
#4469=IFCAXIS2PLACEMENT3D(#4466,#4467,#4468);
#4470=IFCDIRECTION((0.,0.,-1.));
#4471=IFCEXTRUDEDAREASOLID(#4465,#4469,#4470,0.040000000968575478);
#4472=IFCCARTESIANPOINTLIST2D(((0.,0.),(0.56242195330560207,0.),(0.56242195330560207,0.84999997541308403),(0.,0.84999997541308403)));
#4473=IFCINDEXEDPOLYCURVE(#4472,(IFCLINEINDEX((1,2,3,4,1))),$);
#4474=IFCCARTESIANPOINTLIST2D(((0.035000000149011612,0.035000000149011612),(0.52742195315659046,0.035000000149011612),(0.52742195315659046,0.81499997526407242),(0.035000000149011612,0.81499997526407242)));
#4475=IFCINDEXEDPOLYCURVE(#4474,(IFCLINEINDEX((1,2,3,4,1))),$);
#4476=IFCARBITRARYPROFILEDEFWITHVOIDS(.AREA.,$,#4473,(#4475));
#4477=IFCCARTESIANPOINT((0.49673396348953247,0.090000001713633537,0.02500000037252903));
#4478=IFCDIRECTION((0.,-1.,0.));
#4479=IFCDIRECTION((1.,0.,0.));
#4480=IFCAXIS2PLACEMENT3D(#4477,#4478,#4479);
#4481=IFCDIRECTION((0.,0.,-1.));
#4482=IFCEXTRUDEDAREASOLID(#4476,#4480,#4481,0.035000000149011612);
#4483=IFCINDEXEDPOLYCURVE(#4484,(IFCLINEINDEX((1,2,3,4,1))),$);
#4484=IFCCARTESIANPOINTLIST2D(((0.035000000149011612,0.035000000149011612),(0.52742195315659046,0.035000000149011612),(0.52742195315659046,0.81499997526407242),(0.035000000149011612,0.81499997526407242)));
#4485=IFCARBITRARYCLOSEDPROFILEDEF(.AREA.,$,#4483);
#4486=IFCCARTESIANPOINT((0.49673396348953247,0.10250000178813934,0.02500000037252903));
#4487=IFCDIRECTION((0.,-1.,0.));
#4488=IFCDIRECTION((1.,0.,0.));
#4489=IFCAXIS2PLACEMENT3D(#4486,#4487,#4488);
#4490=IFCDIRECTION((0.,0.,-1.));
#4491=IFCEXTRUDEDAREASOLID(#4485,#4489,#4490,0.01);
#4492=IFCSHAPEREPRESENTATION(#11,'Body','SweptSolid',(#4420,#4431,#4442,#4451,#4460,#4471,#4482,#4491));
#4493=IFCCARTESIANPOINTLIST2D(((0.05000000074505806,0.05000000074505806),(0.47173396311700344,0.05000000074505806)));
#4494=IFCINDEXEDPOLYCURVE(#4493,$,$);
#4495=IFCCARTESIANPOINTLIST2D(((0.,0.10000000149011612),(0.02500000037252903,0.10000000149011612),(0.02500000037252903,0.090000001713633537),(0.05000000074505806,0.090000001713633537),(0.05000000074505806,0.05000000074505806),(0.,0.05000000074505806)));
#4496=IFCINDEXEDPOLYCURVE(#4495,(IFCLINEINDEX((1,2,3,4,5,6,1))),$);
#4497=IFCCARTESIANPOINTLIST2D(((0.49673396348953247,0.10000000149011612),(0.49673396348953247,0.10000000149011612),(0.49673396348953247,0.090000001713633537),(0.47173396311700344,0.090000001713633537),(0.47173396311700344,0.05000000074505806),(0.49673396348953247,0.05000000074505806)));
#4498=IFCINDEXEDPOLYCURVE(#4497,$,$);
#4499=IFCCARTESIANPOINTLIST2D(((0.02500000037252903,0.090000001713633537),(0.060000000521540642,0.090000001713633537),(0.060000000521540642,0.12500000186264515),(0.02500000037252903,0.12500000186264515)));
#4500=IFCINDEXEDPOLYCURVE(#4499,(IFCLINEINDEX((1,2,3,4,1))),$);
#4501=IFCINDEXEDPOLYCURVE(#4502,(IFCLINEINDEX((1,2,3,4,1))),$);
#4502=IFCCARTESIANPOINTLIST2D(((0.49673396348953247,0.090000001713633537),(0.46173396334052086,0.090000001713633537),(0.46173396334052086,0.12500000186264515),(0.49673396348953247,0.12500000186264515)));
#4503=IFCCARTESIANPOINTLIST2D(((0.060000000521540642,0.090000001713633537),(0.46173396334052086,0.090000001713633537)));
#4504=IFCINDEXEDPOLYCURVE(#4503,$,$);
#4505=IFCINDEXEDPOLYCURVE(#4506,$,$);
#4506=IFCCARTESIANPOINTLIST2D(((0.060000000521540642,0.12500000186264515),(0.46173396334052086,0.12500000186264515)));
#4507=IFCINDEXEDPOLYCURVE(#4508,$,$);
#4508=IFCCARTESIANPOINTLIST2D(((0.060000000521540642,0.10750000178813934),(0.46173396334052086,0.10750000178813934)));
#4509=IFCCARTESIANPOINTLIST2D(((0.5217339638620615,0.05000000074505806),(1.0341559164226055,0.05000000074505806)));
#4510=IFCINDEXEDPOLYCURVE(#4509,$,$);
#4511=IFCCARTESIANPOINTLIST2D(((0.49673396348953247,0.10000000149011612),(0.49673396348953247,0.10000000149011612),(0.49673396348953247,0.090000001713633537),(0.5217339638620615,0.090000001713633537),(0.5217339638620615,0.05000000074505806),(0.49673396348953247,0.05000000074505806)));
#4512=IFCINDEXEDPOLYCURVE(#4511,$,$);
#4513=IFCCARTESIANPOINTLIST2D(((1.0841559171676636,0.10000000149011612),(1.0591559167951345,0.10000000149011612),(1.0591559167951345,0.090000001713633537),(1.0341559164226055,0.090000001713633537),(1.0341559164226055,0.05000000074505806),(1.0841559171676636,0.05000000074505806)));
#4514=IFCINDEXEDPOLYCURVE(#4513,(IFCLINEINDEX((1,2,3,4,5,6,1))),$);
#4515=IFCCARTESIANPOINTLIST2D(((0.49673396348953247,0.090000001713633537),(0.53173396363854408,0.090000001713633537),(0.53173396363854408,0.12500000186264515),(0.49673396348953247,0.12500000186264515)));
#4516=IFCINDEXEDPOLYCURVE(#4515,(IFCLINEINDEX((1,2,3,4,1))),$);
#4517=IFCINDEXEDPOLYCURVE(#4518,(IFCLINEINDEX((1,2,3,4,1))),$);
#4518=IFCCARTESIANPOINTLIST2D(((1.0591559167951345,0.090000001713633537),(1.0241559166461229,0.090000001713633537),(1.0241559166461229,0.12500000186264515),(1.0591559167951345,0.12500000186264515)));
#4519=IFCCARTESIANPOINTLIST2D(((0.53173396363854408,0.090000001713633537),(1.0241559166461229,0.090000001713633537)));
#4520=IFCINDEXEDPOLYCURVE(#4519,$,$);
#4521=IFCINDEXEDPOLYCURVE(#4522,$,$);
#4522=IFCCARTESIANPOINTLIST2D(((0.53173396363854408,0.12500000186264515),(1.0241559166461229,0.12500000186264515)));
#4523=IFCINDEXEDPOLYCURVE(#4524,$,$);
#4524=IFCCARTESIANPOINTLIST2D(((0.53173396363854408,0.10750000178813934),(1.0241559166461229,0.10750000178813934)));
#4525=IFCSHAPEREPRESENTATION(#24,'Body','Curve2D',(#4494,#4496,#4498,#4500,#4501,#4504,#4505,#4507,#4510,#4512,#4514,#4516,#4517,#4520,#4521,#4523));
#4526=IFCCARTESIANPOINTLIST2D(((0.,0.),(1.0841559171676636,0.),(1.0841559171676636,0.89999997615814209),(0.,0.89999997615814209)));
#4527=IFCINDEXEDPOLYCURVE(#4526,(IFCLINEINDEX((1,2,3,4,1))),$);
#4528=IFCARBITRARYCLOSEDPROFILEDEF(.AREA.,$,#4527);
#4529=IFCCARTESIANPOINT((0.,-0.60000002384185791,0.));
#4530=IFCDIRECTION((0.,-1.,0.));
#4531=IFCDIRECTION((1.,0.,0.));
#4532=IFCAXIS2PLACEMENT3D(#4529,#4530,#4531);
#4533=IFCDIRECTION((0.,0.,-1.));
#4534=IFCEXTRUDEDAREASOLID(#4528,#4532,#4533,1.2);
#4535=IFCSHAPEREPRESENTATION(#11,'Body','SweptSolid',(#4534));
#4554=IFCCARTESIANPOINTLIST2D(((0.38108164072036743,0.),(0.,0.),(0.,0.89999997615814209),(0.38108164072036743,0.89999997615814209),(0.38108164072036743,0.87499997578561306),(0.02500000037252903,0.87499997578561306),(0.02500000037252903,0.02500000037252903),(0.38108164072036743,0.02500000037252903)));
#4555=IFCINDEXEDPOLYCURVE(#4554,(IFCLINEINDEX((1,2,3,4,5,6,7,8,1))),$);
#4556=IFCARBITRARYCLOSEDPROFILEDEF(.AREA.,$,#4555);
#4557=IFCCARTESIANPOINT((0.,0.090000001713633537,0.));
#4558=IFCDIRECTION((0.,-1.,0.));
#4559=IFCDIRECTION((1.,0.,0.));
#4560=IFCAXIS2PLACEMENT3D(#4557,#4558,#4559);
#4561=IFCDIRECTION((0.,0.,-1.));
#4562=IFCEXTRUDEDAREASOLID(#4556,#4560,#4561,0.0099999997764825821);
#4563=IFCCARTESIANPOINTLIST2D(((0.,0.),(0.38108164072036743,0.),(0.38108164072036743,0.89999997615814209),(0.,0.89999997615814209)));
#4564=IFCINDEXEDPOLYCURVE(#4563,(IFCLINEINDEX((1,2,3,4,1))),$);
#4565=IFCCARTESIANPOINTLIST2D(((0.05000000074505806,0.05000000074505806),(0.3560816403478384,0.05000000074505806),(0.3560816403478384,0.84999997541308403),(0.05000000074505806,0.84999997541308403)));
#4566=IFCINDEXEDPOLYCURVE(#4565,(IFCLINEINDEX((1,2,3,4,1))),$);
#4567=IFCARBITRARYPROFILEDEFWITHVOIDS(.AREA.,$,#4564,(#4566));
#4568=IFCCARTESIANPOINT((0.,0.05000000074505806,0.));
#4569=IFCDIRECTION((0.,-1.,0.));
#4570=IFCDIRECTION((1.,0.,0.));
#4571=IFCAXIS2PLACEMENT3D(#4568,#4569,#4570);
#4572=IFCDIRECTION((0.,0.,-1.));
#4573=IFCEXTRUDEDAREASOLID(#4567,#4571,#4572,0.040000000968575478);
#4574=IFCCARTESIANPOINTLIST2D(((0.,0.),(0.3560816403478384,0.),(0.3560816403478384,0.84999997541308403),(0.,0.84999997541308403)));
#4575=IFCINDEXEDPOLYCURVE(#4574,(IFCLINEINDEX((1,2,3,4,1))),$);
#4576=IFCCARTESIANPOINTLIST2D(((0.035000000149011612,0.035000000149011612),(0.32108164019882679,0.035000000149011612),(0.32108164019882679,0.81499997526407242),(0.035000000149011612,0.81499997526407242)));
#4577=IFCINDEXEDPOLYCURVE(#4576,(IFCLINEINDEX((1,2,3,4,1))),$);
#4578=IFCARBITRARYPROFILEDEFWITHVOIDS(.AREA.,$,#4575,(#4577));
#4579=IFCCARTESIANPOINT((0.02500000037252903,0.090000001713633537,0.02500000037252903));
#4580=IFCDIRECTION((0.,-1.,0.));
#4581=IFCDIRECTION((1.,0.,0.));
#4582=IFCAXIS2PLACEMENT3D(#4579,#4580,#4581);
#4583=IFCDIRECTION((0.,0.,-1.));
#4584=IFCEXTRUDEDAREASOLID(#4578,#4582,#4583,0.035000000149011612);
#4585=IFCINDEXEDPOLYCURVE(#4586,(IFCLINEINDEX((1,2,3,4,1))),$);
#4586=IFCCARTESIANPOINTLIST2D(((0.035000000149011612,0.035000000149011612),(0.32108164019882679,0.035000000149011612),(0.32108164019882679,0.81499997526407242),(0.035000000149011612,0.81499997526407242)));
#4587=IFCARBITRARYCLOSEDPROFILEDEF(.AREA.,$,#4585);
#4588=IFCCARTESIANPOINT((0.02500000037252903,0.10250000178813934,0.02500000037252903));
#4589=IFCDIRECTION((0.,-1.,0.));
#4590=IFCDIRECTION((1.,0.,0.));
#4591=IFCAXIS2PLACEMENT3D(#4588,#4589,#4590);
#4592=IFCDIRECTION((0.,0.,-1.));
#4593=IFCEXTRUDEDAREASOLID(#4587,#4591,#4592,0.01);
#4594=IFCCARTESIANPOINTLIST2D(((0.,0.89999997615814209),(0.43689185380935669,0.89999997615814209),(0.43689185380935669,0.),(0.,0.),(0.,0.02500000037252903),(0.41189185343682766,0.02500000037252903),(0.41189185343682766,0.87499997578561306),(0.,0.87499997578561306)));
#4595=IFCINDEXEDPOLYCURVE(#4594,(IFCLINEINDEX((1,2,3,4,5,6,7,8,1))),$);
#4596=IFCARBITRARYCLOSEDPROFILEDEF(.AREA.,$,#4595);
#4597=IFCCARTESIANPOINT((0.38108164072036743,0.090000001713633537,0.));
#4598=IFCDIRECTION((0.,-1.,0.));
#4599=IFCDIRECTION((1.,0.,0.));
#4600=IFCAXIS2PLACEMENT3D(#4597,#4598,#4599);
#4601=IFCDIRECTION((0.,0.,-1.));
#4602=IFCEXTRUDEDAREASOLID(#4596,#4600,#4601,0.0099999997764825821);
#4603=IFCCARTESIANPOINTLIST2D(((0.,0.),(0.43689185380935669,0.),(0.43689185380935669,0.89999997615814209),(0.,0.89999997615814209)));
#4604=IFCINDEXEDPOLYCURVE(#4603,(IFCLINEINDEX((1,2,3,4,1))),$);
#4605=IFCCARTESIANPOINTLIST2D(((0.02500000037252903,0.05000000074505806),(0.38689185306429863,0.05000000074505806),(0.38689185306429863,0.84999997541308403),(0.02500000037252903,0.84999997541308403)));
#4606=IFCINDEXEDPOLYCURVE(#4605,(IFCLINEINDEX((1,2,3,4,1))),$);
#4607=IFCARBITRARYPROFILEDEFWITHVOIDS(.AREA.,$,#4604,(#4606));
#4608=IFCCARTESIANPOINT((0.38108164072036743,0.05000000074505806,0.));
#4609=IFCDIRECTION((0.,-1.,0.));
#4610=IFCDIRECTION((1.,0.,0.));
#4611=IFCAXIS2PLACEMENT3D(#4608,#4609,#4610);
#4612=IFCDIRECTION((0.,0.,-1.));
#4613=IFCEXTRUDEDAREASOLID(#4607,#4611,#4612,0.040000000968575478);
#4614=IFCCARTESIANPOINTLIST2D(((0.,0.),(0.41189185343682766,0.),(0.41189185343682766,0.84999997541308403),(0.,0.84999997541308403)));
#4615=IFCINDEXEDPOLYCURVE(#4614,(IFCLINEINDEX((1,2,3,4,1))),$);
#4616=IFCCARTESIANPOINTLIST2D(((0.035000000149011612,0.035000000149011612),(0.37689185328781605,0.035000000149011612),(0.37689185328781605,0.81499997526407242),(0.035000000149011612,0.81499997526407242)));
#4617=IFCINDEXEDPOLYCURVE(#4616,(IFCLINEINDEX((1,2,3,4,1))),$);
#4618=IFCARBITRARYPROFILEDEFWITHVOIDS(.AREA.,$,#4615,(#4617));
#4619=IFCCARTESIANPOINT((0.38108164072036743,0.090000001713633537,0.02500000037252903));
#4620=IFCDIRECTION((0.,-1.,0.));
#4621=IFCDIRECTION((1.,0.,0.));
#4622=IFCAXIS2PLACEMENT3D(#4619,#4620,#4621);
#4623=IFCDIRECTION((0.,0.,-1.));
#4624=IFCEXTRUDEDAREASOLID(#4618,#4622,#4623,0.035000000149011612);
#4625=IFCINDEXEDPOLYCURVE(#4626,(IFCLINEINDEX((1,2,3,4,1))),$);
#4626=IFCCARTESIANPOINTLIST2D(((0.035000000149011612,0.035000000149011612),(0.37689185328781605,0.035000000149011612),(0.37689185328781605,0.81499997526407242),(0.035000000149011612,0.81499997526407242)));
#4627=IFCARBITRARYCLOSEDPROFILEDEF(.AREA.,$,#4625);
#4628=IFCCARTESIANPOINT((0.38108164072036743,0.10250000178813934,0.02500000037252903));
#4629=IFCDIRECTION((0.,-1.,0.));
#4630=IFCDIRECTION((1.,0.,0.));
#4631=IFCAXIS2PLACEMENT3D(#4628,#4629,#4630);
#4632=IFCDIRECTION((0.,0.,-1.));
#4633=IFCEXTRUDEDAREASOLID(#4627,#4631,#4632,0.01);
#4726=IFCCARTESIANPOINTLIST2D(((0.38108164072036743,0.),(0.,0.),(0.,0.89999997615814209),(0.38108164072036743,0.89999997615814209),(0.38108164072036743,0.87499997578561306),(0.02500000037252903,0.87499997578561306),(0.02500000037252903,0.02500000037252903),(0.38108164072036743,0.02500000037252903)));
#4727=IFCINDEXEDPOLYCURVE(#4726,(IFCLINEINDEX((1,2,3,4,5,6,7,8,1))),$);
#4728=IFCARBITRARYCLOSEDPROFILEDEF(.AREA.,$,#4727);
#4729=IFCCARTESIANPOINT((0.,0.090000001713633537,0.));
#4730=IFCDIRECTION((0.,-1.,0.));
#4731=IFCDIRECTION((1.,0.,0.));
#4732=IFCAXIS2PLACEMENT3D(#4729,#4730,#4731);
#4733=IFCDIRECTION((0.,0.,-1.));
#4734=IFCEXTRUDEDAREASOLID(#4728,#4732,#4733,0.0099999997764825821);
#4735=IFCCARTESIANPOINTLIST2D(((0.,0.),(0.38108164072036743,0.),(0.38108164072036743,0.89999997615814209),(0.,0.89999997615814209)));
#4736=IFCINDEXEDPOLYCURVE(#4735,(IFCLINEINDEX((1,2,3,4,1))),$);
#4737=IFCCARTESIANPOINTLIST2D(((0.05000000074505806,0.05000000074505806),(0.3560816403478384,0.05000000074505806),(0.3560816403478384,0.84999997541308403),(0.05000000074505806,0.84999997541308403)));
#4738=IFCINDEXEDPOLYCURVE(#4737,(IFCLINEINDEX((1,2,3,4,1))),$);
#4739=IFCARBITRARYPROFILEDEFWITHVOIDS(.AREA.,$,#4736,(#4738));
#4740=IFCCARTESIANPOINT((0.,0.05000000074505806,0.));
#4741=IFCDIRECTION((0.,-1.,0.));
#4742=IFCDIRECTION((1.,0.,0.));
#4743=IFCAXIS2PLACEMENT3D(#4740,#4741,#4742);
#4744=IFCDIRECTION((0.,0.,-1.));
#4745=IFCEXTRUDEDAREASOLID(#4739,#4743,#4744,0.040000000968575478);
#4746=IFCCARTESIANPOINTLIST2D(((0.,0.),(0.3560816403478384,0.),(0.3560816403478384,0.84999997541308403),(0.,0.84999997541308403)));
#4747=IFCINDEXEDPOLYCURVE(#4746,(IFCLINEINDEX((1,2,3,4,1))),$);
#4748=IFCCARTESIANPOINTLIST2D(((0.035000000149011612,0.035000000149011612),(0.32108164019882679,0.035000000149011612),(0.32108164019882679,0.81499997526407242),(0.035000000149011612,0.81499997526407242)));
#4749=IFCINDEXEDPOLYCURVE(#4748,(IFCLINEINDEX((1,2,3,4,1))),$);
#4750=IFCARBITRARYPROFILEDEFWITHVOIDS(.AREA.,$,#4747,(#4749));
#4751=IFCCARTESIANPOINT((0.02500000037252903,0.090000001713633537,0.02500000037252903));
#4752=IFCDIRECTION((0.,-1.,0.));
#4753=IFCDIRECTION((1.,0.,0.));
#4754=IFCAXIS2PLACEMENT3D(#4751,#4752,#4753);
#4755=IFCDIRECTION((0.,0.,-1.));
#4756=IFCEXTRUDEDAREASOLID(#4750,#4754,#4755,0.035000000149011612);
#4757=IFCINDEXEDPOLYCURVE(#4758,(IFCLINEINDEX((1,2,3,4,1))),$);
#4758=IFCCARTESIANPOINTLIST2D(((0.035000000149011612,0.035000000149011612),(0.32108164019882679,0.035000000149011612),(0.32108164019882679,0.81499997526407242),(0.035000000149011612,0.81499997526407242)));
#4759=IFCARBITRARYCLOSEDPROFILEDEF(.AREA.,$,#4757);
#4760=IFCCARTESIANPOINT((0.02500000037252903,0.10250000178813934,0.02500000037252903));
#4761=IFCDIRECTION((0.,-1.,0.));
#4762=IFCDIRECTION((1.,0.,0.));
#4763=IFCAXIS2PLACEMENT3D(#4760,#4761,#4762);
#4764=IFCDIRECTION((0.,0.,-1.));
#4765=IFCEXTRUDEDAREASOLID(#4759,#4763,#4764,0.01);
#4766=IFCCARTESIANPOINTLIST2D(((0.,0.89999997615814209),(0.43689185380935669,0.89999997615814209),(0.43689185380935669,0.),(0.,0.),(0.,0.02500000037252903),(0.41189185343682766,0.02500000037252903),(0.41189185343682766,0.87499997578561306),(0.,0.87499997578561306)));
#4767=IFCINDEXEDPOLYCURVE(#4766,(IFCLINEINDEX((1,2,3,4,5,6,7,8,1))),$);
#4768=IFCARBITRARYCLOSEDPROFILEDEF(.AREA.,$,#4767);
#4769=IFCCARTESIANPOINT((0.38108164072036743,0.090000001713633537,0.));
#4770=IFCDIRECTION((0.,-1.,0.));
#4771=IFCDIRECTION((1.,0.,0.));
#4772=IFCAXIS2PLACEMENT3D(#4769,#4770,#4771);
#4773=IFCDIRECTION((0.,0.,-1.));
#4774=IFCEXTRUDEDAREASOLID(#4768,#4772,#4773,0.0099999997764825821);
#4775=IFCCARTESIANPOINTLIST2D(((0.,0.),(0.43689185380935669,0.),(0.43689185380935669,0.89999997615814209),(0.,0.89999997615814209)));
#4776=IFCINDEXEDPOLYCURVE(#4775,(IFCLINEINDEX((1,2,3,4,1))),$);
#4777=IFCCARTESIANPOINTLIST2D(((0.02500000037252903,0.05000000074505806),(0.38689185306429863,0.05000000074505806),(0.38689185306429863,0.84999997541308403),(0.02500000037252903,0.84999997541308403)));
#4778=IFCINDEXEDPOLYCURVE(#4777,(IFCLINEINDEX((1,2,3,4,1))),$);
#4779=IFCARBITRARYPROFILEDEFWITHVOIDS(.AREA.,$,#4776,(#4778));
#4780=IFCCARTESIANPOINT((0.38108164072036743,0.05000000074505806,0.));
#4781=IFCDIRECTION((0.,-1.,0.));
#4782=IFCDIRECTION((1.,0.,0.));
#4783=IFCAXIS2PLACEMENT3D(#4780,#4781,#4782);
#4784=IFCDIRECTION((0.,0.,-1.));
#4785=IFCEXTRUDEDAREASOLID(#4779,#4783,#4784,0.040000000968575478);
#4786=IFCCARTESIANPOINTLIST2D(((0.,0.),(0.41189185343682766,0.),(0.41189185343682766,0.84999997541308403),(0.,0.84999997541308403)));
#4787=IFCINDEXEDPOLYCURVE(#4786,(IFCLINEINDEX((1,2,3,4,1))),$);
#4788=IFCCARTESIANPOINTLIST2D(((0.035000000149011612,0.035000000149011612),(0.37689185328781605,0.035000000149011612),(0.37689185328781605,0.81499997526407242),(0.035000000149011612,0.81499997526407242)));
#4789=IFCINDEXEDPOLYCURVE(#4788,(IFCLINEINDEX((1,2,3,4,1))),$);
#4790=IFCARBITRARYPROFILEDEFWITHVOIDS(.AREA.,$,#4787,(#4789));
#4791=IFCCARTESIANPOINT((0.38108164072036743,0.090000001713633537,0.02500000037252903));
#4792=IFCDIRECTION((0.,-1.,0.));
#4793=IFCDIRECTION((1.,0.,0.));
#4794=IFCAXIS2PLACEMENT3D(#4791,#4792,#4793);
#4795=IFCDIRECTION((0.,0.,-1.));
#4796=IFCEXTRUDEDAREASOLID(#4790,#4794,#4795,0.035000000149011612);
#4797=IFCINDEXEDPOLYCURVE(#4798,(IFCLINEINDEX((1,2,3,4,1))),$);
#4798=IFCCARTESIANPOINTLIST2D(((0.035000000149011612,0.035000000149011612),(0.37689185328781605,0.035000000149011612),(0.37689185328781605,0.81499997526407242),(0.035000000149011612,0.81499997526407242)));
#4799=IFCARBITRARYCLOSEDPROFILEDEF(.AREA.,$,#4797);
#4800=IFCCARTESIANPOINT((0.38108164072036743,0.10250000178813934,0.02500000037252903));
#4801=IFCDIRECTION((0.,-1.,0.));
#4802=IFCDIRECTION((1.,0.,0.));
#4803=IFCAXIS2PLACEMENT3D(#4800,#4801,#4802);
#4804=IFCDIRECTION((0.,0.,-1.));
#4805=IFCEXTRUDEDAREASOLID(#4799,#4803,#4804,0.01);
#4865=IFCCARTESIANPOINTLIST3D(((0.,0.,0.),(0.81797349452972412,0.,0.),(0.81797349452972412,0.,0.89999997615814209),(0.,0.,0.89999997615814209)));
#4866=IFCINDEXEDPOLYCURVE(#4865,(IFCLINEINDEX((1,2,3,4,1))),$);
#4867=IFCSHAPEREPRESENTATION(#18,'Profile','Curve3D',(#4866));
#4868=IFCCARTESIANPOINTLIST2D(((0.,0.),(0.81797349452972412,0.),(0.81797349452972412,0.89999997615814209),(0.,0.89999997615814209)));
#4869=IFCINDEXEDPOLYCURVE(#4868,(IFCLINEINDEX((1,2,3,4,1))),$);
#4870=IFCCARTESIANPOINTLIST2D(((0.02500000037252903,0.02500000037252903),(0.79297349415719509,0.02500000037252903),(0.79297349415719509,0.87499997578561306),(0.02500000037252903,0.87499997578561306)));
#4871=IFCINDEXEDPOLYCURVE(#4870,(IFCLINEINDEX((1,2,3,4,1))),$);
#4872=IFCARBITRARYPROFILEDEFWITHVOIDS(.AREA.,$,#4869,(#4871));
#4873=IFCCARTESIANPOINT((0.,0.090000001713633537,0.));
#4874=IFCDIRECTION((0.,-1.,0.));
#4875=IFCDIRECTION((1.,0.,0.));
#4876=IFCAXIS2PLACEMENT3D(#4873,#4874,#4875);
#4877=IFCDIRECTION((0.,0.,-1.));
#4878=IFCEXTRUDEDAREASOLID(#4872,#4876,#4877,0.0099999997764825821);
#4879=IFCCARTESIANPOINTLIST2D(((0.,0.),(0.81797349452972412,0.),(0.81797349452972412,0.89999997615814209),(0.,0.89999997615814209)));
#4880=IFCINDEXEDPOLYCURVE(#4879,(IFCLINEINDEX((1,2,3,4,1))),$);
#4881=IFCCARTESIANPOINTLIST2D(((0.05000000074505806,0.05000000074505806),(0.76797349378466606,0.05000000074505806),(0.76797349378466606,0.84999997541308403),(0.05000000074505806,0.84999997541308403)));
#4882=IFCINDEXEDPOLYCURVE(#4881,(IFCLINEINDEX((1,2,3,4,1))),$);
#4883=IFCARBITRARYPROFILEDEFWITHVOIDS(.AREA.,$,#4880,(#4882));
#4884=IFCCARTESIANPOINT((0.,0.05000000074505806,0.));
#4885=IFCDIRECTION((0.,-1.,0.));
#4886=IFCDIRECTION((1.,0.,0.));
#4887=IFCAXIS2PLACEMENT3D(#4884,#4885,#4886);
#4888=IFCDIRECTION((0.,0.,-1.));
#4889=IFCEXTRUDEDAREASOLID(#4883,#4887,#4888,0.040000000968575478);
#4890=IFCCARTESIANPOINTLIST2D(((0.,0.),(0.76797349378466606,0.),(0.76797349378466606,0.84999997541308403),(0.,0.84999997541308403)));
#4891=IFCINDEXEDPOLYCURVE(#4890,(IFCLINEINDEX((1,2,3,4,1))),$);
#4892=IFCCARTESIANPOINTLIST2D(((0.035000000149011612,0.035000000149011612),(0.73297349363565445,0.035000000149011612),(0.73297349363565445,0.81499997526407242),(0.035000000149011612,0.81499997526407242)));
#4893=IFCINDEXEDPOLYCURVE(#4892,(IFCLINEINDEX((1,2,3,4,1))),$);
#4894=IFCARBITRARYPROFILEDEFWITHVOIDS(.AREA.,$,#4891,(#4893));
#4895=IFCCARTESIANPOINT((0.02500000037252903,0.090000001713633537,0.02500000037252903));
#4896=IFCDIRECTION((0.,-1.,0.));
#4897=IFCDIRECTION((1.,0.,0.));
#4898=IFCAXIS2PLACEMENT3D(#4895,#4896,#4897);
#4899=IFCDIRECTION((0.,0.,-1.));
#4900=IFCEXTRUDEDAREASOLID(#4894,#4898,#4899,0.035000000149011612);
#4901=IFCINDEXEDPOLYCURVE(#4902,(IFCLINEINDEX((1,2,3,4,1))),$);
#4902=IFCCARTESIANPOINTLIST2D(((0.035000000149011612,0.035000000149011612),(0.73297349363565445,0.035000000149011612),(0.73297349363565445,0.81499997526407242),(0.035000000149011612,0.81499997526407242)));
#4903=IFCARBITRARYCLOSEDPROFILEDEF(.AREA.,$,#4901);
#4904=IFCCARTESIANPOINT((0.02500000037252903,0.10250000178813934,0.02500000037252903));
#4905=IFCDIRECTION((0.,-1.,0.));
#4906=IFCDIRECTION((1.,0.,0.));
#4907=IFCAXIS2PLACEMENT3D(#4904,#4905,#4906);
#4908=IFCDIRECTION((0.,0.,-1.));
#4909=IFCEXTRUDEDAREASOLID(#4903,#4907,#4908,0.01);
#4910=IFCSHAPEREPRESENTATION(#11,'Body','SweptSolid',(#4878,#4889,#4900,#4909));
#4911=IFCCARTESIANPOINTLIST2D(((0.05000000074505806,0.05000000074505806),(0.76797349378466606,0.05000000074505806)));
#4912=IFCINDEXEDPOLYCURVE(#4911,$,$);
#4913=IFCCARTESIANPOINTLIST2D(((0.,0.10000000149011612),(0.02500000037252903,0.10000000149011612),(0.02500000037252903,0.090000001713633537),(0.05000000074505806,0.090000001713633537),(0.05000000074505806,0.05000000074505806),(0.,0.05000000074505806)));
#4914=IFCINDEXEDPOLYCURVE(#4913,(IFCLINEINDEX((1,2,3,4,5,6,1))),$);
#4915=IFCCARTESIANPOINTLIST2D(((0.81797349452972412,0.10000000149011612),(0.79297349415719509,0.10000000149011612),(0.79297349415719509,0.090000001713633537),(0.76797349378466606,0.090000001713633537),(0.76797349378466606,0.05000000074505806),(0.81797349452972412,0.05000000074505806)));
#4916=IFCINDEXEDPOLYCURVE(#4915,(IFCLINEINDEX((1,2,3,4,5,6,1))),$);
#4917=IFCCARTESIANPOINTLIST2D(((0.02500000037252903,0.090000001713633537),(0.060000000521540642,0.090000001713633537),(0.060000000521540642,0.12500000186264515),(0.02500000037252903,0.12500000186264515)));
#4918=IFCINDEXEDPOLYCURVE(#4917,(IFCLINEINDEX((1,2,3,4,1))),$);
#4919=IFCINDEXEDPOLYCURVE(#4920,(IFCLINEINDEX((1,2,3,4,1))),$);
#4920=IFCCARTESIANPOINTLIST2D(((0.79297349415719509,0.090000001713633537),(0.75797349400818348,0.090000001713633537),(0.75797349400818348,0.12500000186264515),(0.79297349415719509,0.12500000186264515)));
#4921=IFCCARTESIANPOINTLIST2D(((0.060000000521540642,0.090000001713633537),(0.75797349400818348,0.090000001713633537)));
#4922=IFCINDEXEDPOLYCURVE(#4921,$,$);
#4923=IFCINDEXEDPOLYCURVE(#4924,$,$);
#4924=IFCCARTESIANPOINTLIST2D(((0.060000000521540642,0.12500000186264515),(0.75797349400818348,0.12500000186264515)));
#4925=IFCINDEXEDPOLYCURVE(#4926,$,$);
#4926=IFCCARTESIANPOINTLIST2D(((0.060000000521540642,0.10750000178813934),(0.75797349400818348,0.10750000178813934)));
#4927=IFCSHAPEREPRESENTATION(#24,'Body','Curve2D',(#4912,#4914,#4916,#4918,#4919,#4922,#4923,#4925));
#4928=IFCCARTESIANPOINTLIST2D(((0.,0.),(0.81797349452972412,0.),(0.81797349452972412,0.89999997615814209),(0.,0.89999997615814209)));
#4929=IFCINDEXEDPOLYCURVE(#4928,(IFCLINEINDEX((1,2,3,4,1))),$);
#4930=IFCARBITRARYCLOSEDPROFILEDEF(.AREA.,$,#4929);
#4931=IFCCARTESIANPOINT((0.,-0.60000002384185791,0.));
#4932=IFCDIRECTION((0.,-1.,0.));
#4933=IFCDIRECTION((1.,0.,0.));
#4934=IFCAXIS2PLACEMENT3D(#4931,#4932,#4933);
#4935=IFCDIRECTION((0.,0.,-1.));
#4936=IFCEXTRUDEDAREASOLID(#4930,#4934,#4935,1.2);
#4937=IFCSHAPEREPRESENTATION(#11,'Body','SweptSolid',(#4936));
#4943=IFCCARTESIANPOINT((1.7458128716583021,1.9073486328125E-06,1.));
#4944=IFCDIRECTION((0.,0.,1.));
#4945=IFCDIRECTION((0.9999999999997442,-7.1525573730450454E-07,0.));
#4946=IFCAXIS2PLACEMENT3D(#4943,#4944,#4945);
#4947=IFCLOCALPLACEMENT(#1122,#4946);
#4948=IFCCARTESIANPOINT((0.,0.,0.));
#4949=IFCDIRECTION((0.,0.,1.));
#4950=IFCDIRECTION((1.,0.,0.));
#4951=IFCAXIS2PLACEMENT3D(#4948,#4949,#4950);
#4952=IFCLOCALPLACEMENT(#4947,#4951);
#4958=IFCCARTESIANPOINT((1.8473649533587668,0.0999993732303468,1.));
#4959=IFCDIRECTION((0.,0.,1.));
#4960=IFCDIRECTION((-0.99999999999992406,3.894143816296034E-07,0.));
#4961=IFCAXIS2PLACEMENT3D(#4958,#4959,#4960);
#4962=IFCLOCALPLACEMENT(#100,#4961);
#4968=IFCCARTESIANPOINT((2.2204460492503131E-16,1.3877787807814457E-17,0.));
#4969=IFCDIRECTION((0.,0.,1.));
#4970=IFCDIRECTION((1.,1.0587911840678754E-22,0.));
#4971=IFCAXIS2PLACEMENT3D(#4968,#4969,#4970);
#4972=IFCLOCALPLACEMENT(#4962,#4971);
#4973=IFCWINDOWTYPE('18D1iutejEqAnpEZ$Nbogq',$,'Guest-2-GF',$,$,(#4974),(#4976,#4984,#5032),$,$,.WINDOW.,.SINGLE_PANEL.,$,$);
#4974=IFCPROPERTYSET('02P5_8$8H1cQcXmbpCqWsn',$,'BBIM_Window',$,(#4975));
#4975=IFCPROPERTYSINGLEVALUE('Data',$,IFCTEXT('{"window_type": "SINGLE_PANEL", "overall_height": 0.8999999761581421, "overall_width": 0.8179734945297241, "lining_properties": {"lining_depth": 0.05000000074505806, "lining_thickness": 0.05000000074505806, "lining_offset": 0.05000000074505806, "lining_to_panel_offset_x": 0.02500000037252903, "lining_to_panel_offset_y": 0.02500000037252903}, "panel_properties": {"frame_depth": [0.03500000014901161, 0.03500000014901161, 0.03500000014901161], "frame_thickness": [0.03500000014901161, 0.03500000014901161, 0.03500000014901161]}}'),$);
#4976=IFCREPRESENTATIONMAP(#4977,#5261);
#4977=IFCAXIS2PLACEMENT3D(#4978,#4979,#4980);
#4978=IFCCARTESIANPOINT((0.,0.,0.));
#4979=IFCDIRECTION((0.,0.,1.));
#4980=IFCDIRECTION((1.,0.,0.));
#4984=IFCREPRESENTATIONMAP(#4985,#5304);
#4985=IFCAXIS2PLACEMENT3D(#4986,#4987,#4988);
#4986=IFCCARTESIANPOINT((0.,0.,0.));
#4987=IFCDIRECTION((0.,0.,1.));
#4988=IFCDIRECTION((1.,0.,0.));
#5032=IFCREPRESENTATIONMAP(#5033,#5321);
#5033=IFCAXIS2PLACEMENT3D(#5034,#5035,#5036);
#5034=IFCCARTESIANPOINT((0.,0.,0.));
#5035=IFCDIRECTION((0.,0.,1.));
#5036=IFCDIRECTION((1.,0.,0.));
#5054=IFCWINDOW('2pSzsF8s52a8Ky3tl6WQee',$,'Window',$,$,#5346,#5064,$,0.89999997615814209,0.81797349452972412,$,.SINGLE_PANEL.,$);
#5056=IFCRELDEFINESBYTYPE('0feNaTFr57sAXEh9r2QnnI',$,$,$,(#5054),#4973);
#5057=IFCCARTESIANPOINT((0.,0.,0.));
#5058=IFCDIRECTION((1.,0.,0.));
#5059=IFCDIRECTION((0.,1.,0.));
#5060=IFCDIRECTION((0.,0.,1.));
#5061=IFCCARTESIANTRANSFORMATIONOPERATOR3D(#5058,#5059,#5057,1.,#5060);
#5062=IFCMAPPEDITEM(#4976,#5061);
#5063=IFCSHAPEREPRESENTATION(#18,'Profile','MappedRepresentation',(#5062));
#5064=IFCPRODUCTDEFINITIONSHAPE($,$,(#5063,#5071,#5078));
#5065=IFCCARTESIANPOINT((0.,0.,0.));
#5066=IFCDIRECTION((1.,0.,0.));
#5067=IFCDIRECTION((0.,1.,0.));
#5068=IFCDIRECTION((0.,0.,1.));
#5069=IFCCARTESIANTRANSFORMATIONOPERATOR3D(#5066,#5067,#5065,1.,#5068);
#5070=IFCMAPPEDITEM(#4984,#5069);
#5071=IFCSHAPEREPRESENTATION(#11,'Body','MappedRepresentation',(#5070));
#5072=IFCCARTESIANPOINT((0.,0.,0.));
#5073=IFCDIRECTION((1.,0.,0.));
#5074=IFCDIRECTION((0.,1.,0.));
#5075=IFCDIRECTION((0.,0.,1.));
#5076=IFCCARTESIANTRANSFORMATIONOPERATOR3D(#5073,#5074,#5072,1.,#5075);
#5077=IFCMAPPEDITEM(#5032,#5076);
#5078=IFCSHAPEREPRESENTATION(#24,'Body','MappedRepresentation',(#5077));
#5079=IFCOPENINGELEMENT('2HmJr9Y4TEYx4bEn3omyyZ',$,'Opening',$,$,#5341,#5107,$,.OPENING.);
#5095=IFCCARTESIANPOINT((0.,0.,0.));
#5096=IFCDIRECTION((1.,0.,0.));
#5097=IFCDIRECTION((0.,0.,1.));
#5098=IFCAXIS2PLACEMENT3D(#5095,#5097,#5096);
#5099=IFCREPRESENTATIONMAP(#5098,#5331);
#5100=IFCCARTESIANPOINT((0.,0.,0.));
#5101=IFCDIRECTION((1.,0.,0.));
#5102=IFCDIRECTION((0.,1.,0.));
#5103=IFCDIRECTION((0.,0.,1.));
#5104=IFCCARTESIANTRANSFORMATIONOPERATOR3D(#5101,#5102,#5100,1.,#5103);
#5105=IFCMAPPEDITEM(#5099,#5104);
#5106=IFCSHAPEREPRESENTATION(#11,'Body','MappedRepresentation',(#5105));
#5107=IFCPRODUCTDEFINITIONSHAPE($,$,(#5106));
#5108=IFCRELVOIDSELEMENT('2MjKxd_uvF$wrgDjw9o_u9',$,$,$,#583,#5079);
#5114=IFCRELFILLSELEMENT('3QEZWlW0n0K8gPz2GdHhWe',$,$,$,#5079,#5054);
#5153=IFCCARTESIANPOINTLIST2D(((0.,0.),(0.81797349452972412,0.),(0.81797349452972412,0.89999997615814209),(0.,0.89999997615814209)));
#5154=IFCINDEXEDPOLYCURVE(#5153,(IFCLINEINDEX((1,2,3,4,1))),$);
#5155=IFCCARTESIANPOINTLIST2D(((0.02500000037252903,0.02500000037252903),(0.79297349415719509,0.02500000037252903),(0.79297349415719509,0.87499997578561306),(0.02500000037252903,0.87499997578561306)));
#5156=IFCINDEXEDPOLYCURVE(#5155,(IFCLINEINDEX((1,2,3,4,1))),$);
#5157=IFCARBITRARYPROFILEDEFWITHVOIDS(.AREA.,$,#5154,(#5156));
#5158=IFCCARTESIANPOINT((0.,0.090000001713633537,0.));
#5159=IFCDIRECTION((0.,-1.,0.));
#5160=IFCDIRECTION((1.,0.,0.));
#5161=IFCAXIS2PLACEMENT3D(#5158,#5159,#5160);
#5162=IFCDIRECTION((0.,0.,-1.));
#5163=IFCEXTRUDEDAREASOLID(#5157,#5161,#5162,0.0099999997764825821);
#5164=IFCCARTESIANPOINTLIST2D(((0.,0.),(0.81797349452972412,0.),(0.81797349452972412,0.89999997615814209),(0.,0.89999997615814209)));
#5165=IFCINDEXEDPOLYCURVE(#5164,(IFCLINEINDEX((1,2,3,4,1))),$);
#5166=IFCCARTESIANPOINTLIST2D(((0.05000000074505806,0.05000000074505806),(0.76797349378466606,0.05000000074505806),(0.76797349378466606,0.84999997541308403),(0.05000000074505806,0.84999997541308403)));
#5167=IFCINDEXEDPOLYCURVE(#5166,(IFCLINEINDEX((1,2,3,4,1))),$);
#5168=IFCARBITRARYPROFILEDEFWITHVOIDS(.AREA.,$,#5165,(#5167));
#5169=IFCCARTESIANPOINT((0.,0.05000000074505806,0.));
#5170=IFCDIRECTION((0.,-1.,0.));
#5171=IFCDIRECTION((1.,0.,0.));
#5172=IFCAXIS2PLACEMENT3D(#5169,#5170,#5171);
#5173=IFCDIRECTION((0.,0.,-1.));
#5174=IFCEXTRUDEDAREASOLID(#5168,#5172,#5173,0.040000000968575478);
#5175=IFCCARTESIANPOINTLIST2D(((0.,0.),(0.76797349378466606,0.),(0.76797349378466606,0.84999997541308403),(0.,0.84999997541308403)));
#5176=IFCINDEXEDPOLYCURVE(#5175,(IFCLINEINDEX((1,2,3,4,1))),$);
#5177=IFCCARTESIANPOINTLIST2D(((0.035000000149011612,0.035000000149011612),(0.73297349363565445,0.035000000149011612),(0.73297349363565445,0.81499997526407242),(0.035000000149011612,0.81499997526407242)));
#5178=IFCINDEXEDPOLYCURVE(#5177,(IFCLINEINDEX((1,2,3,4,1))),$);
#5179=IFCARBITRARYPROFILEDEFWITHVOIDS(.AREA.,$,#5176,(#5178));
#5180=IFCCARTESIANPOINT((0.02500000037252903,0.090000001713633537,0.02500000037252903));
#5181=IFCDIRECTION((0.,-1.,0.));
#5182=IFCDIRECTION((1.,0.,0.));
#5183=IFCAXIS2PLACEMENT3D(#5180,#5181,#5182);
#5184=IFCDIRECTION((0.,0.,-1.));
#5185=IFCEXTRUDEDAREASOLID(#5179,#5183,#5184,0.035000000149011612);
#5186=IFCINDEXEDPOLYCURVE(#5187,(IFCLINEINDEX((1,2,3,4,1))),$);
#5187=IFCCARTESIANPOINTLIST2D(((0.035000000149011612,0.035000000149011612),(0.73297349363565445,0.035000000149011612),(0.73297349363565445,0.81499997526407242),(0.035000000149011612,0.81499997526407242)));
#5188=IFCARBITRARYCLOSEDPROFILEDEF(.AREA.,$,#5186);
#5189=IFCCARTESIANPOINT((0.02500000037252903,0.10250000178813934,0.02500000037252903));
#5190=IFCDIRECTION((0.,-1.,0.));
#5191=IFCDIRECTION((1.,0.,0.));
#5192=IFCAXIS2PLACEMENT3D(#5189,#5190,#5191);
#5193=IFCDIRECTION((0.,0.,-1.));
#5194=IFCEXTRUDEDAREASOLID(#5188,#5192,#5193,0.01);
#5196=IFCSHAPEREPRESENTATION(#11,'Body','SweptSolid',(#5163,#5174,#5272,#5283));
#5197=IFCSHAPEASPECT((#5196),'Lining',$,.T.,#5064);
#5198=IFCSHAPEREPRESENTATION(#11,'Body','SweptSolid',(#5185,#5294));
#5199=IFCSHAPEASPECT((#5198),'Framing',$,.T.,#5064);
#5200=IFCSHAPEREPRESENTATION(#11,'Body','SweptSolid',(#5303,#5194));
#5201=IFCSHAPEASPECT((#5200),'Glazing',$,.T.,#5064);
#5259=IFCCARTESIANPOINTLIST3D(((0.,0.,0.),(0.81797349452972412,0.,0.),(0.81797349452972412,0.,0.89999997615814209),(0.,0.,0.89999997615814209)));
#5260=IFCINDEXEDPOLYCURVE(#5259,(IFCLINEINDEX((1,2,3,4,1))),$);
#5261=IFCSHAPEREPRESENTATION(#18,'Profile','Curve3D',(#5260));
#5262=IFCCARTESIANPOINTLIST2D(((0.,0.),(0.81797349452972412,0.),(0.81797349452972412,0.89999997615814209),(0.,0.89999997615814209)));
#5263=IFCINDEXEDPOLYCURVE(#5262,(IFCLINEINDEX((1,2,3,4,1))),$);
#5264=IFCCARTESIANPOINTLIST2D(((0.02500000037252903,0.02500000037252903),(0.79297349415719509,0.02500000037252903),(0.79297349415719509,0.87499997578561306),(0.02500000037252903,0.87499997578561306)));
#5265=IFCINDEXEDPOLYCURVE(#5264,(IFCLINEINDEX((1,2,3,4,1))),$);
#5266=IFCARBITRARYPROFILEDEFWITHVOIDS(.AREA.,$,#5263,(#5265));
#5267=IFCCARTESIANPOINT((0.,0.090000001713633537,0.));
#5268=IFCDIRECTION((0.,-1.,0.));
#5269=IFCDIRECTION((1.,0.,0.));
#5270=IFCAXIS2PLACEMENT3D(#5267,#5268,#5269);
#5271=IFCDIRECTION((0.,0.,-1.));
#5272=IFCEXTRUDEDAREASOLID(#5266,#5270,#5271,0.0099999997764825821);
#5273=IFCCARTESIANPOINTLIST2D(((0.,0.),(0.81797349452972412,0.),(0.81797349452972412,0.89999997615814209),(0.,0.89999997615814209)));
#5274=IFCINDEXEDPOLYCURVE(#5273,(IFCLINEINDEX((1,2,3,4,1))),$);
#5275=IFCCARTESIANPOINTLIST2D(((0.05000000074505806,0.05000000074505806),(0.76797349378466606,0.05000000074505806),(0.76797349378466606,0.84999997541308403),(0.05000000074505806,0.84999997541308403)));
#5276=IFCINDEXEDPOLYCURVE(#5275,(IFCLINEINDEX((1,2,3,4,1))),$);
#5277=IFCARBITRARYPROFILEDEFWITHVOIDS(.AREA.,$,#5274,(#5276));
#5278=IFCCARTESIANPOINT((0.,0.05000000074505806,0.));
#5279=IFCDIRECTION((0.,-1.,0.));
#5280=IFCDIRECTION((1.,0.,0.));
#5281=IFCAXIS2PLACEMENT3D(#5278,#5279,#5280);
#5282=IFCDIRECTION((0.,0.,-1.));
#5283=IFCEXTRUDEDAREASOLID(#5277,#5281,#5282,0.040000000968575478);
#5284=IFCCARTESIANPOINTLIST2D(((0.,0.),(0.76797349378466606,0.),(0.76797349378466606,0.84999997541308403),(0.,0.84999997541308403)));
#5285=IFCINDEXEDPOLYCURVE(#5284,(IFCLINEINDEX((1,2,3,4,1))),$);
#5286=IFCCARTESIANPOINTLIST2D(((0.035000000149011612,0.035000000149011612),(0.73297349363565445,0.035000000149011612),(0.73297349363565445,0.81499997526407242),(0.035000000149011612,0.81499997526407242)));
#5287=IFCINDEXEDPOLYCURVE(#5286,(IFCLINEINDEX((1,2,3,4,1))),$);
#5288=IFCARBITRARYPROFILEDEFWITHVOIDS(.AREA.,$,#5285,(#5287));
#5289=IFCCARTESIANPOINT((0.02500000037252903,0.090000001713633537,0.02500000037252903));
#5290=IFCDIRECTION((0.,-1.,0.));
#5291=IFCDIRECTION((1.,0.,0.));
#5292=IFCAXIS2PLACEMENT3D(#5289,#5290,#5291);
#5293=IFCDIRECTION((0.,0.,-1.));
#5294=IFCEXTRUDEDAREASOLID(#5288,#5292,#5293,0.035000000149011612);
#5295=IFCINDEXEDPOLYCURVE(#5296,(IFCLINEINDEX((1,2,3,4,1))),$);
#5296=IFCCARTESIANPOINTLIST2D(((0.035000000149011612,0.035000000149011612),(0.73297349363565445,0.035000000149011612),(0.73297349363565445,0.81499997526407242),(0.035000000149011612,0.81499997526407242)));
#5297=IFCARBITRARYCLOSEDPROFILEDEF(.AREA.,$,#5295);
#5298=IFCCARTESIANPOINT((0.02500000037252903,0.10250000178813934,0.02500000037252903));
#5299=IFCDIRECTION((0.,-1.,0.));
#5300=IFCDIRECTION((1.,0.,0.));
#5301=IFCAXIS2PLACEMENT3D(#5298,#5299,#5300);
#5302=IFCDIRECTION((0.,0.,-1.));
#5303=IFCEXTRUDEDAREASOLID(#5297,#5301,#5302,0.01);
#5304=IFCSHAPEREPRESENTATION(#11,'Body','SweptSolid',(#5272,#5283,#5294,#5303));
#5305=IFCCARTESIANPOINTLIST2D(((0.05000000074505806,0.05000000074505806),(0.76797349378466606,0.05000000074505806)));
#5306=IFCINDEXEDPOLYCURVE(#5305,$,$);
#5307=IFCCARTESIANPOINTLIST2D(((0.,0.10000000149011612),(0.02500000037252903,0.10000000149011612),(0.02500000037252903,0.090000001713633537),(0.05000000074505806,0.090000001713633537),(0.05000000074505806,0.05000000074505806),(0.,0.05000000074505806)));
#5308=IFCINDEXEDPOLYCURVE(#5307,(IFCLINEINDEX((1,2,3,4,5,6,1))),$);
#5309=IFCCARTESIANPOINTLIST2D(((0.81797349452972412,0.10000000149011612),(0.79297349415719509,0.10000000149011612),(0.79297349415719509,0.090000001713633537),(0.76797349378466606,0.090000001713633537),(0.76797349378466606,0.05000000074505806),(0.81797349452972412,0.05000000074505806)));
#5310=IFCINDEXEDPOLYCURVE(#5309,(IFCLINEINDEX((1,2,3,4,5,6,1))),$);
#5311=IFCCARTESIANPOINTLIST2D(((0.02500000037252903,0.090000001713633537),(0.060000000521540642,0.090000001713633537),(0.060000000521540642,0.12500000186264515),(0.02500000037252903,0.12500000186264515)));
#5312=IFCINDEXEDPOLYCURVE(#5311,(IFCLINEINDEX((1,2,3,4,1))),$);
#5313=IFCINDEXEDPOLYCURVE(#5314,(IFCLINEINDEX((1,2,3,4,1))),$);
#5314=IFCCARTESIANPOINTLIST2D(((0.79297349415719509,0.090000001713633537),(0.75797349400818348,0.090000001713633537),(0.75797349400818348,0.12500000186264515),(0.79297349415719509,0.12500000186264515)));
#5315=IFCCARTESIANPOINTLIST2D(((0.060000000521540642,0.090000001713633537),(0.75797349400818348,0.090000001713633537)));
#5316=IFCINDEXEDPOLYCURVE(#5315,$,$);
#5317=IFCINDEXEDPOLYCURVE(#5318,$,$);
#5318=IFCCARTESIANPOINTLIST2D(((0.060000000521540642,0.12500000186264515),(0.75797349400818348,0.12500000186264515)));
#5319=IFCINDEXEDPOLYCURVE(#5320,$,$);
#5320=IFCCARTESIANPOINTLIST2D(((0.060000000521540642,0.10750000178813934),(0.75797349400818348,0.10750000178813934)));
#5321=IFCSHAPEREPRESENTATION(#24,'Body','Curve2D',(#5306,#5308,#5310,#5312,#5313,#5316,#5317,#5319));
#5322=IFCCARTESIANPOINTLIST2D(((0.,0.),(0.81797349452972412,0.),(0.81797349452972412,0.89999997615814209),(0.,0.89999997615814209)));
#5323=IFCINDEXEDPOLYCURVE(#5322,(IFCLINEINDEX((1,2,3,4,1))),$);
#5324=IFCARBITRARYCLOSEDPROFILEDEF(.AREA.,$,#5323);
#5325=IFCCARTESIANPOINT((0.,-0.60000002384185791,0.));
#5326=IFCDIRECTION((0.,-1.,0.));
#5327=IFCDIRECTION((1.,0.,0.));
#5328=IFCAXIS2PLACEMENT3D(#5325,#5326,#5327);
#5329=IFCDIRECTION((0.,0.,-1.));
#5330=IFCEXTRUDEDAREASOLID(#5324,#5328,#5329,1.2);
#5331=IFCSHAPEREPRESENTATION(#11,'Body','SweptSolid',(#5330));
#5337=IFCCARTESIANPOINT((0.23895530591892644,5.4114965042373342E-07,1.));
#5338=IFCDIRECTION((0.,0.,1.));
#5339=IFCDIRECTION((0.99999999999993616,-3.5761174666838758E-07,0.));
#5340=IFCAXIS2PLACEMENT3D(#5337,#5338,#5339);
#5341=IFCLOCALPLACEMENT(#594,#5340);
#5342=IFCCARTESIANPOINT((0.,8.8817841970012523E-16,0.));
#5343=IFCDIRECTION((0.,0.,1.));
#5344=IFCDIRECTION((1.,-5.2041704279304213E-18,0.));
#5345=IFCAXIS2PLACEMENT3D(#5342,#5343,#5344);
#5346=IFCLOCALPLACEMENT(#5341,#5345);
#5347=IFCWINDOWTYPE('2xwfxB35v9RAO32qe3GYv9',$,'Maids-GF',$,$,(#5348),(#5350,#5358,#5406),$,$,.WINDOW.,.SINGLE_PANEL.,$,$);
#5348=IFCPROPERTYSET('3JlokRB4v0SOJgYjXUXN2i',$,'BBIM_Window',$,(#5349));
#5349=IFCPROPERTYSINGLEVALUE('Data',$,IFCTEXT('{"window_type": "SINGLE_PANEL", "overall_height": 0.8999999761581421, "overall_width": 0.8253417015075684, "lining_properties": {"lining_depth": 0.05000000074505806, "lining_thickness": 0.05000000074505806, "lining_offset": 0.05000000074505806, "lining_to_panel_offset_x": 0.02500000037252903, "lining_to_panel_offset_y": 0.02500000037252903}, "panel_properties": {"frame_depth": [0.03500000014901161, 0.03500000014901161, 0.03500000014901161], "frame_thickness": [0.03500000014901161, 0.03500000014901161, 0.03500000014901161]}}'),$);
#5350=IFCREPRESENTATIONMAP(#5351,#5723);
#5351=IFCAXIS2PLACEMENT3D(#5352,#5353,#5354);
#5352=IFCCARTESIANPOINT((0.,0.,0.));
#5353=IFCDIRECTION((0.,0.,1.));
#5354=IFCDIRECTION((1.,0.,0.));
#5358=IFCREPRESENTATIONMAP(#5359,#5766);
#5359=IFCAXIS2PLACEMENT3D(#5360,#5361,#5362);
#5360=IFCCARTESIANPOINT((0.,0.,0.));
#5361=IFCDIRECTION((0.,0.,1.));
#5362=IFCDIRECTION((1.,0.,0.));
#5406=IFCREPRESENTATIONMAP(#5407,#5783);
#5407=IFCAXIS2PLACEMENT3D(#5408,#5409,#5410);
#5408=IFCCARTESIANPOINT((0.,0.,0.));
#5409=IFCDIRECTION((0.,0.,1.));
#5410=IFCDIRECTION((1.,0.,0.));
#5428=IFCWINDOW('3$bsm3STH2zfX7Jhc9MOZ7',$,'Window',$,$,#5808,#5438,$,0.89999997615814209,0.82534170150756836,$,.SINGLE_PANEL.,$);
#5430=IFCRELDEFINESBYTYPE('1Nev$vcwbB38lw6lF0fkvB',$,$,$,(#5428),#5347);
#5431=IFCCARTESIANPOINT((0.,0.,0.));
#5432=IFCDIRECTION((1.,0.,0.));
#5433=IFCDIRECTION((0.,1.,0.));
#5434=IFCDIRECTION((0.,0.,1.));
#5435=IFCCARTESIANTRANSFORMATIONOPERATOR3D(#5432,#5433,#5431,1.,#5434);
#5436=IFCMAPPEDITEM(#5350,#5435);
#5437=IFCSHAPEREPRESENTATION(#18,'Profile','MappedRepresentation',(#5436));
#5438=IFCPRODUCTDEFINITIONSHAPE($,$,(#5437,#5445,#5452));
#5439=IFCCARTESIANPOINT((0.,0.,0.));
#5440=IFCDIRECTION((1.,0.,0.));
#5441=IFCDIRECTION((0.,1.,0.));
#5442=IFCDIRECTION((0.,0.,1.));
#5443=IFCCARTESIANTRANSFORMATIONOPERATOR3D(#5440,#5441,#5439,1.,#5442);
#5444=IFCMAPPEDITEM(#5358,#5443);
#5445=IFCSHAPEREPRESENTATION(#11,'Body','MappedRepresentation',(#5444));
#5446=IFCCARTESIANPOINT((0.,0.,0.));
#5447=IFCDIRECTION((1.,0.,0.));
#5448=IFCDIRECTION((0.,1.,0.));
#5449=IFCDIRECTION((0.,0.,1.));
#5450=IFCCARTESIANTRANSFORMATIONOPERATOR3D(#5447,#5448,#5446,1.,#5449);
#5451=IFCMAPPEDITEM(#5406,#5450);
#5452=IFCSHAPEREPRESENTATION(#24,'Body','MappedRepresentation',(#5451));
#5453=IFCOPENINGELEMENT('3za9gr_4T4Igx0Sh7qIqb2',$,'Opening',$,$,#5803,#5481,$,.OPENING.);
#5469=IFCCARTESIANPOINT((0.,0.,0.));
#5470=IFCDIRECTION((1.,0.,0.));
#5471=IFCDIRECTION((0.,0.,1.));
#5472=IFCAXIS2PLACEMENT3D(#5469,#5471,#5470);
#5473=IFCREPRESENTATIONMAP(#5472,#5793);
#5474=IFCCARTESIANPOINT((0.,0.,0.));
#5475=IFCDIRECTION((1.,0.,0.));
#5476=IFCDIRECTION((0.,1.,0.));
#5477=IFCDIRECTION((0.,0.,1.));
#5478=IFCCARTESIANTRANSFORMATIONOPERATOR3D(#5475,#5476,#5474,1.,#5477);
#5479=IFCMAPPEDITEM(#5473,#5478);
#5480=IFCSHAPEREPRESENTATION(#11,'Body','MappedRepresentation',(#5479));
#5481=IFCPRODUCTDEFINITIONSHAPE($,$,(#5480));
#5482=IFCRELVOIDSELEMENT('0knKKCnvT8ae1nzmy8lhEj',$,$,$,#507,#5453);
#5488=IFCRELFILLSELEMENT('2c0BbrfJL0KQsBrU9djKuM',$,$,$,#5453,#5428);
#5497=IFCCARTESIANPOINTLIST2D(((0.,0.),(0.78113293647766113,0.),(0.78113293647766113,0.89999997615814209),(0.,0.89999997615814209)));
#5498=IFCINDEXEDPOLYCURVE(#5497,(IFCLINEINDEX((1,2,3,4,1))),$);
#5499=IFCCARTESIANPOINTLIST2D(((0.02500000037252903,0.02500000037252903),(0.7561329361051321,0.02500000037252903),(0.7561329361051321,0.87499997578561306),(0.02500000037252903,0.87499997578561306)));
#5500=IFCINDEXEDPOLYCURVE(#5499,(IFCLINEINDEX((1,2,3,4,1))),$);
#5501=IFCARBITRARYPROFILEDEFWITHVOIDS(.AREA.,$,#5498,(#5500));
#5502=IFCCARTESIANPOINT((0.,0.090000001713633537,0.));
#5503=IFCDIRECTION((0.,-1.,0.));
#5504=IFCDIRECTION((1.,0.,0.));
#5505=IFCAXIS2PLACEMENT3D(#5502,#5503,#5504);
#5506=IFCDIRECTION((0.,0.,-1.));
#5507=IFCEXTRUDEDAREASOLID(#5501,#5505,#5506,0.0099999997764825821);
#5508=IFCCARTESIANPOINTLIST2D(((0.,0.),(0.78113293647766113,0.),(0.78113293647766113,0.89999997615814209),(0.,0.89999997615814209)));
#5509=IFCINDEXEDPOLYCURVE(#5508,(IFCLINEINDEX((1,2,3,4,1))),$);
#5510=IFCCARTESIANPOINTLIST2D(((0.05000000074505806,0.05000000074505806),(0.73113293573260307,0.05000000074505806),(0.73113293573260307,0.84999997541308403),(0.05000000074505806,0.84999997541308403)));
#5511=IFCINDEXEDPOLYCURVE(#5510,(IFCLINEINDEX((1,2,3,4,1))),$);
#5512=IFCARBITRARYPROFILEDEFWITHVOIDS(.AREA.,$,#5509,(#5511));
#5513=IFCCARTESIANPOINT((0.,0.05000000074505806,0.));
#5514=IFCDIRECTION((0.,-1.,0.));
#5515=IFCDIRECTION((1.,0.,0.));
#5516=IFCAXIS2PLACEMENT3D(#5513,#5514,#5515);
#5517=IFCDIRECTION((0.,0.,-1.));
#5518=IFCEXTRUDEDAREASOLID(#5512,#5516,#5517,0.040000000968575478);
#5519=IFCCARTESIANPOINTLIST2D(((0.,0.),(0.73113293573260307,0.),(0.73113293573260307,0.84999997541308403),(0.,0.84999997541308403)));
#5520=IFCINDEXEDPOLYCURVE(#5519,(IFCLINEINDEX((1,2,3,4,1))),$);
#5521=IFCCARTESIANPOINTLIST2D(((0.035000000149011612,0.035000000149011612),(0.69613293558359146,0.035000000149011612),(0.69613293558359146,0.81499997526407242),(0.035000000149011612,0.81499997526407242)));
#5522=IFCINDEXEDPOLYCURVE(#5521,(IFCLINEINDEX((1,2,3,4,1))),$);
#5523=IFCARBITRARYPROFILEDEFWITHVOIDS(.AREA.,$,#5520,(#5522));
#5524=IFCCARTESIANPOINT((0.02500000037252903,0.090000001713633537,0.02500000037252903));
#5525=IFCDIRECTION((0.,-1.,0.));
#5526=IFCDIRECTION((1.,0.,0.));
#5527=IFCAXIS2PLACEMENT3D(#5524,#5525,#5526);
#5528=IFCDIRECTION((0.,0.,-1.));
#5529=IFCEXTRUDEDAREASOLID(#5523,#5527,#5528,0.035000000149011612);
#5530=IFCINDEXEDPOLYCURVE(#5531,(IFCLINEINDEX((1,2,3,4,1))),$);
#5531=IFCCARTESIANPOINTLIST2D(((0.035000000149011612,0.035000000149011612),(0.69613293558359146,0.035000000149011612),(0.69613293558359146,0.81499997526407242),(0.035000000149011612,0.81499997526407242)));
#5532=IFCARBITRARYCLOSEDPROFILEDEF(.AREA.,$,#5530);
#5533=IFCCARTESIANPOINT((0.02500000037252903,0.10250000178813934,0.02500000037252903));
#5534=IFCDIRECTION((0.,-1.,0.));
#5535=IFCDIRECTION((1.,0.,0.));
#5536=IFCAXIS2PLACEMENT3D(#5533,#5534,#5535);
#5537=IFCDIRECTION((0.,0.,-1.));
#5538=IFCEXTRUDEDAREASOLID(#5532,#5536,#5537,0.01);
#5540=IFCSHAPEREPRESENTATION(#11,'Body','SweptSolid',(#5507,#5518,#5631,#5745,#5642,#5734));
#5541=IFCSHAPEASPECT((#5540),'Lining',$,.T.,#5438);
#5542=IFCSHAPEREPRESENTATION(#11,'Body','SweptSolid',(#5653,#5529,#5756));
#5543=IFCSHAPEASPECT((#5542),'Framing',$,.T.,#5438);
#5544=IFCSHAPEREPRESENTATION(#11,'Body','SweptSolid',(#5765,#5662,#5538));
#5545=IFCSHAPEASPECT((#5544),'Glazing',$,.T.,#5438);
#5621=IFCCARTESIANPOINTLIST2D(((0.,0.),(0.78113293647766113,0.),(0.78113293647766113,0.89999997615814209),(0.,0.89999997615814209)));
#5622=IFCINDEXEDPOLYCURVE(#5621,(IFCLINEINDEX((1,2,3,4,1))),$);
#5623=IFCCARTESIANPOINTLIST2D(((0.02500000037252903,0.02500000037252903),(0.7561329361051321,0.02500000037252903),(0.7561329361051321,0.87499997578561306),(0.02500000037252903,0.87499997578561306)));
#5624=IFCINDEXEDPOLYCURVE(#5623,(IFCLINEINDEX((1,2,3,4,1))),$);
#5625=IFCARBITRARYPROFILEDEFWITHVOIDS(.AREA.,$,#5622,(#5624));
#5626=IFCCARTESIANPOINT((0.,0.090000001713633537,0.));
#5627=IFCDIRECTION((0.,-1.,0.));
#5628=IFCDIRECTION((1.,0.,0.));
#5629=IFCAXIS2PLACEMENT3D(#5626,#5627,#5628);
#5630=IFCDIRECTION((0.,0.,-1.));
#5631=IFCEXTRUDEDAREASOLID(#5625,#5629,#5630,0.0099999997764825821);
#5632=IFCCARTESIANPOINTLIST2D(((0.,0.),(0.78113293647766113,0.),(0.78113293647766113,0.89999997615814209),(0.,0.89999997615814209)));
#5633=IFCINDEXEDPOLYCURVE(#5632,(IFCLINEINDEX((1,2,3,4,1))),$);
#5634=IFCCARTESIANPOINTLIST2D(((0.05000000074505806,0.05000000074505806),(0.73113293573260307,0.05000000074505806),(0.73113293573260307,0.84999997541308403),(0.05000000074505806,0.84999997541308403)));
#5635=IFCINDEXEDPOLYCURVE(#5634,(IFCLINEINDEX((1,2,3,4,1))),$);
#5636=IFCARBITRARYPROFILEDEFWITHVOIDS(.AREA.,$,#5633,(#5635));
#5637=IFCCARTESIANPOINT((0.,0.05000000074505806,0.));
#5638=IFCDIRECTION((0.,-1.,0.));
#5639=IFCDIRECTION((1.,0.,0.));
#5640=IFCAXIS2PLACEMENT3D(#5637,#5638,#5639);
#5641=IFCDIRECTION((0.,0.,-1.));
#5642=IFCEXTRUDEDAREASOLID(#5636,#5640,#5641,0.040000000968575478);
#5643=IFCCARTESIANPOINTLIST2D(((0.,0.),(0.73113293573260307,0.),(0.73113293573260307,0.84999997541308403),(0.,0.84999997541308403)));
#5644=IFCINDEXEDPOLYCURVE(#5643,(IFCLINEINDEX((1,2,3,4,1))),$);
#5645=IFCCARTESIANPOINTLIST2D(((0.035000000149011612,0.035000000149011612),(0.69613293558359146,0.035000000149011612),(0.69613293558359146,0.81499997526407242),(0.035000000149011612,0.81499997526407242)));
#5646=IFCINDEXEDPOLYCURVE(#5645,(IFCLINEINDEX((1,2,3,4,1))),$);
#5647=IFCARBITRARYPROFILEDEFWITHVOIDS(.AREA.,$,#5644,(#5646));
#5648=IFCCARTESIANPOINT((0.02500000037252903,0.090000001713633537,0.02500000037252903));
#5649=IFCDIRECTION((0.,-1.,0.));
#5650=IFCDIRECTION((1.,0.,0.));
#5651=IFCAXIS2PLACEMENT3D(#5648,#5649,#5650);
#5652=IFCDIRECTION((0.,0.,-1.));
#5653=IFCEXTRUDEDAREASOLID(#5647,#5651,#5652,0.035000000149011612);
#5654=IFCINDEXEDPOLYCURVE(#5655,(IFCLINEINDEX((1,2,3,4,1))),$);
#5655=IFCCARTESIANPOINTLIST2D(((0.035000000149011612,0.035000000149011612),(0.69613293558359146,0.035000000149011612),(0.69613293558359146,0.81499997526407242),(0.035000000149011612,0.81499997526407242)));
#5656=IFCARBITRARYCLOSEDPROFILEDEF(.AREA.,$,#5654);
#5657=IFCCARTESIANPOINT((0.02500000037252903,0.10250000178813934,0.02500000037252903));
#5658=IFCDIRECTION((0.,-1.,0.));
#5659=IFCDIRECTION((1.,0.,0.));
#5660=IFCAXIS2PLACEMENT3D(#5657,#5658,#5659);
#5661=IFCDIRECTION((0.,0.,-1.));
#5662=IFCEXTRUDEDAREASOLID(#5656,#5660,#5661,0.01);
#5721=IFCCARTESIANPOINTLIST3D(((0.,0.,0.),(0.82534170150756836,0.,0.),(0.82534170150756836,0.,0.89999997615814209),(0.,0.,0.89999997615814209)));
#5722=IFCINDEXEDPOLYCURVE(#5721,(IFCLINEINDEX((1,2,3,4,1))),$);
#5723=IFCSHAPEREPRESENTATION(#18,'Profile','Curve3D',(#5722));
#5724=IFCCARTESIANPOINTLIST2D(((0.,0.),(0.82534170150756836,0.),(0.82534170150756836,0.89999997615814209),(0.,0.89999997615814209)));
#5725=IFCINDEXEDPOLYCURVE(#5724,(IFCLINEINDEX((1,2,3,4,1))),$);
#5726=IFCCARTESIANPOINTLIST2D(((0.02500000037252903,0.02500000037252903),(0.80034170113503933,0.02500000037252903),(0.80034170113503933,0.87499997578561306),(0.02500000037252903,0.87499997578561306)));
#5727=IFCINDEXEDPOLYCURVE(#5726,(IFCLINEINDEX((1,2,3,4,1))),$);
#5728=IFCARBITRARYPROFILEDEFWITHVOIDS(.AREA.,$,#5725,(#5727));
#5729=IFCCARTESIANPOINT((0.,0.090000001713633537,0.));
#5730=IFCDIRECTION((0.,-1.,0.));
#5731=IFCDIRECTION((1.,0.,0.));
#5732=IFCAXIS2PLACEMENT3D(#5729,#5730,#5731);
#5733=IFCDIRECTION((0.,0.,-1.));
#5734=IFCEXTRUDEDAREASOLID(#5728,#5732,#5733,0.0099999997764825821);
#5735=IFCCARTESIANPOINTLIST2D(((0.,0.),(0.82534170150756836,0.),(0.82534170150756836,0.89999997615814209),(0.,0.89999997615814209)));
#5736=IFCINDEXEDPOLYCURVE(#5735,(IFCLINEINDEX((1,2,3,4,1))),$);
#5737=IFCCARTESIANPOINTLIST2D(((0.05000000074505806,0.05000000074505806),(0.7753417007625103,0.05000000074505806),(0.7753417007625103,0.84999997541308403),(0.05000000074505806,0.84999997541308403)));
#5738=IFCINDEXEDPOLYCURVE(#5737,(IFCLINEINDEX((1,2,3,4,1))),$);
#5739=IFCARBITRARYPROFILEDEFWITHVOIDS(.AREA.,$,#5736,(#5738));
#5740=IFCCARTESIANPOINT((0.,0.05000000074505806,0.));
#5741=IFCDIRECTION((0.,-1.,0.));
#5742=IFCDIRECTION((1.,0.,0.));
#5743=IFCAXIS2PLACEMENT3D(#5740,#5741,#5742);
#5744=IFCDIRECTION((0.,0.,-1.));
#5745=IFCEXTRUDEDAREASOLID(#5739,#5743,#5744,0.040000000968575478);
#5746=IFCCARTESIANPOINTLIST2D(((0.,0.),(0.7753417007625103,0.),(0.7753417007625103,0.84999997541308403),(0.,0.84999997541308403)));
#5747=IFCINDEXEDPOLYCURVE(#5746,(IFCLINEINDEX((1,2,3,4,1))),$);
#5748=IFCCARTESIANPOINTLIST2D(((0.035000000149011612,0.035000000149011612),(0.74034170061349869,0.035000000149011612),(0.74034170061349869,0.81499997526407242),(0.035000000149011612,0.81499997526407242)));
#5749=IFCINDEXEDPOLYCURVE(#5748,(IFCLINEINDEX((1,2,3,4,1))),$);
#5750=IFCARBITRARYPROFILEDEFWITHVOIDS(.AREA.,$,#5747,(#5749));
#5751=IFCCARTESIANPOINT((0.02500000037252903,0.090000001713633537,0.02500000037252903));
#5752=IFCDIRECTION((0.,-1.,0.));
#5753=IFCDIRECTION((1.,0.,0.));
#5754=IFCAXIS2PLACEMENT3D(#5751,#5752,#5753);
#5755=IFCDIRECTION((0.,0.,-1.));
#5756=IFCEXTRUDEDAREASOLID(#5750,#5754,#5755,0.035000000149011612);
#5757=IFCINDEXEDPOLYCURVE(#5758,(IFCLINEINDEX((1,2,3,4,1))),$);
#5758=IFCCARTESIANPOINTLIST2D(((0.035000000149011612,0.035000000149011612),(0.74034170061349869,0.035000000149011612),(0.74034170061349869,0.81499997526407242),(0.035000000149011612,0.81499997526407242)));
#5759=IFCARBITRARYCLOSEDPROFILEDEF(.AREA.,$,#5757);
#5760=IFCCARTESIANPOINT((0.02500000037252903,0.10250000178813934,0.02500000037252903));
#5761=IFCDIRECTION((0.,-1.,0.));
#5762=IFCDIRECTION((1.,0.,0.));
#5763=IFCAXIS2PLACEMENT3D(#5760,#5761,#5762);
#5764=IFCDIRECTION((0.,0.,-1.));
#5765=IFCEXTRUDEDAREASOLID(#5759,#5763,#5764,0.01);
#5766=IFCSHAPEREPRESENTATION(#11,'Body','SweptSolid',(#5734,#5745,#5756,#5765));
#5767=IFCCARTESIANPOINTLIST2D(((0.05000000074505806,0.05000000074505806),(0.7753417007625103,0.05000000074505806)));
#5768=IFCINDEXEDPOLYCURVE(#5767,$,$);
#5769=IFCCARTESIANPOINTLIST2D(((0.,0.10000000149011612),(0.02500000037252903,0.10000000149011612),(0.02500000037252903,0.090000001713633537),(0.05000000074505806,0.090000001713633537),(0.05000000074505806,0.05000000074505806),(0.,0.05000000074505806)));
#5770=IFCINDEXEDPOLYCURVE(#5769,(IFCLINEINDEX((1,2,3,4,5,6,1))),$);
#5771=IFCCARTESIANPOINTLIST2D(((0.82534170150756836,0.10000000149011612),(0.80034170113503933,0.10000000149011612),(0.80034170113503933,0.090000001713633537),(0.7753417007625103,0.090000001713633537),(0.7753417007625103,0.05000000074505806),(0.82534170150756836,0.05000000074505806)));
#5772=IFCINDEXEDPOLYCURVE(#5771,(IFCLINEINDEX((1,2,3,4,5,6,1))),$);
#5773=IFCCARTESIANPOINTLIST2D(((0.02500000037252903,0.090000001713633537),(0.060000000521540642,0.090000001713633537),(0.060000000521540642,0.12500000186264515),(0.02500000037252903,0.12500000186264515)));
#5774=IFCINDEXEDPOLYCURVE(#5773,(IFCLINEINDEX((1,2,3,4,1))),$);
#5775=IFCINDEXEDPOLYCURVE(#5776,(IFCLINEINDEX((1,2,3,4,1))),$);
#5776=IFCCARTESIANPOINTLIST2D(((0.80034170113503933,0.090000001713633537),(0.76534170098602772,0.090000001713633537),(0.76534170098602772,0.12500000186264515),(0.80034170113503933,0.12500000186264515)));
#5777=IFCCARTESIANPOINTLIST2D(((0.060000000521540642,0.090000001713633537),(0.76534170098602772,0.090000001713633537)));
#5778=IFCINDEXEDPOLYCURVE(#5777,$,$);
#5779=IFCINDEXEDPOLYCURVE(#5780,$,$);
#5780=IFCCARTESIANPOINTLIST2D(((0.060000000521540642,0.12500000186264515),(0.76534170098602772,0.12500000186264515)));
#5781=IFCINDEXEDPOLYCURVE(#5782,$,$);
#5782=IFCCARTESIANPOINTLIST2D(((0.060000000521540642,0.10750000178813934),(0.76534170098602772,0.10750000178813934)));
#5783=IFCSHAPEREPRESENTATION(#24,'Body','Curve2D',(#5768,#5770,#5772,#5774,#5775,#5778,#5779,#5781));
#5784=IFCCARTESIANPOINTLIST2D(((0.,0.),(0.82534170150756836,0.),(0.82534170150756836,0.89999997615814209),(0.,0.89999997615814209)));
#5785=IFCINDEXEDPOLYCURVE(#5784,(IFCLINEINDEX((1,2,3,4,1))),$);
#5786=IFCARBITRARYCLOSEDPROFILEDEF(.AREA.,$,#5785);
#5787=IFCCARTESIANPOINT((0.,-0.60000002384185791,0.));
#5788=IFCDIRECTION((0.,-1.,0.));
#5789=IFCDIRECTION((1.,0.,0.));
#5790=IFCAXIS2PLACEMENT3D(#5787,#5788,#5789);
#5791=IFCDIRECTION((0.,0.,-1.));
#5792=IFCEXTRUDEDAREASOLID(#5786,#5790,#5791,1.2);
#5793=IFCSHAPEREPRESENTATION(#11,'Body','SweptSolid',(#5792));
#5799=IFCCARTESIANPOINT((0.84222984313964511,7.3630071817376574E-08,1.));
#5800=IFCDIRECTION((0.,0.,1.));
#5801=IFCDIRECTION((0.99999999999985401,-5.4041016994677265E-07,0.));
#5802=IFCAXIS2PLACEMENT3D(#5799,#5800,#5801);
#5803=IFCLOCALPLACEMENT(#518,#5802);
#5804=IFCCARTESIANPOINT((1.1102230246251565E-16,0.,0.));
#5805=IFCDIRECTION((0.,0.,1.));
#5806=IFCDIRECTION((1.,2.1175823681357508E-22,0.));
#5807=IFCAXIS2PLACEMENT3D(#5804,#5805,#5806);
#5808=IFCLOCALPLACEMENT(#5803,#5807);
#5809=IFCCARTESIANPOINT((0.,0.,3.));
#5810=IFCDIRECTION((0.,0.,1.));
#5811=IFCDIRECTION((1.,0.,0.));
#5812=IFCAXIS2PLACEMENT3D(#5809,#5810,#5811);
#5813=IFCLOCALPLACEMENT(#56,#5812);
#5814=IFCSLABTYPE('0$99hsqi5CfPIGtiSoCFYT',$,'Unnamed',$,$,(#5815),(#5844,#5872),$,$,.ROOF.);
#5815=IFCPROPERTYSET('3DYBZn0XP5rxBFuHOtHqVP',$,'BBIM_Roof',$,(#5816));
#5816=IFCPROPERTYSINGLEVALUE('Data',$,IFCTEXT('{"roof_type": "HIP/GABLE ROOF", "generation_method": "ANGLE", "roof_thickness": 0.10000000149011612, "rafter_edge_angle": 1.5707963705062866, "angle": 0.1745329201221466, "percentage": 17.63269805908203, "path_data": {"edges": [[0, 1], [1, 2], [2, 3], [3, 0]], "verts": [[-5.0, -5.0, 0.0], [-5.0, 5.0, 0.0], [5.0, 5.0, 0.0], [5.0, -5.0, 0.0]]}}'),$);
#5840=IFCCARTESIANPOINT((0.,0.,0.));
#5841=IFCDIRECTION((1.,0.,0.));
#5842=IFCDIRECTION((0.,0.,1.));
#5843=IFCAXIS2PLACEMENT3D(#5840,#5842,#5841);
#5844=IFCREPRESENTATIONMAP(#5843,#5863);
#5845=IFCINDEXEDPOLYGONALFACE((3,1,2));
#5846=IFCINDEXEDPOLYGONALFACE((2,4,3));
#5847=IFCINDEXEDPOLYGONALFACE((1,3,5));
#5848=IFCINDEXEDPOLYGONALFACE((4,5,3));
#5849=IFCINDEXEDPOLYGONALFACE((6,7,8));
#5850=IFCINDEXEDPOLYGONALFACE((8,2,1));
#5851=IFCINDEXEDPOLYGONALFACE((8,1,6));
#5852=IFCINDEXEDPOLYGONALFACE((8,7,9));
#5853=IFCINDEXEDPOLYGONALFACE((2,8,9));
#5854=IFCINDEXEDPOLYGONALFACE((2,9,4));
#5855=IFCINDEXEDPOLYGONALFACE((10,7,6));
#5856=IFCINDEXEDPOLYGONALFACE((6,1,5));
#5857=IFCINDEXEDPOLYGONALFACE((6,5,10));
#5858=IFCINDEXEDPOLYGONALFACE((9,7,10));
#5859=IFCINDEXEDPOLYGONALFACE((4,9,10));
#5860=IFCINDEXEDPOLYGONALFACE((4,10,5));
#5861=IFCCARTESIANPOINTLIST3D(((-5.,-5.,0.),(5.,-5.,0.),(0.,0.,0.88163489103317261),(5.,5.,0.),(-5.,5.,0.),(-5.,-5.,-0.10154265910387039),(0.,0.,0.78009223937988281),(5.,-5.,-0.10154265910387039),(5.,5.,-0.10154265910387039),(-5.,5.,-0.10154265910387039)));
#5862=IFCPOLYGONALFACESET(#5861,.T.,(#5845,#5846,#5847,#5848,#5849,#5850,#5851,#5852,#5853,#5854,#5855,#5856,#5857,#5858,#5859,#5860),$);
#5863=IFCSHAPEREPRESENTATION(#11,'Body','Tessellation',(#5862));
#5865=IFCCARTESIANPOINT((-5.,-5.,-0.10154265910387039));
#5866=IFCBOUNDINGBOX(#5865,10.,10.,0.9831775426864624);
#5867=IFCSHAPEREPRESENTATION(#13,'Box','BoundingBox',(#5866));
#5868=IFCCARTESIANPOINT((0.,0.,0.));
#5869=IFCDIRECTION((1.,0.,0.));
#5870=IFCDIRECTION((0.,0.,1.));
#5871=IFCAXIS2PLACEMENT3D(#5868,#5870,#5869);
#5872=IFCREPRESENTATIONMAP(#5871,#5867);
#5873=IFCSLAB('3utTEHTrD3PRPmpDisJPu3',$,'Slab',$,$,#5881,#5888,$,$);
#5874=IFCRELCONTAINEDINSPATIALSTRUCTURE('0pJ9RPKpf9Gurm3pAdWHkz',$,$,$,(#11401,#7110,#5873,#6256,#6979,#6903,#6156,#10077,#6231,#6031,#7605,#10676,#11093,#8177,#7432,#6181,#6106,#6131,#6865,#6941,#10611,#6056,#6081,#10371,#7195),#39);
#5875=IFCMATERIALLAYERSETUSAGE(#1143,.AXIS3.,.POSITIVE.,-0.10000000149011612,$);
#5876=IFCRELASSOCIATESMATERIAL('1ddSK1FWX7w9s$mDA$3yKQ',$,$,$,(#5873),#5875);
#5877=IFCCARTESIANPOINT((0.75529384613037109,6.538203239440918,0.));
#5878=IFCDIRECTION((0.,0.,1.));
#5879=IFCDIRECTION((1.,0.,0.));
#5880=IFCAXIS2PLACEMENT3D(#5877,#5878,#5879);
#5881=IFCLOCALPLACEMENT(#5813,#5880);
#5882=IFCCARTESIANPOINTLIST2D(((0.,0.),(2.9802322387695312E-07,-1.5),(-3.5499997138977051,-1.4999995231628418),(-3.5286362171173096,-6.6000003814697266),(-0.53863614797592163,-6.6000008583068848),(-0.53863561153411865,-9.1500005722045898),(3.399998664855957,-9.1000003814697266),(3.4500002861022949,-4.76837158203125E-07),(0.,0.)));
#5883=IFCINDEXEDPOLYCURVE(#5882,$,$);
#5884=IFCDIRECTION((0.,0.,1.));
#5885=IFCARBITRARYCLOSEDPROFILEDEF(.AREA.,$,#5883);
#5886=IFCEXTRUDEDAREASOLID(#5885,#5895,#5884,0.10000000000000001);
#5887=IFCSHAPEREPRESENTATION(#11,'Body','SweptSolid',(#5886));
#5888=IFCPRODUCTDEFINITIONSHAPE($,$,(#5887));
#5889=IFCPROPERTYSET('0DJpEF6MzCTQ3KEHTjXR_u',$,'EPset_Parametric',$,(#5891));
#5890=IFCRELDEFINESBYPROPERTIES('0lzZvoWV11awBFiSs$aawW',$,$,$,(#5873),#5889);
#5891=IFCPROPERTYSINGLEVALUE('Engine',$,IFCLABEL('Bonsai.DumbLayer3'),$);
#5892=IFCCARTESIANPOINT((-0.,-0.,-0.10000000149011612));
#5893=IFCDIRECTION((0.,0.,1.));
#5894=IFCDIRECTION((1.,0.,0.));
#5895=IFCAXIS2PLACEMENT3D(#5892,#5893,#5894);
#5896=IFCROOFTYPE('3SyB7S6Mb8CviXh$V23tyT',$,'Unnamed',$,$,(#5897),(#5926,#5954),$,$,.HIP_ROOF.);
#5897=IFCPROPERTYSET('1qobk2CxLEjgrcJx8fT32A',$,'BBIM_Roof',$,(#5898));
#5898=IFCPROPERTYSINGLEVALUE('Data',$,IFCTEXT('{"roof_type": "HIP/GABLE ROOF", "generation_method": "ANGLE", "roof_thickness": 0.10000000149011612, "rafter_edge_angle": 1.5707963705062866, "angle": 0.1745329201221466, "percentage": 17.63269805908203, "path_data": {"edges": [[0, 1], [1, 2], [2, 3], [3, 0]], "verts": [[-5.0, -5.0, 0.0], [-5.0, 5.0, 0.0], [5.0, 5.0, 0.0], [5.0, -5.0, 0.0]]}}'),$);
#5922=IFCCARTESIANPOINT((0.,0.,0.));
#5923=IFCDIRECTION((1.,0.,0.));
#5924=IFCDIRECTION((0.,0.,1.));
#5925=IFCAXIS2PLACEMENT3D(#5922,#5924,#5923);
#5926=IFCREPRESENTATIONMAP(#5925,#5945);
#5927=IFCINDEXEDPOLYGONALFACE((3,1,2));
#5928=IFCINDEXEDPOLYGONALFACE((2,4,3));
#5929=IFCINDEXEDPOLYGONALFACE((1,3,5));
#5930=IFCINDEXEDPOLYGONALFACE((4,5,3));
#5931=IFCINDEXEDPOLYGONALFACE((6,7,8));
#5932=IFCINDEXEDPOLYGONALFACE((8,2,1));
#5933=IFCINDEXEDPOLYGONALFACE((8,1,6));
#5934=IFCINDEXEDPOLYGONALFACE((8,7,9));
#5935=IFCINDEXEDPOLYGONALFACE((2,8,9));
#5936=IFCINDEXEDPOLYGONALFACE((2,9,4));
#5937=IFCINDEXEDPOLYGONALFACE((10,7,6));
#5938=IFCINDEXEDPOLYGONALFACE((6,1,5));
#5939=IFCINDEXEDPOLYGONALFACE((6,5,10));
#5940=IFCINDEXEDPOLYGONALFACE((9,7,10));
#5941=IFCINDEXEDPOLYGONALFACE((4,9,10));
#5942=IFCINDEXEDPOLYGONALFACE((4,10,5));
#5943=IFCCARTESIANPOINTLIST3D(((-5.,-5.,0.),(5.,-5.,0.),(0.,0.,0.88163489103317261),(5.,5.,0.),(-5.,5.,0.),(-5.,-5.,-0.10154265910387039),(0.,0.,0.78009223937988281),(5.,-5.,-0.10154265910387039),(5.,5.,-0.10154265910387039),(-5.,5.,-0.10154265910387039)));
#5944=IFCPOLYGONALFACESET(#5943,.T.,(#5927,#5928,#5929,#5930,#5931,#5932,#5933,#5934,#5935,#5936,#5937,#5938,#5939,#5940,#5941,#5942),$);
#5945=IFCSHAPEREPRESENTATION(#11,'Body','Tessellation',(#5944));
#5947=IFCCARTESIANPOINT((-5.,-5.,-0.10154265910387039));
#5948=IFCBOUNDINGBOX(#5947,10.,10.,0.9831775426864624);
#5949=IFCSHAPEREPRESENTATION(#13,'Box','BoundingBox',(#5948));
#5950=IFCCARTESIANPOINT((0.,0.,0.));
#5951=IFCDIRECTION((1.,0.,0.));
#5952=IFCDIRECTION((0.,0.,1.));
#5953=IFCAXIS2PLACEMENT3D(#5950,#5952,#5951);
#5954=IFCREPRESENTATIONMAP(#5953,#5949);
#5955=IFCWALL('1$cxOuWHz0tPUgpKW8wXQO',$,'Wall',$,$,#5966,#5961,$,$);
#5956=IFCMATERIALLAYERSETUSAGE(#82,.AXIS2.,.POSITIVE.,0.,$);
#5957=IFCRELASSOCIATESMATERIAL('0b4oXpdab0sAJ2eCHqixeQ',$,$,$,(#5955),#5956);
#5961=IFCPRODUCTDEFINITIONSHAPE($,$,(#5992,#5989));
#5962=IFCCARTESIANPOINT((0.21665821969509125,-2.611797571182251,0.));
#5963=IFCDIRECTION((0.,0.,1.));
#5964=IFCDIRECTION((0.9999194307321404,0.012693779748848758,0.));
#5965=IFCAXIS2PLACEMENT3D(#5962,#5963,#5964);
#5966=IFCLOCALPLACEMENT(#79,#5965);
#5977=IFCPROPERTYSET('0NhB3LBL1CnB97eriHQ4z8',$,'EPset_Parametric',$,(#5979));
#5978=IFCRELDEFINESBYPROPERTIES('1JW6vZNcX9$hZGkXtdPRzg',$,$,$,(#5955),#5977);
#5979=IFCPROPERTYSINGLEVALUE('Engine',$,IFCLABEL('Bonsai.DumbLayer2'),$);
#5980=IFCCARTESIANPOINTLIST2D(((0.,0.),(0.,0.10000000000000001),(3.9389517920327379,0.10000000000000001),(3.9389517920327379,0.)));
#5981=IFCINDEXEDPOLYCURVE(#5980,(IFCLINEINDEX((1,2,3,4,1))),$);
#5982=IFCARBITRARYCLOSEDPROFILEDEF(.AREA.,$,#5981);
#5983=IFCCARTESIANPOINT((0.,0.,0.));
#5984=IFCDIRECTION((0.,0.,1.));
#5985=IFCDIRECTION((1.,0.,0.));
#5986=IFCAXIS2PLACEMENT3D(#5983,#5984,#5985);
#5987=IFCDIRECTION((0.,0.,1.));
#5988=IFCEXTRUDEDAREASOLID(#5982,#5986,#5987,3.);
#5989=IFCSHAPEREPRESENTATION(#11,'Body','SweptSolid',(#5988));
#5990=IFCCARTESIANPOINTLIST2D(((0.,0.),(3.9389517920327379,0.)));
#5991=IFCINDEXEDPOLYCURVE(#5990,$,$);
#5992=IFCSHAPEREPRESENTATION(#23,'Axis','Curve2D',(#5991));
#6031=IFCWALL('1EGjpSyIX52umuiKw0orQI',$,'Wall',$,$,#6728,#6037,$,$);
#6032=IFCMATERIALLAYERSETUSAGE(#82,.AXIS2.,.POSITIVE.,0.,$);
#6033=IFCRELASSOCIATESMATERIAL('2U8bw2qyXEy9pLSvRhnN_p',$,$,$,(#6031),#6032);
#6037=IFCPRODUCTDEFINITIONSHAPE($,$,(#6782,#6779));
#6053=IFCPROPERTYSET('3jCzR2m7bAq8J1mOIBxu_R',$,'EPset_Parametric',$,(#6055));
#6054=IFCRELDEFINESBYPROPERTIES('1IMT42s9zFqA19P_6KCnoB',$,$,$,(#6031),#6053);
#6055=IFCPROPERTYSINGLEVALUE('Engine',$,IFCLABEL('Bonsai.DumbLayer2'),$);
#6056=IFCWALL('0AA2WqRDrDBPl2KhM5epJL',$,'Wall',$,$,#6067,#6062,$,$);
#6057=IFCMATERIALLAYERSETUSAGE(#82,.AXIS2.,.POSITIVE.,0.,$);
#6058=IFCRELASSOCIATESMATERIAL('08CJZknwfA_uOSyb7kW1Hh',$,$,$,(#6056),#6057);
#6062=IFCPRODUCTDEFINITIONSHAPE($,$,(#6469,#6466));
#6063=IFCCARTESIANPOINT((4.1863055229187012,-3.0573294162750244,0.));
#6064=IFCDIRECTION((0.,0.,1.));
#6065=IFCDIRECTION((7.5497901264043109E-08,0.99999999999999711,0.));
#6066=IFCAXIS2PLACEMENT3D(#6063,#6064,#6065);
#6067=IFCLOCALPLACEMENT(#5813,#6066);
#6078=IFCPROPERTYSET('3iNilmQXXEXeUsCXrshR9D',$,'EPset_Parametric',$,(#6080));
#6079=IFCRELDEFINESBYPROPERTIES('3mpu72hxr2ixZHidIUihkb',$,$,$,(#6056),#6078);
#6080=IFCPROPERTYSINGLEVALUE('Engine',$,IFCLABEL('Bonsai.DumbLayer2'),$);
#6081=IFCWALL('0$b$rBgGPF0uMuwJAahkSl',$,'Wall',$,$,#6456,#6087,$,$);
#6082=IFCMATERIALLAYERSETUSAGE(#82,.AXIS2.,.POSITIVE.,0.,$);
#6083=IFCRELASSOCIATESMATERIAL('25m5oE4MjDY9YHD1sD5Rfj',$,$,$,(#6081),#6082);
#6087=IFCPRODUCTDEFINITIONSHAPE($,$,(#6501,#6498));
#6103=IFCPROPERTYSET('16K$KZa0160RPM0$cUrZyn',$,'EPset_Parametric',$,(#6105));
#6104=IFCRELDEFINESBYPROPERTIES('0xjT4XwazFOhsuGkDVqtuQ',$,$,$,(#6081),#6103);
#6105=IFCPROPERTYSINGLEVALUE('Engine',$,IFCLABEL('Bonsai.DumbLayer2'),$);
#6106=IFCWALL('2VTpo0Sof9ReMv36FNkVw_',$,'Wall',$,$,#6488,#6112,$,$);
#6107=IFCMATERIALLAYERSETUSAGE(#82,.AXIS2.,.POSITIVE.,0.,$);
#6108=IFCRELASSOCIATESMATERIAL('3iucAVD3rC2hh6pTs0gjLT',$,$,$,(#6106),#6107);
#6112=IFCPRODUCTDEFINITIONSHAPE($,$,(#8068,#8065));
#6128=IFCPROPERTYSET('3ZV8DXJRrFvOnmSltDw9Im',$,'EPset_Parametric',$,(#6130));
#6129=IFCRELDEFINESBYPROPERTIES('1lyMdNxKf3DRyeJYfgXOqZ',$,$,$,(#6106),#6128);
#6130=IFCPROPERTYSINGLEVALUE('Engine',$,IFCLABEL('Bonsai.DumbLayer2'),$);
#6131=IFCWALL('1w3$wyCo16Hx4uOWQqwYkx',$,'Wall',$,$,#6142,#6137,$,$);
#6132=IFCMATERIALLAYERSETUSAGE(#82,.AXIS2.,.POSITIVE.,0.,$);
#6133=IFCRELASSOCIATESMATERIAL('2ffPE35xz1zf1kYZq1ZDgp',$,$,$,(#6131),#6132);
#6137=IFCPRODUCTDEFINITIONSHAPE($,$,(#6560,#6557));
#6138=IFCCARTESIANPOINT((0.23630459606647491,5.5626702308654785,0.));
#6139=IFCDIRECTION((0.,0.,1.));
#6140=IFCDIRECTION((-0.99999999999992428,3.8941436741876494E-07,0.));
#6141=IFCAXIS2PLACEMENT3D(#6138,#6139,#6140);
#6142=IFCLOCALPLACEMENT(#5813,#6141);
#6153=IFCPROPERTYSET('1xZ5MJUIbFTA$q$_UrhweB',$,'EPset_Parametric',$,(#6155));
#6154=IFCRELDEFINESBYPROPERTIES('3V3mNEFP9Bfv0R9wQBSPtG',$,$,$,(#6131),#6153);
#6155=IFCPROPERTYSINGLEVALUE('Engine',$,IFCLABEL('Bonsai.DumbLayer2'),$);
#6156=IFCWALL('2LG4bCXMbCBQYbZLdK3ldO',$,'Wall',$,$,#6547,#6162,$,$);
#6157=IFCMATERIALLAYERSETUSAGE(#82,.AXIS2.,.POSITIVE.,0.,$);
#6158=IFCRELASSOCIATESMATERIAL('0PwJqGQ5L0luEUxRaPL97c',$,$,$,(#6156),#6157);
#6162=IFCPRODUCTDEFINITIONSHAPE($,$,(#6592,#6589));
#6178=IFCPROPERTYSET('2sdQgGcbX8$9g0EOWtzd3U',$,'EPset_Parametric',$,(#6180));
#6179=IFCRELDEFINESBYPROPERTIES('0wMNieC1zAkAxaVjH1lsn$',$,$,$,(#6156),#6178);
#6180=IFCPROPERTYSINGLEVALUE('Engine',$,IFCLABEL('Bonsai.DumbLayer2'),$);
#6181=IFCWALL('1TyhyXd350wxy0xCjSeBHa',$,'Wall',$,$,#6579,#6187,$,$);
#6182=IFCMATERIALLAYERSETUSAGE(#82,.AXIS2.,.POSITIVE.,0.,$);
#6183=IFCRELASSOCIATESMATERIAL('2U7lbIWDL0sgTNOEp6mysv',$,$,$,(#6181),#6182);
#6187=IFCPRODUCTDEFINITIONSHAPE($,$,(#6624,#6621));
#6203=IFCPROPERTYSET('16HFP639529x7k7$9ySeiX',$,'EPset_Parametric',$,(#6205));
#6204=IFCRELDEFINESBYPROPERTIES('2j18zvckz9WPqIsI6D26BA',$,$,$,(#6181),#6203);
#6205=IFCPROPERTYSINGLEVALUE('Engine',$,IFCLABEL('Bonsai.DumbLayer2'),$);
#6231=IFCWALL('3cVB61N6D4I9mKY4CNBjGw',$,'Wall',$,$,#6643,#6237,$,$);
#6232=IFCMATERIALLAYERSETUSAGE(#82,.AXIS2.,.POSITIVE.,0.,$);
#6233=IFCRELASSOCIATESMATERIAL('1dz0LaNUrD5eaqNonJ8lXb',$,$,$,(#6231),#6232);
#6237=IFCPRODUCTDEFINITIONSHAPE($,$,(#6688,#6685));
#6253=IFCPROPERTYSET('0E5F5QtQ55legSLxScPxFo',$,'EPset_Parametric',$,(#6255));
#6254=IFCRELDEFINESBYPROPERTIES('2fOOp_VPLBieO3THyzao3l',$,$,$,(#6231),#6253);
#6255=IFCPROPERTYSINGLEVALUE('Engine',$,IFCLABEL('Bonsai.DumbLayer2'),$);
#6256=IFCWALL('0vdGh3bn5CVxijPOA4tiBa',$,'Wall',$,$,#6675,#6262,$,$);
#6257=IFCMATERIALLAYERSETUSAGE(#82,.AXIS2.,.POSITIVE.,0.,$);
#6258=IFCRELASSOCIATESMATERIAL('0ifM4eXKb2aAPWxEBOdmcm',$,$,$,(#6256),#6257);
#6262=IFCPRODUCTDEFINITIONSHAPE($,$,(#6795,#6792));
#6278=IFCPROPERTYSET('3HkK9_HCzC4hjoBdCcMMHg',$,'EPset_Parametric',$,(#6280));
#6279=IFCRELDEFINESBYPROPERTIES('06IH2J4jT4wOqDTWUjqnwi',$,$,$,(#6256),#6278);
#6280=IFCPROPERTYSINGLEVALUE('Engine',$,IFCLABEL('Bonsai.DumbLayer2'),$);
#6411=IFCRELCONNECTSPATHELEMENTS('164C7ZPAX81fWqXSTIengL',$,$,$,$,#6056,#6031,(),(),.ATEND.,.ATSTART.);
#6438=IFCRELCONNECTSPATHELEMENTS('23nbRZIbb7cxCtyFYrWO5D',$,$,$,$,#6081,#6056,(),(),.ATEND.,.ATSTART.);
#6452=IFCCARTESIANPOINT((4.1863062454336122,6.5126705169680266,0.));
#6453=IFCDIRECTION((0.,0.,1.));
#6454=IFCDIRECTION((-0.99999999999998868,-1.5099580252808492E-07,0.));
#6455=IFCAXIS2PLACEMENT3D(#6452,#6453,#6454);
#6456=IFCLOCALPLACEMENT(#5813,#6455);
#6457=IFCCARTESIANPOINTLIST2D(((0.,0.),(0.099999992450210157,0.10000000000000001),(9.4699999105937049,0.10000000000000001),(9.5699999332430785,0.)));
#6458=IFCINDEXEDPOLYCURVE(#6457,(IFCLINEINDEX((1,2,3,4,1))),$);
#6459=IFCARBITRARYCLOSEDPROFILEDEF(.AREA.,$,#6458);
#6460=IFCCARTESIANPOINT((0.,0.,0.));
#6461=IFCDIRECTION((0.,0.,1.));
#6462=IFCDIRECTION((1.,0.,0.));
#6463=IFCAXIS2PLACEMENT3D(#6460,#6461,#6462);
#6464=IFCDIRECTION((0.,0.,1.));
#6465=IFCEXTRUDEDAREASOLID(#6459,#6463,#6464,3.);
#6466=IFCSHAPEREPRESENTATION(#11,'Body','SweptSolid',(#6465));
#6467=IFCCARTESIANPOINTLIST2D(((0.,0.),(9.5699999332430785,0.)));
#6468=IFCINDEXEDPOLYCURVE(#6467,$,$);
#6469=IFCSHAPEREPRESENTATION(#23,'Axis','Curve2D',(#6468));
#6470=IFCRELCONNECTSPATHELEMENTS('2x0wnYIlj7kx0F83$2WJYm',$,$,$,$,#6106,#6081,(),(),.ATEND.,.ATSTART.);
#6484=IFCCARTESIANPOINT((0.23630452156067797,6.5126699205343463,0.));
#6485=IFCDIRECTION((0.,0.,1.));
#6486=IFCDIRECTION((7.5497901264043123E-08,-0.99999999999999722,0.));
#6487=IFCAXIS2PLACEMENT3D(#6484,#6485,#6486);
#6488=IFCLOCALPLACEMENT(#5813,#6487);
#6489=IFCCARTESIANPOINTLIST2D(((0.,0.),(0.10000002264937295,0.10000000000000001),(3.8500017314227684,0.10000000000000001),(3.9500017238729783,0.)));
#6490=IFCINDEXEDPOLYCURVE(#6489,(IFCLINEINDEX((1,2,3,4,1))),$);
#6491=IFCARBITRARYCLOSEDPROFILEDEF(.AREA.,$,#6490);
#6492=IFCCARTESIANPOINT((0.,0.,0.));
#6493=IFCDIRECTION((0.,0.,1.));
#6494=IFCDIRECTION((1.,0.,0.));
#6495=IFCAXIS2PLACEMENT3D(#6492,#6493,#6494);
#6496=IFCDIRECTION((0.,0.,1.));
#6497=IFCEXTRUDEDAREASOLID(#6491,#6495,#6496,3.);
#6498=IFCSHAPEREPRESENTATION(#11,'Body','SweptSolid',(#6497));
#6499=IFCCARTESIANPOINTLIST2D(((0.,0.),(3.9500017238729783,0.)));
#6500=IFCINDEXEDPOLYCURVE(#6499,$,$);
#6501=IFCSHAPEREPRESENTATION(#23,'Axis','Curve2D',(#6500));
#6529=IFCRELCONNECTSPATHELEMENTS('3Qa69vm8f4M9F79DZPpDKN',$,$,$,$,#6156,#6131,(),(),.ATEND.,.ATSTART.);
#6543=IFCCARTESIANPOINT((-3.2636954784393981,5.5626715938157947,0.));
#6544=IFCDIRECTION((0.,0.,1.));
#6545=IFCDIRECTION((7.5497901264043123E-08,-0.99999999999999722,0.));
#6546=IFCAXIS2PLACEMENT3D(#6543,#6544,#6545);
#6547=IFCLOCALPLACEMENT(#5813,#6546);
#6548=IFCCARTESIANPOINTLIST2D(((0.,0.),(-0.10000004649123768,0.10000000000000001),(3.4000000252320861,0.10000000000000001),(3.5000000717233237,0.)));
#6549=IFCINDEXEDPOLYCURVE(#6548,(IFCLINEINDEX((1,2,3,4,1))),$);
#6550=IFCARBITRARYCLOSEDPROFILEDEF(.AREA.,$,#6549);
#6551=IFCCARTESIANPOINT((0.,0.,0.));
#6552=IFCDIRECTION((0.,0.,1.));
#6553=IFCDIRECTION((1.,0.,0.));
#6554=IFCAXIS2PLACEMENT3D(#6551,#6552,#6553);
#6555=IFCDIRECTION((0.,0.,1.));
#6556=IFCEXTRUDEDAREASOLID(#6550,#6554,#6555,3.);
#6557=IFCSHAPEREPRESENTATION(#11,'Body','SweptSolid',(#6556));
#6558=IFCCARTESIANPOINTLIST2D(((0.,0.),(3.5000000717233237,0.)));
#6559=IFCINDEXEDPOLYCURVE(#6558,$,$);
#6560=IFCSHAPEREPRESENTATION(#23,'Axis','Curve2D',(#6559));
#6561=IFCRELCONNECTSPATHELEMENTS('1m1PyWpsf56wxN3mOTvI6a',$,$,$,$,#6181,#6156,(),(),.ATEND.,.ATSTART.);
#6575=IFCCARTESIANPOINT((-3.2636949386293299,-1.5873293876647949,0.));
#6576=IFCDIRECTION((0.,0.,1.));
#6577=IFCDIRECTION((1.,0.,0.));
#6578=IFCAXIS2PLACEMENT3D(#6575,#6576,#6577);
#6579=IFCLOCALPLACEMENT(#5813,#6578);
#6580=IFCCARTESIANPOINTLIST2D(((0.,0.),(0.10000004649123768,0.10000000000000001),(7.0500009890303987,0.10000000000000001),(7.1500009814806091,0.)));
#6581=IFCINDEXEDPOLYCURVE(#6580,(IFCLINEINDEX((1,2,3,4,1))),$);
#6582=IFCARBITRARYCLOSEDPROFILEDEF(.AREA.,$,#6581);
#6583=IFCCARTESIANPOINT((0.,0.,0.));
#6584=IFCDIRECTION((0.,0.,1.));
#6585=IFCDIRECTION((1.,0.,0.));
#6586=IFCAXIS2PLACEMENT3D(#6583,#6584,#6585);
#6587=IFCDIRECTION((0.,0.,1.));
#6588=IFCEXTRUDEDAREASOLID(#6582,#6586,#6587,3.);
#6589=IFCSHAPEREPRESENTATION(#11,'Body','SweptSolid',(#6588));
#6590=IFCCARTESIANPOINTLIST2D(((0.,0.),(7.1500009814806091,0.)));
#6591=IFCINDEXEDPOLYCURVE(#6590,$,$);
#6592=IFCSHAPEREPRESENTATION(#23,'Axis','Curve2D',(#6591));
#6612=IFCCARTESIANPOINTLIST2D(((0.,0.),(0.099999992450210171,0.10000000000000001),(3.5999999413982859,0.10000000000000001),(3.4999999370271468,0.)));
#6613=IFCINDEXEDPOLYCURVE(#6612,(IFCLINEINDEX((1,2,3,4,1))),$);
#6614=IFCARBITRARYCLOSEDPROFILEDEF(.AREA.,$,#6613);
#6615=IFCCARTESIANPOINT((0.,0.,0.));
#6616=IFCDIRECTION((0.,0.,1.));
#6617=IFCDIRECTION((1.,0.,0.));
#6618=IFCAXIS2PLACEMENT3D(#6615,#6616,#6617);
#6619=IFCDIRECTION((0.,0.,1.));
#6620=IFCEXTRUDEDAREASOLID(#6614,#6618,#6619,3.);
#6621=IFCSHAPEREPRESENTATION(#11,'Body','SweptSolid',(#6620));
#6622=IFCCARTESIANPOINTLIST2D(((0.,0.),(3.4999999370271468,0.)));
#6623=IFCINDEXEDPOLYCURVE(#6622,$,$);
#6624=IFCSHAPEREPRESENTATION(#23,'Axis','Curve2D',(#6623));
#6639=IFCCARTESIANPOINT((0.23630497217098795,-2.1873292922973588,0.));
#6640=IFCDIRECTION((0.,0.,1.));
#6641=IFCDIRECTION((0.99999999999997158,2.3841857910155572E-07,0.));
#6642=IFCAXIS2PLACEMENT3D(#6639,#6640,#6641);
#6643=IFCLOCALPLACEMENT(#5813,#6642);
#6657=IFCRELCONNECTSPATHELEMENTS('0GYv3Br7vF6B9q6T20M7lH',$,$,$,$,#6256,#6231,(),(),.ATEND.,.ATSTART.);
#6671=IFCCARTESIANPOINT((1.9863049983978562,-2.1873288750648388,0.));
#6672=IFCDIRECTION((0.,0.,1.));
#6673=IFCDIRECTION((-1.6292068494294439E-07,-0.99999999999998679,0.));
#6674=IFCAXIS2PLACEMENT3D(#6671,#6672,#6673);
#6675=IFCLOCALPLACEMENT(#5813,#6674);
#6676=IFCCARTESIANPOINTLIST2D(((0.,0.),(0.10000002821300073,0.10000000000000001),(1.8500000663608525,0.10000000000000001),(1.750000026226918,0.)));
#6677=IFCINDEXEDPOLYCURVE(#6676,(IFCLINEINDEX((1,2,3,4,1))),$);
#6678=IFCARBITRARYCLOSEDPROFILEDEF(.AREA.,$,#6677);
#6679=IFCCARTESIANPOINT((0.,0.,0.));
#6680=IFCDIRECTION((0.,0.,1.));
#6681=IFCDIRECTION((1.,0.,0.));
#6682=IFCAXIS2PLACEMENT3D(#6679,#6680,#6681);
#6683=IFCDIRECTION((0.,0.,1.));
#6684=IFCEXTRUDEDAREASOLID(#6678,#6682,#6683,3.);
#6685=IFCSHAPEREPRESENTATION(#11,'Body','SweptSolid',(#6684));
#6686=IFCCARTESIANPOINTLIST2D(((0.,0.),(1.750000026226918,0.)));
#6687=IFCINDEXEDPOLYCURVE(#6686,$,$);
#6688=IFCSHAPEREPRESENTATION(#23,'Axis','Curve2D',(#6687));
#6724=IFCCARTESIANPOINT((1.9863048566567723,-3.0573294162750244,0.));
#6725=IFCDIRECTION((0.,0.,1.));
#6726=IFCDIRECTION((1.,0.,0.));
#6727=IFCAXIS2PLACEMENT3D(#6724,#6725,#6726);
#6728=IFCLOCALPLACEMENT(#5813,#6727);
#6769=IFCRELCONNECTSPATHELEMENTS('1Eq4kXzJn1ZuujV2RhmHup',$,$,$,$,#6031,#6256,(),(),.ATEND.,.ATSTART.);
#6770=IFCCARTESIANPOINTLIST2D(((0.,0.),(0.10000001629206984,0.10000000000000001),(2.100000673811719,0.10000000000000001),(2.2000006662619289,0.)));
#6771=IFCINDEXEDPOLYCURVE(#6770,(IFCLINEINDEX((1,2,3,4,1))),$);
#6772=IFCARBITRARYCLOSEDPROFILEDEF(.AREA.,$,#6771);
#6773=IFCCARTESIANPOINT((0.,0.,0.));
#6774=IFCDIRECTION((0.,0.,1.));
#6775=IFCDIRECTION((1.,0.,0.));
#6776=IFCAXIS2PLACEMENT3D(#6773,#6774,#6775);
#6777=IFCDIRECTION((0.,0.,1.));
#6778=IFCEXTRUDEDAREASOLID(#6772,#6776,#6777,3.);
#6779=IFCSHAPEREPRESENTATION(#11,'Body','SweptSolid',(#6778));
#6780=IFCCARTESIANPOINTLIST2D(((0.,0.),(2.2000006662619289,0.)));
#6781=IFCINDEXEDPOLYCURVE(#6780,$,$);
#6782=IFCSHAPEREPRESENTATION(#23,'Axis','Curve2D',(#6781));
#6783=IFCCARTESIANPOINTLIST2D(((0.,0.),(-0.10000004013393446,0.10000000000000001),(0.77000052491812732,0.10000000000000001),(0.8700005412101971,0.)));
#6784=IFCINDEXEDPOLYCURVE(#6783,(IFCLINEINDEX((1,2,3,4,1))),$);
#6785=IFCARBITRARYCLOSEDPROFILEDEF(.AREA.,$,#6784);
#6786=IFCCARTESIANPOINT((0.,0.,0.));
#6787=IFCDIRECTION((0.,0.,1.));
#6788=IFCDIRECTION((1.,0.,0.));
#6789=IFCAXIS2PLACEMENT3D(#6786,#6787,#6788);
#6790=IFCDIRECTION((0.,0.,1.));
#6791=IFCEXTRUDEDAREASOLID(#6785,#6789,#6790,3.);
#6792=IFCSHAPEREPRESENTATION(#11,'Body','SweptSolid',(#6791));
#6793=IFCCARTESIANPOINTLIST2D(((0.,0.),(0.8700005412101971,0.)));
#6794=IFCINDEXEDPOLYCURVE(#6793,$,$);
#6795=IFCSHAPEREPRESENTATION(#23,'Axis','Curve2D',(#6794));
#6860=IFCCARTESIANPOINT((0.23630516993577066,2.3370015621185267,0.));
#6861=IFCDIRECTION((0.,0.,1.));
#6862=IFCDIRECTION((-4.3711388286737889E-08,-0.99999999999999911,0.));
#6863=IFCAXIS2PLACEMENT3D(#6860,#6861,#6862);
#6864=IFCLOCALPLACEMENT(#5813,#6863);
#6865=IFCWALL('0cLvvwbeLFRx3x7soPDb23',$,'Wall',$,$,#6876,#6871,$,$);
#6866=IFCMATERIALLAYERSETUSAGE(#82,.AXIS2.,.POSITIVE.,0.,$);
#6867=IFCRELASSOCIATESMATERIAL('08m7fWM_v7cPpGd8qx6KCv',$,$,$,(#6865),#6866);
#6871=IFCPRODUCTDEFINITIONSHAPE($,$,(#6902,#6899));
#6872=IFCCARTESIANPOINT((0.33630484342575073,4.8413801193237305,0.));
#6873=IFCDIRECTION((0.,0.,1.));
#6874=IFCDIRECTION((0.99999999999997158,2.3841857910155572E-07,0.));
#6875=IFCAXIS2PLACEMENT3D(#6872,#6873,#6874);
#6876=IFCLOCALPLACEMENT(#5813,#6875);
#6887=IFCPROPERTYSET('3yjLDdTcDDRhonF3$jcBww',$,'EPset_Parametric',$,(#6889));
#6888=IFCRELDEFINESBYPROPERTIES('0ovuuBT4X7EOBtIoURjzD9',$,$,$,(#6865),#6887);
#6889=IFCPROPERTYSINGLEVALUE('Engine',$,IFCLABEL('Bonsai.DumbLayer2'),$);
#6890=IFCCARTESIANPOINTLIST2D(((0.,0.),(0.,0.10000000000000001),(3.7651355472801131,0.10000000000000001),(3.7651355472801131,0.)));
#6891=IFCINDEXEDPOLYCURVE(#6890,(IFCLINEINDEX((1,2,3,4,1))),$);
#6892=IFCARBITRARYCLOSEDPROFILEDEF(.AREA.,$,#6891);
#6893=IFCCARTESIANPOINT((0.,0.,0.));
#6894=IFCDIRECTION((0.,0.,1.));
#6895=IFCDIRECTION((1.,0.,0.));
#6896=IFCAXIS2PLACEMENT3D(#6893,#6894,#6895);
#6897=IFCDIRECTION((0.,0.,1.));
#6898=IFCEXTRUDEDAREASOLID(#6892,#6896,#6897,3.);
#6899=IFCSHAPEREPRESENTATION(#11,'Body','SweptSolid',(#6898));
#6900=IFCCARTESIANPOINTLIST2D(((0.,0.),(3.7651355472801131,0.)));
#6901=IFCINDEXEDPOLYCURVE(#6900,$,$);
#6902=IFCSHAPEREPRESENTATION(#23,'Axis','Curve2D',(#6901));
#6903=IFCWALL('1EMidVC65AkfNfBiSW4GxM',$,'Wall',$,$,#6914,#6909,$,$);
#6904=IFCMATERIALLAYERSETUSAGE(#82,.AXIS2.,.POSITIVE.,0.,$);
#6905=IFCRELASSOCIATESMATERIAL('0Oxc_Tfu59GwM_$kHnxCW4',$,$,$,(#6903),#6904);
#6909=IFCPRODUCTDEFINITIONSHAPE($,$,(#6940,#6937));
#6910=IFCCARTESIANPOINT((-3.1636948585510254,2.5342178344726562,0.));
#6911=IFCDIRECTION((0.,0.,1.));
#6912=IFCDIRECTION((1.,0.,0.));
#6913=IFCAXIS2PLACEMENT3D(#6910,#6911,#6912);
#6914=IFCLOCALPLACEMENT(#5813,#6913);
#6925=IFCPROPERTYSET('1CMcuWZc96KwytRr1pG1KG',$,'EPset_Parametric',$,(#6927));
#6926=IFCRELDEFINESBYPROPERTIES('3xEDXDXRHDxBLY5GRKf_L_',$,$,$,(#6903),#6925);
#6927=IFCPROPERTYSINGLEVALUE('Engine',$,IFCLABEL('Bonsai.DumbLayer2'),$);
#6928=IFCCARTESIANPOINTLIST2D(((0.,0.),(0.,0.10000000000000001),(3.4052109839770583,0.10000000000000001),(3.4052109839770583,0.)));
#6929=IFCINDEXEDPOLYCURVE(#6928,(IFCLINEINDEX((1,2,3,4,1))),$);
#6930=IFCARBITRARYCLOSEDPROFILEDEF(.AREA.,$,#6929);
#6931=IFCCARTESIANPOINT((0.,0.,0.));
#6932=IFCDIRECTION((0.,0.,1.));
#6933=IFCDIRECTION((1.,0.,0.));
#6934=IFCAXIS2PLACEMENT3D(#6931,#6932,#6933);
#6935=IFCDIRECTION((0.,0.,1.));
#6936=IFCEXTRUDEDAREASOLID(#6930,#6934,#6935,3.);
#6937=IFCSHAPEREPRESENTATION(#11,'Body','SweptSolid',(#6936));
#6938=IFCCARTESIANPOINTLIST2D(((0.,0.),(3.4052109839770583,0.)));
#6939=IFCINDEXEDPOLYCURVE(#6938,$,$);
#6940=IFCSHAPEREPRESENTATION(#23,'Axis','Curve2D',(#6939));
#6941=IFCWALL('2SI13aszDF6eqdMAxrV9Oa',$,'Wall',$,$,#6952,#6947,$,$);
#6942=IFCMATERIALLAYERSETUSAGE(#82,.AXIS2.,.POSITIVE.,0.,$);
#6943=IFCRELASSOCIATESMATERIAL('3$mNnNcsP8wRqytDzLH8nB',$,$,$,(#6941),#6942);
#6947=IFCPRODUCTDEFINITIONSHAPE($,$,(#6978,#6975));
#6948=IFCCARTESIANPOINT((4.086306095123291,0.49116155505180359,0.));
#6949=IFCDIRECTION((0.,0.,1.));
#6950=IFCDIRECTION((-0.99999999999998868,-1.5099580252808492E-07,0.));
#6951=IFCAXIS2PLACEMENT3D(#6948,#6949,#6950);
#6952=IFCLOCALPLACEMENT(#5813,#6951);
#6963=IFCPROPERTYSET('1KLAY$S1P1wfWOYqPCuf$z',$,'EPset_Parametric',$,(#6965));
#6964=IFCRELDEFINESBYPROPERTIES('0ZFUr8zD145u1cE8bgCSV2',$,$,$,(#6941),#6963);
#6965=IFCPROPERTYSINGLEVALUE('Engine',$,IFCLABEL('Bonsai.DumbLayer2'),$);
#6966=IFCCARTESIANPOINTLIST2D(((0.,0.),(0.,0.10000000000000001),(3.7500024159741709,0.10000000000000001),(3.7500024159741709,0.)));
#6967=IFCINDEXEDPOLYCURVE(#6966,(IFCLINEINDEX((1,2,3,4,1))),$);
#6968=IFCARBITRARYCLOSEDPROFILEDEF(.AREA.,$,#6967);
#6969=IFCCARTESIANPOINT((0.,0.,0.));
#6970=IFCDIRECTION((0.,0.,1.));
#6971=IFCDIRECTION((1.,0.,0.));
#6972=IFCAXIS2PLACEMENT3D(#6969,#6970,#6971);
#6973=IFCDIRECTION((0.,0.,1.));
#6974=IFCEXTRUDEDAREASOLID(#6968,#6972,#6973,3.);
#6975=IFCSHAPEREPRESENTATION(#11,'Body','SweptSolid',(#6974));
#6976=IFCCARTESIANPOINTLIST2D(((0.,0.),(3.7500024159741709,0.)));
#6977=IFCINDEXEDPOLYCURVE(#6976,$,$);
#6978=IFCSHAPEREPRESENTATION(#23,'Axis','Curve2D',(#6977));
#6979=IFCSLAB('38_1uiYmPCdO52lyuJBB0d',$,'Slab',$,$,#6986,#6993,$,$);
#6980=IFCMATERIALLAYERSETUSAGE(#1143,.AXIS3.,.POSITIVE.,-0.10000000149011612,$);
#6981=IFCRELASSOCIATESMATERIAL('0Rww2Z2av1Du6uHagsj3FY',$,$,$,(#6979),#6980);
#6982=IFCCARTESIANPOINT((4.1863055229187012,-3.0573294162750244,0.));
#6983=IFCDIRECTION((0.,0.,1.));
#6984=IFCDIRECTION((1.,0.,0.));
#6985=IFCAXIS2PLACEMENT3D(#6982,#6983,#6984);
#6986=IFCLOCALPLACEMENT(#5813,#6985);
#6987=IFCCARTESIANPOINTLIST2D(((0.,0.),(9.5367431640625E-07,9.5700244903564453),(-3.9499773979187012,9.5700244903564453),(-3.9499773979187012,8.6278858184814453),(-7.4499773979187012,8.6278858184814453),(-7.449976921081543,-0.022114038467407227),(0.,0.)));
#6988=IFCINDEXEDPOLYCURVE(#6987,$,$);
#6989=IFCDIRECTION((0.,0.,1.));
#6990=IFCARBITRARYCLOSEDPROFILEDEF(.AREA.,$,#6988);
#6991=IFCEXTRUDEDAREASOLID(#6990,#7000,#6989,0.10000000000000001);
#6992=IFCSHAPEREPRESENTATION(#11,'Body','SweptSolid',(#6991));
#6993=IFCPRODUCTDEFINITIONSHAPE($,$,(#6992));
#6994=IFCPROPERTYSET('0zoYRjuk963wPe77$5YyY5',$,'EPset_Parametric',$,(#6996));
#6995=IFCRELDEFINESBYPROPERTIES('06EtMItXr92xiPQE4OogXE',$,$,$,(#6979),#6994);
#6996=IFCPROPERTYSINGLEVALUE('Engine',$,IFCLABEL('Bonsai.DumbLayer3'),$);
#6997=IFCCARTESIANPOINT((-0.,-0.,-0.10000000149011612));
#6998=IFCDIRECTION((0.,0.,1.));
#6999=IFCDIRECTION((1.,0.,0.));
#7000=IFCAXIS2PLACEMENT3D(#6997,#6998,#6999);
#7002=IFCDOORTYPE('0LiRrxWd977PnWZZqT9Zx4',$,'Bedroom 2 -2F',$,$,(#7003),(#7005,#7013,#7091),$,$,.DOOR.,.SINGLE_SWING_LEFT.,$,$);
#7003=IFCPROPERTYSET('3qTvxlUbzAVu_NLoBqUYCm',$,'BBIM_Door',$,(#7004));
#7004=IFCPROPERTYSINGLEVALUE('Data',$,IFCTEXT('{"door_type": "DOUBLE_SWING_LEFT", "overall_height": 2.0, "overall_width": 0.9525395631790161, "lining_properties": {"lining_depth": 0.05000000074505806, "lining_thickness": 0.05000000074505806, "lining_offset": 0.0, "lining_to_panel_offset_x": 0.02500000037252903, "lining_to_panel_offset_y": 0.02500000037252903, "transom_thickness": 0.0, "casing_thickness": 0.07500000298023224, "casing_depth": 0.004999999888241291, "threshold_thickness": 0.02500000037252903, "threshold_depth": 0.10000000149011612, "threshold_offset": 0.0}, "panel_properties": {"panel_depth": 0.03500000014901161, "panel_width_ratio": 1.0}}'),$);
#7005=IFCREPRESENTATIONMAP(#7006,#9597);
#7006=IFCAXIS2PLACEMENT3D(#7007,#7008,#7009);
#7007=IFCCARTESIANPOINT((0.,0.,0.));
#7008=IFCDIRECTION((0.,0.,1.));
#7009=IFCDIRECTION((1.,0.,0.));
#7013=IFCREPRESENTATIONMAP(#7014,#9661);
#7014=IFCAXIS2PLACEMENT3D(#7015,#7016,#7017);
#7015=IFCCARTESIANPOINT((0.,0.,0.));
#7016=IFCDIRECTION((0.,0.,1.));
#7017=IFCDIRECTION((1.,0.,0.));
#7091=IFCREPRESENTATIONMAP(#7092,#9677);
#7092=IFCAXIS2PLACEMENT3D(#7093,#7094,#7095);
#7093=IFCCARTESIANPOINT((0.,0.,0.));
#7094=IFCDIRECTION((0.,0.,1.));
#7095=IFCDIRECTION((1.,0.,0.));
#7110=IFCDOOR('3nWpC94Zr1MxlN9MP5YCfF',$,'Door',$,$,#9702,#7119,$,2.,0.95253956317901611,$,.DOUBLE_SWING_LEFT.,$);
#7111=IFCRELDEFINESBYTYPE('1kfiODO$LBdeNWdQtiZZdN',$,$,$,(#7110,#7195),#7002);
#7112=IFCCARTESIANPOINT((0.,0.,0.));
#7113=IFCDIRECTION((1.,0.,0.));
#7114=IFCDIRECTION((0.,1.,0.));
#7115=IFCDIRECTION((0.,0.,1.));
#7116=IFCCARTESIANTRANSFORMATIONOPERATOR3D(#7113,#7114,#7112,1.,#7115);
#7117=IFCMAPPEDITEM(#7005,#7116);
#7118=IFCSHAPEREPRESENTATION(#18,'Profile','MappedRepresentation',(#7117));
#7119=IFCPRODUCTDEFINITIONSHAPE($,$,(#7118,#7126,#7133));
#7120=IFCCARTESIANPOINT((0.,0.,0.));
#7121=IFCDIRECTION((1.,0.,0.));
#7122=IFCDIRECTION((0.,1.,0.));
#7123=IFCDIRECTION((0.,0.,1.));
#7124=IFCCARTESIANTRANSFORMATIONOPERATOR3D(#7121,#7122,#7120,1.,#7123);
#7125=IFCMAPPEDITEM(#7013,#7124);
#7126=IFCSHAPEREPRESENTATION(#11,'Body','MappedRepresentation',(#7125));
#7127=IFCCARTESIANPOINT((0.,0.,0.));
#7128=IFCDIRECTION((1.,0.,0.));
#7129=IFCDIRECTION((0.,1.,0.));
#7130=IFCDIRECTION((0.,0.,1.));
#7131=IFCCARTESIANTRANSFORMATIONOPERATOR3D(#7128,#7129,#7127,1.,#7130);
#7132=IFCMAPPEDITEM(#7091,#7131);
#7133=IFCSHAPEREPRESENTATION(#24,'Body','MappedRepresentation',(#7132));
#7134=IFCOPENINGELEMENT('0WS03KSm9B9BItrH5oSC6V',$,'Opening',$,$,#9697,#7162,$,.OPENING.);
#7150=IFCCARTESIANPOINT((0.,0.,0.));
#7151=IFCDIRECTION((1.,0.,0.));
#7152=IFCDIRECTION((0.,0.,1.));
#7153=IFCAXIS2PLACEMENT3D(#7150,#7152,#7151);
#7154=IFCREPRESENTATIONMAP(#7153,#9687);
#7155=IFCCARTESIANPOINT((0.,0.,0.));
#7156=IFCDIRECTION((1.,0.,0.));
#7157=IFCDIRECTION((0.,1.,0.));
#7158=IFCDIRECTION((0.,0.,1.));
#7159=IFCCARTESIANTRANSFORMATIONOPERATOR3D(#7156,#7157,#7155,1.,#7158);
#7160=IFCMAPPEDITEM(#7154,#7159);
#7161=IFCSHAPEREPRESENTATION(#11,'Body','MappedRepresentation',(#7160));
#7162=IFCPRODUCTDEFINITIONSHAPE($,$,(#7161));
#7163=IFCRELVOIDSELEMENT('0CFlDNFfDEqg09SKC2hWqj',$,$,$,#6231,#7134);
#7169=IFCRELFILLSELEMENT('20Za3mKKb158p_igbWqcJY',$,$,$,#7134,#7110);
#7195=IFCDOOR('0_eodMz6L27vGG8DzWoOnM',$,'Door',$,$,#9717,#7203,$,2.,0.95253956317901611,$,.SINGLE_SWING_RIGHT.,$);
#7196=IFCCARTESIANPOINT((0.,0.,0.));
#7197=IFCDIRECTION((1.,0.,0.));
#7198=IFCDIRECTION((0.,1.,0.));
#7199=IFCDIRECTION((0.,0.,1.));
#7200=IFCCARTESIANTRANSFORMATIONOPERATOR3D(#7197,#7198,#7196,1.,#7199);
#7201=IFCMAPPEDITEM(#7005,#7200);
#7202=IFCSHAPEREPRESENTATION(#18,'Profile','MappedRepresentation',(#7201));
#7203=IFCPRODUCTDEFINITIONSHAPE($,$,(#7202,#7210,#7217));
#7204=IFCCARTESIANPOINT((0.,0.,0.));
#7205=IFCDIRECTION((1.,0.,0.));
#7206=IFCDIRECTION((0.,1.,0.));
#7207=IFCDIRECTION((0.,0.,1.));
#7208=IFCCARTESIANTRANSFORMATIONOPERATOR3D(#7205,#7206,#7204,1.,#7207);
#7209=IFCMAPPEDITEM(#7013,#7208);
#7210=IFCSHAPEREPRESENTATION(#11,'Body','MappedRepresentation',(#7209));
#7211=IFCCARTESIANPOINT((0.,0.,0.));
#7212=IFCDIRECTION((1.,0.,0.));
#7213=IFCDIRECTION((0.,1.,0.));
#7214=IFCDIRECTION((0.,0.,1.));
#7215=IFCCARTESIANTRANSFORMATIONOPERATOR3D(#7212,#7213,#7211,1.,#7214);
#7216=IFCMAPPEDITEM(#7091,#7215);
#7217=IFCSHAPEREPRESENTATION(#24,'Body','MappedRepresentation',(#7216));
#7218=IFCOPENINGELEMENT('1ktP$c2Qn7nBCTmklbyYH1',$,'Opening',$,$,#9712,#7231,$,.OPENING.);
#7224=IFCCARTESIANPOINT((0.,0.,0.));
#7225=IFCDIRECTION((1.,0.,0.));
#7226=IFCDIRECTION((0.,1.,0.));
#7227=IFCDIRECTION((0.,0.,1.));
#7228=IFCCARTESIANTRANSFORMATIONOPERATOR3D(#7225,#7226,#7224,1.,#7227);
#7229=IFCMAPPEDITEM(#7154,#7228);
#7230=IFCSHAPEREPRESENTATION(#11,'Body','MappedRepresentation',(#7229));
#7231=IFCPRODUCTDEFINITIONSHAPE($,$,(#7230));
#7232=IFCRELVOIDSELEMENT('1gf0NYyj1DkuxVa0L4Wwr3',$,$,$,#6941,#7218);
#7238=IFCRELFILLSELEMENT('1ECf3QYe18sfWtDK7jYaTu',$,$,$,#7218,#7195);
#7259=IFCDOORTYPE('2h5vBuZWX0UfH2GzkBwLDL',$,'Masters Bedroom - 2F',$,$,(#7260),(#7262,#7270,#7348),$,$,.DOOR.,.SINGLE_SWING_LEFT.,$,$);
#7260=IFCPROPERTYSET('1yVU8PYlLB6gYaToq0vknE',$,'BBIM_Door',$,(#7261));
#7261=IFCPROPERTYSINGLEVALUE('Data',$,IFCTEXT('{"door_type": "SINGLE_SWING_RIGHT", "overall_height": 2.0, "overall_width": 0.9525395631790161, "lining_properties": {"lining_depth": 0.05000000074505806, "lining_thickness": 0.05000000074505806, "lining_offset": 0.0, "lining_to_panel_offset_x": 0.02500000037252903, "lining_to_panel_offset_y": 0.02500000037252903, "transom_thickness": 0.0, "casing_thickness": 0.07500000298023224, "casing_depth": 0.004999999888241291, "threshold_thickness": 0.02500000037252903, "threshold_depth": 0.10000000149011612, "threshold_offset": 0.0}, "panel_properties": {"panel_depth": 0.03500000014901161, "panel_width_ratio": 1.0}}'),$);
#7262=IFCREPRESENTATIONMAP(#7263,#7267);
#7263=IFCAXIS2PLACEMENT3D(#7264,#7265,#7266);
#7264=IFCCARTESIANPOINT((0.,0.,0.));
#7265=IFCDIRECTION((0.,0.,1.));
#7266=IFCDIRECTION((1.,0.,0.));
#7267=IFCSHAPEREPRESENTATION(#18,'Profile','Curve3D',(#7268));
#7268=IFCINDEXEDPOLYCURVE(#7269,(IFCLINEINDEX((1,2,3,4,1))),$);
#7269=IFCCARTESIANPOINTLIST3D(((0.,0.,0.),(0.95253956317901611,0.,0.),(0.95253956317901611,0.,2.),(0.,0.,2.)));
#7270=IFCREPRESENTATIONMAP(#7271,#7275);
#7271=IFCAXIS2PLACEMENT3D(#7272,#7273,#7274);
#7272=IFCCARTESIANPOINT((0.,0.,0.));
#7273=IFCDIRECTION((0.,0.,1.));
#7274=IFCDIRECTION((1.,0.,0.));
#7275=IFCSHAPEREPRESENTATION(#11,'Body','SweptSolid',(#7276,#7285,#7294,#7303,#7312,#7321,#7330,#7339));
#7276=IFCEXTRUDEDAREASOLID(#7277,#7280,#7284,0.02500000037252903);
#7277=IFCARBITRARYCLOSEDPROFILEDEF(.AREA.,$,#7278);
#7278=IFCINDEXEDPOLYCURVE(#7279,(IFCLINEINDEX((1,2,3,4,5,6,7,8,1))),$);
#7279=IFCCARTESIANPOINTLIST2D(((0.,0.),(0.,2.),(0.95253956317901611,2.),(0.95253956317901611,0.),(0.92753956280648708,0.),(0.92753956280648708,1.974999999627471),(0.02500000037252903,1.974999999627471),(0.02500000037252903,0.)));
#7280=IFCAXIS2PLACEMENT3D(#7281,#7282,#7283);
#7281=IFCCARTESIANPOINT((0.,0.02500000037252903,0.));
#7282=IFCDIRECTION((0.,-1.,0.));
#7283=IFCDIRECTION((1.,0.,0.));
#7284=IFCDIRECTION((0.,0.,-1.));
#7285=IFCEXTRUDEDAREASOLID(#7286,#7289,#7293,0.02500000037252903);
#7286=IFCARBITRARYCLOSEDPROFILEDEF(.AREA.,$,#7287);
#7287=IFCINDEXEDPOLYCURVE(#7288,(IFCLINEINDEX((1,2,3,4,5,6,7,8,1))),$);
#7288=IFCCARTESIANPOINTLIST2D(((0.,0.),(0.,2.),(0.95253956317901611,2.),(0.95253956317901611,0.),(0.90253956243395805,0.),(0.90253956243395805,1.9499999992549419),(0.05000000074505806,1.9499999992549419),(0.05000000074505806,0.)));
#7289=IFCAXIS2PLACEMENT3D(#7290,#7291,#7292);
#7290=IFCCARTESIANPOINT((0.,0.,0.));
#7291=IFCDIRECTION((0.,-1.,0.));
#7292=IFCDIRECTION((1.,0.,0.));
#7293=IFCDIRECTION((0.,0.,-1.));
#7294=IFCEXTRUDEDAREASOLID(#7295,#7298,#7302,1.9499999992549419);
#7295=IFCARBITRARYCLOSEDPROFILEDEF(.AREA.,$,#7296);
#7296=IFCINDEXEDPOLYCURVE(#7297,(IFCLINEINDEX((1,2,3,4,1))),$);
#7297=IFCCARTESIANPOINTLIST2D(((0.,0.),(0.90253956243395805,0.),(0.90253956243395805,0.035000000149011612),(0.,0.035000000149011612)));
#7298=IFCAXIS2PLACEMENT3D(#7299,#7300,#7301);
#7299=IFCCARTESIANPOINT((0.02500000037252903,0.02500000037252903,0.02500000037252903));
#7300=IFCDIRECTION((0.,0.,1.));
#7301=IFCDIRECTION((1.,0.,0.));
#7302=IFCDIRECTION((0.,0.,1.));
#7303=IFCEXTRUDEDAREASOLID(#7304,#7307,#7311,0.02);
#7304=IFCARBITRARYCLOSEDPROFILEDEF(.AREA.,$,#7305);
#7305=IFCINDEXEDPOLYCURVE(#7306,(IFCLINEINDEX((1,2,3,4,5,6,1))),$);
#7306=IFCCARTESIANPOINTLIST2D(((0.,0.),(0.,-0.040000000000000001),(0.12,-0.040000000000000001),(0.12,-0.02),(0.02,-0.02),(0.02,0.)));
#7307=IFCAXIS2PLACEMENT3D(#7308,#7309,#7310);
#7308=IFCCARTESIANPOINT((0.075000000372529033,0.02500000037252903,1.015000000372529));
#7309=IFCDIRECTION((0.,0.,1.));
#7310=IFCDIRECTION((1.,0.,0.));
#7311=IFCDIRECTION((0.,0.,1.));
#7312=IFCEXTRUDEDAREASOLID(#7313,#7316,#7320,0.02);
#7313=IFCARBITRARYCLOSEDPROFILEDEF(.AREA.,$,#7314);
#7314=IFCINDEXEDPOLYCURVE(#7315,(IFCLINEINDEX((1,2,3,4,5,6,1))),$);
#7315=IFCCARTESIANPOINTLIST2D(((0.,0.),(0.,0.040000000000000008),(0.11999999999999998,0.040000000000000008),(0.11999999999999998,0.020000000000000004),(0.020000000000000004,0.020000000000000004),(0.020000000000000004,0.)));
#7316=IFCAXIS2PLACEMENT3D(#7317,#7318,#7319);
#7317=IFCCARTESIANPOINT((0.075000000372529033,0.060000000521540642,1.015000000372529));
#7318=IFCDIRECTION((0.,0.,1.));
#7319=IFCDIRECTION((1.,0.,0.));
#7320=IFCDIRECTION((0.,0.,1.));
#7321=IFCEXTRUDEDAREASOLID(#7322,#7325,#7329,0.02500000037252903);
#7322=IFCARBITRARYCLOSEDPROFILEDEF(.AREA.,$,#7323);
#7323=IFCINDEXEDPOLYCURVE(#7324,(IFCLINEINDEX((1,2,3,4,1))),$);
#7324=IFCCARTESIANPOINTLIST2D(((0.,0.),(0.85253956168889999,0.),(0.85253956168889999,0.10000000149011612),(0.,0.10000000149011612)));
#7325=IFCAXIS2PLACEMENT3D(#7326,#7327,#7328);
#7326=IFCCARTESIANPOINT((0.05000000074505806,0.,0.));
#7327=IFCDIRECTION((0.,0.,1.));
#7328=IFCDIRECTION((1.,0.,0.));
#7329=IFCDIRECTION((0.,0.,1.));
#7330=IFCEXTRUDEDAREASOLID(#7331,#7334,#7338,0.004999999888241291);
#7331=IFCARBITRARYCLOSEDPROFILEDEF(.AREA.,$,#7332);
#7332=IFCINDEXEDPOLYCURVE(#7333,(IFCLINEINDEX((1,2,3,4,5,6,7,8,1))),$);
#7333=IFCCARTESIANPOINTLIST2D(((0.,0.),(0.,2.0250000022351742),(1.0025395676493645,2.0250000022351742),(1.0025395676493645,0.),(0.92753956466913223,0.),(0.92753956466913223,1.9499999992549419),(0.075000002980232239,1.9499999992549419),(0.075000002980232239,0.)));
#7334=IFCAXIS2PLACEMENT3D(#7335,#7336,#7337);
#7335=IFCCARTESIANPOINT((-0.025000002235174179,-0.004999999888241291,0.));
#7336=IFCDIRECTION((0.,-1.,0.));
#7337=IFCDIRECTION((1.,0.,0.));
#7338=IFCDIRECTION((0.,0.,-1.));
#7339=IFCEXTRUDEDAREASOLID(#7340,#7343,#7347,0.004999999888241291);
#7340=IFCARBITRARYCLOSEDPROFILEDEF(.AREA.,$,#7341);
#7341=IFCINDEXEDPOLYCURVE(#7342,(IFCLINEINDEX((1,2,3,4,5,6,7,8,1))),$);
#7342=IFCCARTESIANPOINTLIST2D(((0.,0.),(0.,2.0250000022351742),(1.0025395676493645,2.0250000022351742),(1.0025395676493645,0.),(0.95253956504166126,0.),(0.95253956504166126,1.974999999627471),(0.050000002607703209,1.974999999627471),(0.050000002607703209,0.)));
#7343=IFCAXIS2PLACEMENT3D(#7344,#7345,#7346);
#7344=IFCCARTESIANPOINT((-0.025000002235174179,0.05000000074505806,0.));
#7345=IFCDIRECTION((0.,-1.,0.));
#7346=IFCDIRECTION((1.,0.,0.));
#7347=IFCDIRECTION((0.,0.,-1.));
#7348=IFCREPRESENTATIONMAP(#7349,#7353);
#7349=IFCAXIS2PLACEMENT3D(#7350,#7351,#7352);
#7350=IFCCARTESIANPOINT((0.,0.,0.));
#7351=IFCDIRECTION((0.,0.,1.));
#7352=IFCDIRECTION((1.,0.,0.));
#7353=IFCSHAPEREPRESENTATION(#24,'Body','Curve2D',(#7354,#7356,#7358,#7365));
#7354=IFCINDEXEDPOLYCURVE(#7355,(IFCLINEINDEX((1,2,3,4,5,6,1))),$);
#7355=IFCCARTESIANPOINTLIST2D(((0.,0.),(0.,0.05000000074505806),(0.02500000037252903,0.05000000074505806),(0.02500000037252903,0.02500000037252903),(0.05000000074505806,0.02500000037252903),(0.05000000074505806,0.)));
#7356=IFCINDEXEDPOLYCURVE(#7357,(IFCLINEINDEX((1,2,3,4,5,6,1))),$);
#7357=IFCCARTESIANPOINTLIST2D(((0.95253956317901611,0.),(0.95253956317901611,0.05000000074505806),(0.92753956280648708,0.05000000074505806),(0.92753956280648708,0.02500000037252903),(0.90253956243395805,0.02500000037252903),(0.90253956243395805,0.)));
#7358=IFCTRIMMEDCURVE(#7359,(#7363),(#7364),.T.,.CARTESIAN.);
#7359=IFCELLIPSE(#7360,0.86753956228494644,0.90253956243395805);
#7360=IFCAXIS2PLACEMENT2D(#7361,#7362);
#7361=IFCCARTESIANPOINT((0.89253956265747547,0.05000000074505806));
#7362=IFCDIRECTION((1.,0.));
#7363=IFCCARTESIANPOINT((0.89253956265747547,0.95253956317901611));
#7364=IFCCARTESIANPOINT((0.02500000037252903,0.05000000074505806));
#7365=IFCINDEXEDPOLYCURVE(#7366,(IFCLINEINDEX((1,2,3,4,1))),$);
#7366=IFCCARTESIANPOINTLIST2D(((0.92753956280648708,0.05000000074505806),(0.89253956265747547,0.05000000074505806),(0.89253956265747547,0.95253956317901611),(0.92753956280648708,0.95253956317901611)));
#7432=IFCDOOR('31$G0eO$92QPw8PquTErML',$,'Door',$,$,#7496,#7441,$,2.,0.95253956317901611,$,$,$);
#7433=IFCRELDEFINESBYTYPE('0UnkYj2KbAFQxq$VKzuDfd',$,$,$,(#7432),#7259);
#7434=IFCCARTESIANPOINT((0.,0.,0.));
#7435=IFCDIRECTION((1.,0.,0.));
#7436=IFCDIRECTION((0.,1.,0.));
#7437=IFCDIRECTION((0.,0.,1.));
#7438=IFCCARTESIANTRANSFORMATIONOPERATOR3D(#7435,#7436,#7434,1.,#7437);
#7439=IFCMAPPEDITEM(#7262,#7438);
#7440=IFCSHAPEREPRESENTATION(#18,'Profile','MappedRepresentation',(#7439));
#7441=IFCPRODUCTDEFINITIONSHAPE($,$,(#7440,#7448,#7455));
#7442=IFCCARTESIANPOINT((0.,0.,0.));
#7443=IFCDIRECTION((1.,0.,0.));
#7444=IFCDIRECTION((0.,1.,0.));
#7445=IFCDIRECTION((0.,0.,1.));
#7446=IFCCARTESIANTRANSFORMATIONOPERATOR3D(#7443,#7444,#7442,1.,#7445);
#7447=IFCMAPPEDITEM(#7270,#7446);
#7448=IFCSHAPEREPRESENTATION(#11,'Body','MappedRepresentation',(#7447));
#7449=IFCCARTESIANPOINT((0.,0.,0.));
#7450=IFCDIRECTION((1.,0.,0.));
#7451=IFCDIRECTION((0.,1.,0.));
#7452=IFCDIRECTION((0.,0.,1.));
#7453=IFCCARTESIANTRANSFORMATIONOPERATOR3D(#7450,#7451,#7449,1.,#7452);
#7454=IFCMAPPEDITEM(#7348,#7453);
#7455=IFCSHAPEREPRESENTATION(#24,'Body','MappedRepresentation',(#7454));
#7486=IFCCARTESIANPOINT((0.87765192548420079,0.10000009928355527,0.));
#7487=IFCDIRECTION((0.,0.,1.));
#7488=IFCDIRECTION((-0.99999999999999956,3.178651297730528E-08,0.));
#7489=IFCAXIS2PLACEMENT3D(#7486,#7487,#7488);
#7490=IFCLOCALPLACEMENT(#6864,#7489);
#7492=IFCCARTESIANPOINT((2.2204460492503131E-16,0.,0.));
#7493=IFCDIRECTION((0.,0.,1.));
#7494=IFCDIRECTION((0.99999999999999989,1.3234889800848443E-23,0.));
#7495=IFCAXIS2PLACEMENT3D(#7492,#7493,#7494);
#7496=IFCLOCALPLACEMENT(#7490,#7495);
#7497=IFCDOORTYPE('2jljyOyB92oeJc187QpDkp',$,'Bedroom 1 - 2F',$,$,(#7498),(#7500,#7508,#7586),$,$,.DOOR.,.SINGLE_SWING_LEFT.,$,$);
#7498=IFCPROPERTYSET('1jKOOJVm98BO6J_Vopi91l',$,'BBIM_Door',$,(#7499));
#7499=IFCPROPERTYSINGLEVALUE('Data',$,IFCTEXT('{"door_type": "DOUBLE_SWING_LEFT", "overall_height": 2.0, "overall_width": 0.9525395631790161, "lining_properties": {"lining_depth": 0.05000000074505806, "lining_thickness": 0.05000000074505806, "lining_offset": 0.0, "lining_to_panel_offset_x": 0.02500000037252903, "lining_to_panel_offset_y": 0.02500000037252903, "transom_thickness": 0.0, "casing_thickness": 0.07500000298023224, "casing_depth": 0.004999999888241291, "threshold_thickness": 0.02500000037252903, "threshold_depth": 0.10000000149011612, "threshold_offset": 0.0}, "panel_properties": {"panel_depth": 0.03500000014901161, "panel_width_ratio": 1.0}}'),$);
#7500=IFCREPRESENTATIONMAP(#7501,#9489);
#7501=IFCAXIS2PLACEMENT3D(#7502,#7503,#7504);
#7502=IFCCARTESIANPOINT((0.,0.,0.));
#7503=IFCDIRECTION((0.,0.,1.));
#7504=IFCDIRECTION((1.,0.,0.));
#7508=IFCREPRESENTATIONMAP(#7509,#9553);
#7509=IFCAXIS2PLACEMENT3D(#7510,#7511,#7512);
#7510=IFCCARTESIANPOINT((0.,0.,0.));
#7511=IFCDIRECTION((0.,0.,1.));
#7512=IFCDIRECTION((1.,0.,0.));
#7586=IFCREPRESENTATIONMAP(#7587,#9569);
#7587=IFCAXIS2PLACEMENT3D(#7588,#7589,#7590);
#7588=IFCCARTESIANPOINT((0.,0.,0.));
#7589=IFCDIRECTION((0.,0.,1.));
#7590=IFCDIRECTION((1.,0.,0.));
#7605=IFCDOOR('27jHk_J3jCzBT619Vvx9iB',$,'Door',$,$,#9594,#7614,$,2.,0.95253956317901611,$,.DOUBLE_SWING_LEFT.,$);
#7606=IFCRELDEFINESBYTYPE('2TWWO4Q8fCbAlg44j3eGgY',$,$,$,(#7605),#7497);
#7607=IFCCARTESIANPOINT((0.,0.,0.));
#7608=IFCDIRECTION((1.,0.,0.));
#7609=IFCDIRECTION((0.,1.,0.));
#7610=IFCDIRECTION((0.,0.,1.));
#7611=IFCCARTESIANTRANSFORMATIONOPERATOR3D(#7608,#7609,#7607,1.,#7610);
#7612=IFCMAPPEDITEM(#7500,#7611);
#7613=IFCSHAPEREPRESENTATION(#18,'Profile','MappedRepresentation',(#7612));
#7614=IFCPRODUCTDEFINITIONSHAPE($,$,(#7613,#7621,#7628));
#7615=IFCCARTESIANPOINT((0.,0.,0.));
#7616=IFCDIRECTION((1.,0.,0.));
#7617=IFCDIRECTION((0.,1.,0.));
#7618=IFCDIRECTION((0.,0.,1.));
#7619=IFCCARTESIANTRANSFORMATIONOPERATOR3D(#7616,#7617,#7615,1.,#7618);
#7620=IFCMAPPEDITEM(#7508,#7619);
#7621=IFCSHAPEREPRESENTATION(#11,'Body','MappedRepresentation',(#7620));
#7622=IFCCARTESIANPOINT((0.,0.,0.));
#7623=IFCDIRECTION((1.,0.,0.));
#7624=IFCDIRECTION((0.,1.,0.));
#7625=IFCDIRECTION((0.,0.,1.));
#7626=IFCCARTESIANTRANSFORMATIONOPERATOR3D(#7623,#7624,#7622,1.,#7625);
#7627=IFCMAPPEDITEM(#7586,#7626);
#7628=IFCSHAPEREPRESENTATION(#24,'Body','MappedRepresentation',(#7627));
#7629=IFCOPENINGELEMENT('1WxQvMw3z239kN8Nfuz53D',$,'Opening',$,$,#9589,#7657,$,.OPENING.);
#7645=IFCCARTESIANPOINT((0.,0.,0.));
#7646=IFCDIRECTION((1.,0.,0.));
#7647=IFCDIRECTION((0.,0.,1.));
#7648=IFCAXIS2PLACEMENT3D(#7645,#7647,#7646);
#7649=IFCREPRESENTATIONMAP(#7648,#9579);
#7650=IFCCARTESIANPOINT((0.,0.,0.));
#7651=IFCDIRECTION((1.,0.,0.));
#7652=IFCDIRECTION((0.,1.,0.));
#7653=IFCDIRECTION((0.,0.,1.));
#7654=IFCCARTESIANTRANSFORMATIONOPERATOR3D(#7651,#7652,#7650,1.,#7653);
#7655=IFCMAPPEDITEM(#7649,#7654);
#7656=IFCSHAPEREPRESENTATION(#11,'Body','MappedRepresentation',(#7655));
#7657=IFCPRODUCTDEFINITIONSHAPE($,$,(#7656));
#7658=IFCRELVOIDSELEMENT('1XXF2IWgD7ZviTmYrMoLI5',$,$,$,#6106,#7629);
#7664=IFCRELFILLSELEMENT('1P2UDlRmT8ZBpuEz5c06EG',$,$,$,#7629,#7605);
#7673=IFCCARTESIANPOINTLIST2D(((0.,0.),(0.,2.),(0.95253956317901611,2.),(0.95253956317901611,0.),(0.92753956280648708,0.),(0.92753956280648708,1.974999999627471),(0.02500000037252903,1.974999999627471),(0.02500000037252903,0.)));
#7674=IFCINDEXEDPOLYCURVE(#7673,(IFCLINEINDEX((1,2,3,4,5,6,7,8,1))),$);
#7675=IFCARBITRARYCLOSEDPROFILEDEF(.AREA.,$,#7674);
#7676=IFCCARTESIANPOINT((0.,0.,0.));
#7677=IFCDIRECTION((0.,-1.,0.));
#7678=IFCDIRECTION((1.,0.,0.));
#7679=IFCAXIS2PLACEMENT3D(#7676,#7677,#7678);
#7680=IFCDIRECTION((0.,0.,-1.));
#7681=IFCEXTRUDEDAREASOLID(#7675,#7679,#7680,0.05000000074505806);
#7682=IFCCARTESIANPOINTLIST2D(((0.,0.),(0.90253956243395805,0.),(0.90253956243395805,0.10000000149011612),(0.,0.10000000149011612)));
#7683=IFCINDEXEDPOLYCURVE(#7682,(IFCLINEINDEX((1,2,3,4,1))),$);
#7684=IFCARBITRARYCLOSEDPROFILEDEF(.AREA.,$,#7683);
#7685=IFCCARTESIANPOINT((0.02500000037252903,0.,0.));
#7686=IFCDIRECTION((0.,0.,1.));
#7687=IFCDIRECTION((1.,0.,0.));
#7688=IFCAXIS2PLACEMENT3D(#7685,#7686,#7687);
#7689=IFCDIRECTION((0.,0.,1.));
#7690=IFCEXTRUDEDAREASOLID(#7684,#7688,#7689,0.02500000037252903);
#7691=IFCCARTESIANPOINTLIST2D(((0.,0.),(0.,2.0250000022351742),(1.0025395676493645,2.0250000022351742),(1.0025395676493645,0.),(0.95253956504166126,0.),(0.95253956504166126,1.974999999627471),(0.050000002607703209,1.974999999627471),(0.050000002607703209,0.)));
#7692=IFCINDEXEDPOLYCURVE(#7691,(IFCLINEINDEX((1,2,3,4,5,6,7,8,1))),$);
#7693=IFCARBITRARYCLOSEDPROFILEDEF(.AREA.,$,#7692);
#7694=IFCCARTESIANPOINT((-0.025000002235174179,-0.004999999888241291,0.));
#7695=IFCDIRECTION((0.,-1.,0.));
#7696=IFCDIRECTION((1.,0.,0.));
#7697=IFCAXIS2PLACEMENT3D(#7694,#7695,#7696);
#7698=IFCDIRECTION((0.,0.,-1.));
#7699=IFCEXTRUDEDAREASOLID(#7693,#7697,#7698,0.004999999888241291);
#7700=IFCCARTESIANPOINTLIST2D(((0.,0.),(0.,2.0250000022351742),(1.0025395676493645,2.0250000022351742),(1.0025395676493645,0.),(0.95253956504166126,0.),(0.95253956504166126,1.974999999627471),(0.050000002607703209,1.974999999627471),(0.050000002607703209,0.)));
#7701=IFCINDEXEDPOLYCURVE(#7700,(IFCLINEINDEX((1,2,3,4,5,6,7,8,1))),$);
#7702=IFCARBITRARYCLOSEDPROFILEDEF(.AREA.,$,#7701);
#7703=IFCCARTESIANPOINT((-0.025000002235174179,0.05000000074505806,0.));
#7704=IFCDIRECTION((0.,-1.,0.));
#7705=IFCDIRECTION((1.,0.,0.));
#7706=IFCAXIS2PLACEMENT3D(#7703,#7704,#7705);
#7707=IFCDIRECTION((0.,0.,-1.));
#7708=IFCEXTRUDEDAREASOLID(#7702,#7706,#7707,0.004999999888241291);
#7709=IFCCARTESIANPOINTLIST2D(((0.,0.),(0.90253956243395805,0.),(0.90253956243395805,0.035000000149011612),(0.,0.035000000149011612)));
#7710=IFCINDEXEDPOLYCURVE(#7709,(IFCLINEINDEX((1,2,3,4,1))),$);
#7711=IFCARBITRARYCLOSEDPROFILEDEF(.AREA.,$,#7710);
#7712=IFCCARTESIANPOINT((0.02500000037252903,0.02500000037252903,0.02500000037252903));
#7713=IFCDIRECTION((0.,0.,1.));
#7714=IFCDIRECTION((1.,0.,0.));
#7715=IFCAXIS2PLACEMENT3D(#7712,#7713,#7714);
#7716=IFCDIRECTION((0.,0.,1.));
#7717=IFCEXTRUDEDAREASOLID(#7711,#7715,#7716,1.9499999992549419);
#7718=IFCCARTESIANPOINTLIST2D(((0.,0.),(0.,-0.040000000000000001),(-0.11999999999999988,-0.040000000000000001),(-0.11999999999999988,-0.02),(-0.020000000000000018,-0.02),(-0.020000000000000018,0.)));
#7719=IFCINDEXEDPOLYCURVE(#7718,(IFCLINEINDEX((1,2,3,4,5,6,1))),$);
#7720=IFCARBITRARYCLOSEDPROFILEDEF(.AREA.,$,#7719);
#7721=IFCCARTESIANPOINT((0.87753956280648704,0.02500000037252903,1.015000000372529));
#7722=IFCDIRECTION((0.,0.,1.));
#7723=IFCDIRECTION((1.,0.,0.));
#7724=IFCAXIS2PLACEMENT3D(#7721,#7722,#7723);
#7725=IFCDIRECTION((0.,0.,1.));
#7726=IFCEXTRUDEDAREASOLID(#7720,#7724,#7725,0.02);
#7727=IFCEXTRUDEDAREASOLID(#7728,#7731,#7735,0.02);
#7728=IFCARBITRARYCLOSEDPROFILEDEF(.AREA.,$,#7729);
#7729=IFCINDEXEDPOLYCURVE(#7730,(IFCLINEINDEX((1,2,3,4,5,6,1))),$);
#7730=IFCCARTESIANPOINTLIST2D(((0.,0.),(0.,0.040000000000000008),(-0.11999999999999988,0.040000000000000008),(-0.11999999999999988,0.020000000000000004),(-0.020000000000000018,0.020000000000000004),(-0.020000000000000018,0.)));
#7731=IFCAXIS2PLACEMENT3D(#7732,#7733,#7734);
#7732=IFCCARTESIANPOINT((0.87753956280648704,0.060000000521540642,1.015000000372529));
#7733=IFCDIRECTION((0.,0.,1.));
#7734=IFCDIRECTION((1.,0.,0.));
#7735=IFCDIRECTION((0.,0.,1.));
#7737=IFCSHAPEREPRESENTATION(#11,'Body','SweptSolid',(#7681,#7708,#9498,#9516,#9507,#7699,#9525,#7690));
#7738=IFCSHAPEASPECT((#7737),'Lining',$,.T.,#7614);
#7739=IFCSHAPEREPRESENTATION(#11,'Body','SweptSolid',(#9543,#9534,#7726,#7727,#9544,#7717));
#7740=IFCSHAPEASPECT((#7739),'Framing',$,.T.,#7614);
#7785=IFCCARTESIANPOINTLIST2D(((0.,0.),(0.,2.),(0.95253956317901611,2.),(0.95253956317901611,0.),(0.90253956243395805,0.),(0.90253956243395805,1.9499999992549419),(0.05000000074505806,1.9499999992549419),(0.05000000074505806,0.)));
#7786=IFCINDEXEDPOLYCURVE(#7785,(IFCLINEINDEX((1,2,3,4,5,6,7,8,1))),$);
#7787=IFCARBITRARYCLOSEDPROFILEDEF(.AREA.,$,#7786);
#7788=IFCCARTESIANPOINT((0.,0.,0.));
#7789=IFCDIRECTION((0.,-1.,0.));
#7790=IFCDIRECTION((1.,0.,0.));
#7791=IFCAXIS2PLACEMENT3D(#7788,#7789,#7790);
#7792=IFCDIRECTION((0.,0.,-1.));
#7793=IFCEXTRUDEDAREASOLID(#7787,#7791,#7792,0.05000000074505806);
#7794=IFCCARTESIANPOINTLIST2D(((0.,0.),(0.85253956168889999,0.),(0.85253956168889999,0.10000000149011612),(0.,0.10000000149011612)));
#7795=IFCINDEXEDPOLYCURVE(#7794,(IFCLINEINDEX((1,2,3,4,1))),$);
#7796=IFCARBITRARYCLOSEDPROFILEDEF(.AREA.,$,#7795);
#7797=IFCCARTESIANPOINT((0.05000000074505806,0.,0.));
#7798=IFCDIRECTION((0.,0.,1.));
#7799=IFCDIRECTION((1.,0.,0.));
#7800=IFCAXIS2PLACEMENT3D(#7797,#7798,#7799);
#7801=IFCDIRECTION((0.,0.,1.));
#7802=IFCEXTRUDEDAREASOLID(#7796,#7800,#7801,0.02500000037252903);
#7803=IFCCARTESIANPOINTLIST2D(((0.,0.),(0.,2.0250000022351742),(1.0025395676493645,2.0250000022351742),(1.0025395676493645,0.),(0.92753956466913223,0.),(0.92753956466913223,1.9499999992549419),(0.075000002980232239,1.9499999992549419),(0.075000002980232239,0.)));
#7804=IFCINDEXEDPOLYCURVE(#7803,(IFCLINEINDEX((1,2,3,4,5,6,7,8,1))),$);
#7805=IFCARBITRARYCLOSEDPROFILEDEF(.AREA.,$,#7804);
#7806=IFCCARTESIANPOINT((-0.025000002235174179,-0.004999999888241291,0.));
#7807=IFCDIRECTION((0.,-1.,0.));
#7808=IFCDIRECTION((1.,0.,0.));
#7809=IFCAXIS2PLACEMENT3D(#7806,#7807,#7808);
#7810=IFCDIRECTION((0.,0.,-1.));
#7811=IFCEXTRUDEDAREASOLID(#7805,#7809,#7810,0.004999999888241291);
#7812=IFCCARTESIANPOINTLIST2D(((0.,0.),(0.,2.0250000022351742),(1.0025395676493645,2.0250000022351742),(1.0025395676493645,0.),(0.92753956466913223,0.),(0.92753956466913223,1.9499999992549419),(0.075000002980232239,1.9499999992549419),(0.075000002980232239,0.)));
#7813=IFCINDEXEDPOLYCURVE(#7812,(IFCLINEINDEX((1,2,3,4,5,6,7,8,1))),$);
#7814=IFCARBITRARYCLOSEDPROFILEDEF(.AREA.,$,#7813);
#7815=IFCCARTESIANPOINT((-0.025000002235174179,0.05000000074505806,0.));
#7816=IFCDIRECTION((0.,-1.,0.));
#7817=IFCDIRECTION((1.,0.,0.));
#7818=IFCAXIS2PLACEMENT3D(#7815,#7816,#7817);
#7819=IFCDIRECTION((0.,0.,-1.));
#7820=IFCEXTRUDEDAREASOLID(#7814,#7818,#7819,0.004999999888241291);
#7821=IFCCARTESIANPOINTLIST2D(((0.,0.),(0.85253956168889999,0.),(0.85253956168889999,0.035000000149011612),(0.,0.035000000149011612)));
#7822=IFCINDEXEDPOLYCURVE(#7821,(IFCLINEINDEX((1,2,3,4,1))),$);
#7823=IFCARBITRARYCLOSEDPROFILEDEF(.AREA.,$,#7822);
#7824=IFCCARTESIANPOINT((0.05000000074505806,-0.035000000149011612,0.02500000037252903));
#7825=IFCDIRECTION((0.,0.,1.));
#7826=IFCDIRECTION((1.,0.,0.));
#7827=IFCAXIS2PLACEMENT3D(#7824,#7825,#7826);
#7828=IFCDIRECTION((0.,0.,1.));
#7829=IFCEXTRUDEDAREASOLID(#7823,#7827,#7828,1.9249999988824129);
#7830=IFCCARTESIANPOINTLIST2D(((0.,0.),(0.,-0.040000000000000001),(0.12,-0.040000000000000001),(0.12,-0.02),(0.02,-0.02),(0.02,0.)));
#7831=IFCINDEXEDPOLYCURVE(#7830,(IFCLINEINDEX((1,2,3,4,5,6,1))),$);
#7832=IFCARBITRARYCLOSEDPROFILEDEF(.AREA.,$,#7831);
#7833=IFCCARTESIANPOINT((0.10000000074505806,-0.035000000149011612,1.015000000372529));
#7834=IFCDIRECTION((0.,0.,1.));
#7835=IFCDIRECTION((1.,0.,0.));
#7836=IFCAXIS2PLACEMENT3D(#7833,#7834,#7835);
#7837=IFCDIRECTION((0.,0.,1.));
#7838=IFCEXTRUDEDAREASOLID(#7832,#7836,#7837,0.02);
#7839=IFCEXTRUDEDAREASOLID(#7840,#7843,#7847,0.02);
#7840=IFCARBITRARYCLOSEDPROFILEDEF(.AREA.,$,#7841);
#7841=IFCINDEXEDPOLYCURVE(#7842,(IFCLINEINDEX((1,2,3,4,5,6,1))),$);
#7842=IFCCARTESIANPOINTLIST2D(((0.,0.),(0.,0.040000000000000008),(0.11999999999999998,0.040000000000000008),(0.11999999999999998,0.020000000000000004),(0.020000000000000004,0.020000000000000004),(0.020000000000000004,0.)));
#7843=IFCAXIS2PLACEMENT3D(#7844,#7845,#7846);
#7844=IFCCARTESIANPOINT((0.10000000074505806,0.,1.015000000372529));
#7845=IFCDIRECTION((0.,0.,1.));
#7846=IFCDIRECTION((1.,0.,0.));
#7847=IFCDIRECTION((0.,0.,1.));
#7849=IFCSHAPEREPRESENTATION(#11,'Body','SweptSolid',(#7811,#7820,#9368,#7802,#9395,#8799,#9386,#9377,#8790,#9404,#8808,#8781,#7793));
#7850=IFCSHAPEASPECT((#7849),'Lining',$,.T.,#7203);
#7851=IFCSHAPEREPRESENTATION(#11,'Body','SweptSolid',(#7829,#8826,#7838,#9423,#9413,#8827,#7839,#8817,#9422));
#7852=IFCSHAPEASPECT((#7851),'Framing',$,.T.,#7203);
#7927=IFCCARTESIANPOINTLIST2D(((0.,0.),(0.,2.),(0.95253956317901611,2.),(0.95253956317901611,0.),(0.92753956280648708,0.),(0.92753956280648708,1.974999999627471),(0.02500000037252903,1.974999999627471),(0.02500000037252903,0.)));
#7928=IFCINDEXEDPOLYCURVE(#7927,(IFCLINEINDEX((1,2,3,4,5,6,7,8,1))),$);
#7929=IFCARBITRARYCLOSEDPROFILEDEF(.AREA.,$,#7928);
#7930=IFCCARTESIANPOINT((0.,0.,0.));
#7931=IFCDIRECTION((0.,-1.,0.));
#7932=IFCDIRECTION((1.,0.,0.));
#7933=IFCAXIS2PLACEMENT3D(#7930,#7931,#7932);
#7934=IFCDIRECTION((0.,0.,-1.));
#7935=IFCEXTRUDEDAREASOLID(#7929,#7933,#7934,0.05000000074505806);
#7936=IFCCARTESIANPOINTLIST2D(((0.,0.),(0.90253956243395805,0.),(0.90253956243395805,0.10000000149011612),(0.,0.10000000149011612)));
#7937=IFCINDEXEDPOLYCURVE(#7936,(IFCLINEINDEX((1,2,3,4,1))),$);
#7938=IFCARBITRARYCLOSEDPROFILEDEF(.AREA.,$,#7937);
#7939=IFCCARTESIANPOINT((0.02500000037252903,0.,0.));
#7940=IFCDIRECTION((0.,0.,1.));
#7941=IFCDIRECTION((1.,0.,0.));
#7942=IFCAXIS2PLACEMENT3D(#7939,#7940,#7941);
#7943=IFCDIRECTION((0.,0.,1.));
#7944=IFCEXTRUDEDAREASOLID(#7938,#7942,#7943,0.02500000037252903);
#7945=IFCCARTESIANPOINTLIST2D(((0.,0.),(0.,2.0250000022351742),(1.0025395676493645,2.0250000022351742),(1.0025395676493645,0.),(0.95253956504166126,0.),(0.95253956504166126,1.974999999627471),(0.050000002607703209,1.974999999627471),(0.050000002607703209,0.)));
#7946=IFCINDEXEDPOLYCURVE(#7945,(IFCLINEINDEX((1,2,3,4,5,6,7,8,1))),$);
#7947=IFCARBITRARYCLOSEDPROFILEDEF(.AREA.,$,#7946);
#7948=IFCCARTESIANPOINT((-0.025000002235174179,-0.004999999888241291,0.));
#7949=IFCDIRECTION((0.,-1.,0.));
#7950=IFCDIRECTION((1.,0.,0.));
#7951=IFCAXIS2PLACEMENT3D(#7948,#7949,#7950);
#7952=IFCDIRECTION((0.,0.,-1.));
#7953=IFCEXTRUDEDAREASOLID(#7947,#7951,#7952,0.004999999888241291);
#7954=IFCCARTESIANPOINTLIST2D(((0.,0.),(0.,2.0250000022351742),(1.0025395676493645,2.0250000022351742),(1.0025395676493645,0.),(0.95253956504166126,0.),(0.95253956504166126,1.974999999627471),(0.050000002607703209,1.974999999627471),(0.050000002607703209,0.)));
#7955=IFCINDEXEDPOLYCURVE(#7954,(IFCLINEINDEX((1,2,3,4,5,6,7,8,1))),$);
#7956=IFCARBITRARYCLOSEDPROFILEDEF(.AREA.,$,#7955);
#7957=IFCCARTESIANPOINT((-0.025000002235174179,0.05000000074505806,0.));
#7958=IFCDIRECTION((0.,-1.,0.));
#7959=IFCDIRECTION((1.,0.,0.));
#7960=IFCAXIS2PLACEMENT3D(#7957,#7958,#7959);
#7961=IFCDIRECTION((0.,0.,-1.));
#7962=IFCEXTRUDEDAREASOLID(#7956,#7960,#7961,0.004999999888241291);
#7963=IFCCARTESIANPOINTLIST2D(((0.,0.),(0.90253956243395805,0.),(0.90253956243395805,0.035000000149011612),(0.,0.035000000149011612)));
#7964=IFCINDEXEDPOLYCURVE(#7963,(IFCLINEINDEX((1,2,3,4,1))),$);
#7965=IFCARBITRARYCLOSEDPROFILEDEF(.AREA.,$,#7964);
#7966=IFCCARTESIANPOINT((0.02500000037252903,0.02500000037252903,0.02500000037252903));
#7967=IFCDIRECTION((0.,0.,1.));
#7968=IFCDIRECTION((1.,0.,0.));
#7969=IFCAXIS2PLACEMENT3D(#7966,#7967,#7968);
#7970=IFCDIRECTION((0.,0.,1.));
#7971=IFCEXTRUDEDAREASOLID(#7965,#7969,#7970,1.9499999992549419);
#7972=IFCCARTESIANPOINTLIST2D(((0.,0.),(0.,-0.040000000000000001),(-0.11999999999999988,-0.040000000000000001),(-0.11999999999999988,-0.02),(-0.020000000000000018,-0.02),(-0.020000000000000018,0.)));
#7973=IFCINDEXEDPOLYCURVE(#7972,(IFCLINEINDEX((1,2,3,4,5,6,1))),$);
#7974=IFCARBITRARYCLOSEDPROFILEDEF(.AREA.,$,#7973);
#7975=IFCCARTESIANPOINT((0.87753956280648704,0.02500000037252903,1.015000000372529));
#7976=IFCDIRECTION((0.,0.,1.));
#7977=IFCDIRECTION((1.,0.,0.));
#7978=IFCAXIS2PLACEMENT3D(#7975,#7976,#7977);
#7979=IFCDIRECTION((0.,0.,1.));
#7980=IFCEXTRUDEDAREASOLID(#7974,#7978,#7979,0.02);
#7981=IFCEXTRUDEDAREASOLID(#7982,#7985,#7989,0.02);
#7982=IFCARBITRARYCLOSEDPROFILEDEF(.AREA.,$,#7983);
#7983=IFCINDEXEDPOLYCURVE(#7984,(IFCLINEINDEX((1,2,3,4,5,6,1))),$);
#7984=IFCCARTESIANPOINTLIST2D(((0.,0.),(0.,0.040000000000000008),(-0.11999999999999988,0.040000000000000008),(-0.11999999999999988,0.020000000000000004),(-0.020000000000000018,0.020000000000000004),(-0.020000000000000018,0.)));
#7985=IFCAXIS2PLACEMENT3D(#7986,#7987,#7988);
#7986=IFCCARTESIANPOINT((0.87753956280648704,0.060000000521540642,1.015000000372529));
#7987=IFCDIRECTION((0.,0.,1.));
#7988=IFCDIRECTION((1.,0.,0.));
#7989=IFCDIRECTION((0.,0.,1.));
#7991=IFCSHAPEREPRESENTATION(#11,'Body','SweptSolid',(#9624,#9255,#7944,#9097,#9246,#9088,#9079,#9237,#9633,#9273,#7962,#7935,#9606,#9070,#9264,#7953,#9615));
#7992=IFCSHAPEASPECT((#7991),'Lining',$,.T.,#7119);
#7993=IFCSHAPEREPRESENTATION(#11,'Body','SweptSolid',(#9143,#7971,#9134,#9651,#9125,#9642,#9292,#7981,#9116,#9106,#9282,#9291,#9115,#9652,#7980));
#7994=IFCSHAPEASPECT((#7993),'Framing',$,.T.,#7119);
#8055=IFCRELCONNECTSPATHELEMENTS('0ovyKMJ1v8qwZ2t9pydT4B',$,$,$,$,#6231,#6106,(),(),.ATEND.,.ATSTART.);
#8056=IFCCARTESIANPOINTLIST2D(((0.,0.),(0.099999992450210171,0.10000000000000001),(8.5999991965396116,0.10000000000000001),(8.6999992128316794,0.)));
#8057=IFCINDEXEDPOLYCURVE(#8056,(IFCLINEINDEX((1,2,3,4,1))),$);
#8058=IFCARBITRARYCLOSEDPROFILEDEF(.AREA.,$,#8057);
#8059=IFCCARTESIANPOINT((0.,0.,0.));
#8060=IFCDIRECTION((0.,0.,1.));
#8061=IFCDIRECTION((1.,0.,0.));
#8062=IFCAXIS2PLACEMENT3D(#8059,#8060,#8061);
#8063=IFCDIRECTION((0.,0.,1.));
#8064=IFCEXTRUDEDAREASOLID(#8058,#8062,#8063,3.);
#8065=IFCSHAPEREPRESENTATION(#11,'Body','SweptSolid',(#8064));
#8066=IFCCARTESIANPOINTLIST2D(((0.,0.),(8.6999992128316794,0.)));
#8067=IFCINDEXEDPOLYCURVE(#8066,$,$);
#8068=IFCSHAPEREPRESENTATION(#23,'Axis','Curve2D',(#8067));
#8069=IFCDOORTYPE('2SmyxiXw50JvB_GTVnf$sX',$,'T&B 2 - 2F',$,$,(#8070),(#8072,#8080,#8158),$,$,.DOOR.,.SINGLE_SWING_LEFT.,$,$);
#8070=IFCPROPERTYSET('1VzIDaLmb8JBC0UXd4pVml',$,'BBIM_Door',$,(#8071));
#8071=IFCPROPERTYSINGLEVALUE('Data',$,IFCTEXT('{"door_type": "SINGLE_SWING_LEFT", "overall_height": 2.0, "overall_width": 0.7902012467384338, "lining_properties": {"lining_depth": 0.05000000074505806, "lining_thickness": 0.05000000074505806, "lining_offset": 0.0, "lining_to_panel_offset_x": 0.02500000037252903, "lining_to_panel_offset_y": 0.02500000037252903, "transom_thickness": 0.0, "casing_thickness": 0.07500000298023224, "casing_depth": 0.004999999888241291, "threshold_thickness": 0.02500000037252903, "threshold_depth": 0.10000000149011612, "threshold_offset": 0.0}, "panel_properties": {"panel_depth": 0.03500000014901161, "panel_width_ratio": 1.0}}'),$);
#8072=IFCREPRESENTATIONMAP(#8073,#8627);
#8073=IFCAXIS2PLACEMENT3D(#8074,#8075,#8076);
#8074=IFCCARTESIANPOINT((0.,0.,0.));
#8075=IFCDIRECTION((0.,0.,1.));
#8076=IFCDIRECTION((1.,0.,0.));
#8080=IFCREPRESENTATIONMAP(#8081,#8700);
#8081=IFCAXIS2PLACEMENT3D(#8082,#8083,#8084);
#8082=IFCCARTESIANPOINT((0.,0.,0.));
#8083=IFCDIRECTION((0.,0.,1.));
#8084=IFCDIRECTION((1.,0.,0.));
#8158=IFCREPRESENTATIONMAP(#8159,#8714);
#8159=IFCAXIS2PLACEMENT3D(#8160,#8161,#8162);
#8160=IFCCARTESIANPOINT((0.,0.,0.));
#8161=IFCDIRECTION((0.,0.,1.));
#8162=IFCDIRECTION((1.,0.,0.));
#8177=IFCDOOR('1fgpqlbez3MQt4q6wM4KKp',$,'Door',$,$,#8740,#8186,$,2.,0.79020124673843384,$,.SINGLE_SWING_LEFT.,$);
#8178=IFCRELDEFINESBYTYPE('3kbqetY7X2AAPGxOH_ZKp0',$,$,$,(#8177),#8069);
#8179=IFCCARTESIANPOINT((0.,0.,0.));
#8180=IFCDIRECTION((1.,0.,0.));
#8181=IFCDIRECTION((0.,1.,0.));
#8182=IFCDIRECTION((0.,0.,1.));
#8183=IFCCARTESIANTRANSFORMATIONOPERATOR3D(#8180,#8181,#8179,1.,#8182);
#8184=IFCMAPPEDITEM(#8072,#8183);
#8185=IFCSHAPEREPRESENTATION(#18,'Profile','MappedRepresentation',(#8184));
#8186=IFCPRODUCTDEFINITIONSHAPE($,$,(#8185,#8193,#8200));
#8187=IFCCARTESIANPOINT((0.,0.,0.));
#8188=IFCDIRECTION((1.,0.,0.));
#8189=IFCDIRECTION((0.,1.,0.));
#8190=IFCDIRECTION((0.,0.,1.));
#8191=IFCCARTESIANTRANSFORMATIONOPERATOR3D(#8188,#8189,#8187,1.,#8190);
#8192=IFCMAPPEDITEM(#8080,#8191);
#8193=IFCSHAPEREPRESENTATION(#11,'Body','MappedRepresentation',(#8192));
#8194=IFCCARTESIANPOINT((0.,0.,0.));
#8195=IFCDIRECTION((1.,0.,0.));
#8196=IFCDIRECTION((0.,1.,0.));
#8197=IFCDIRECTION((0.,0.,1.));
#8198=IFCCARTESIANTRANSFORMATIONOPERATOR3D(#8195,#8196,#8194,1.,#8197);
#8199=IFCMAPPEDITEM(#8158,#8198);
#8200=IFCSHAPEREPRESENTATION(#24,'Body','MappedRepresentation',(#8199));
#8201=IFCOPENINGELEMENT('0aGlIvmDj0$ReA6M1rUSuB',$,'Opening',$,$,#8735,#8229,$,.OPENING.);
#8217=IFCCARTESIANPOINT((0.,0.,0.));
#8218=IFCDIRECTION((1.,0.,0.));
#8219=IFCDIRECTION((0.,0.,1.));
#8220=IFCAXIS2PLACEMENT3D(#8217,#8219,#8218);
#8221=IFCREPRESENTATIONMAP(#8220,#8725);
#8222=IFCCARTESIANPOINT((0.,0.,0.));
#8223=IFCDIRECTION((1.,0.,0.));
#8224=IFCDIRECTION((0.,1.,0.));
#8225=IFCDIRECTION((0.,0.,1.));
#8226=IFCCARTESIANTRANSFORMATIONOPERATOR3D(#8223,#8224,#8222,1.,#8225);
#8227=IFCMAPPEDITEM(#8221,#8226);
#8228=IFCSHAPEREPRESENTATION(#11,'Body','MappedRepresentation',(#8227));
#8229=IFCPRODUCTDEFINITIONSHAPE($,$,(#8228));
#8230=IFCRELVOIDSELEMENT('3fu3R_0oj7LhIgS2Wvo3kU',$,$,$,#6865,#8201);
#8236=IFCRELFILLSELEMENT('0OtWybdknAOfw8fRcyX26q',$,$,$,#8201,#8177);
#8245=IFCCARTESIANPOINTLIST2D(((0.,0.),(0.,2.),(0.79020124673843384,2.),(0.79020124673843384,0.),(0.76520124636590481,0.),(0.76520124636590481,1.974999999627471),(0.02500000037252903,1.974999999627471),(0.02500000037252903,0.)));
#8246=IFCINDEXEDPOLYCURVE(#8245,(IFCLINEINDEX((1,2,3,4,5,6,7,8,1))),$);
#8247=IFCARBITRARYCLOSEDPROFILEDEF(.AREA.,$,#8246);
#8248=IFCCARTESIANPOINT((0.,0.02500000037252903,0.));
#8249=IFCDIRECTION((0.,-1.,0.));
#8250=IFCDIRECTION((1.,0.,0.));
#8251=IFCAXIS2PLACEMENT3D(#8248,#8249,#8250);
#8252=IFCDIRECTION((0.,0.,-1.));
#8253=IFCEXTRUDEDAREASOLID(#8247,#8251,#8252,0.02500000037252903);
#8254=IFCCARTESIANPOINTLIST2D(((0.,0.),(0.,2.),(0.79020124673843384,2.),(0.79020124673843384,0.),(0.74020124599337578,0.),(0.74020124599337578,1.9499999992549419),(0.05000000074505806,1.9499999992549419),(0.05000000074505806,0.)));
#8255=IFCINDEXEDPOLYCURVE(#8254,(IFCLINEINDEX((1,2,3,4,5,6,7,8,1))),$);
#8256=IFCARBITRARYCLOSEDPROFILEDEF(.AREA.,$,#8255);
#8257=IFCCARTESIANPOINT((0.,0.,0.));
#8258=IFCDIRECTION((0.,-1.,0.));
#8259=IFCDIRECTION((1.,0.,0.));
#8260=IFCAXIS2PLACEMENT3D(#8257,#8258,#8259);
#8261=IFCDIRECTION((0.,0.,-1.));
#8262=IFCEXTRUDEDAREASOLID(#8256,#8260,#8261,0.02500000037252903);
#8263=IFCCARTESIANPOINTLIST2D(((0.,0.),(0.69020124524831772,0.),(0.69020124524831772,0.10000000149011612),(0.,0.10000000149011612)));
#8264=IFCINDEXEDPOLYCURVE(#8263,(IFCLINEINDEX((1,2,3,4,1))),$);
#8265=IFCARBITRARYCLOSEDPROFILEDEF(.AREA.,$,#8264);
#8266=IFCCARTESIANPOINT((0.05000000074505806,0.,0.));
#8267=IFCDIRECTION((0.,0.,1.));
#8268=IFCDIRECTION((1.,0.,0.));
#8269=IFCAXIS2PLACEMENT3D(#8266,#8267,#8268);
#8270=IFCDIRECTION((0.,0.,1.));
#8271=IFCEXTRUDEDAREASOLID(#8265,#8269,#8270,0.02500000037252903);
#8272=IFCCARTESIANPOINTLIST2D(((0.,0.),(0.,2.0250000022351742),(0.8402012512087822,2.0250000022351742),(0.8402012512087822,0.),(0.76520124822854996,0.),(0.76520124822854996,1.9499999992549419),(0.075000002980232239,1.9499999992549419),(0.075000002980232239,0.)));
#8273=IFCINDEXEDPOLYCURVE(#8272,(IFCLINEINDEX((1,2,3,4,5,6,7,8,1))),$);
#8274=IFCARBITRARYCLOSEDPROFILEDEF(.AREA.,$,#8273);
#8275=IFCCARTESIANPOINT((-0.025000002235174179,-0.004999999888241291,0.));
#8276=IFCDIRECTION((0.,-1.,0.));
#8277=IFCDIRECTION((1.,0.,0.));
#8278=IFCAXIS2PLACEMENT3D(#8275,#8276,#8277);
#8279=IFCDIRECTION((0.,0.,-1.));
#8280=IFCEXTRUDEDAREASOLID(#8274,#8278,#8279,0.004999999888241291);
#8281=IFCCARTESIANPOINTLIST2D(((0.,0.),(0.,2.0250000022351742),(0.8402012512087822,2.0250000022351742),(0.8402012512087822,0.),(0.79020124860107899,0.),(0.79020124860107899,1.974999999627471),(0.050000002607703209,1.974999999627471),(0.050000002607703209,0.)));
#8282=IFCINDEXEDPOLYCURVE(#8281,(IFCLINEINDEX((1,2,3,4,5,6,7,8,1))),$);
#8283=IFCARBITRARYCLOSEDPROFILEDEF(.AREA.,$,#8282);
#8284=IFCCARTESIANPOINT((-0.025000002235174179,0.05000000074505806,0.));
#8285=IFCDIRECTION((0.,-1.,0.));
#8286=IFCDIRECTION((1.,0.,0.));
#8287=IFCAXIS2PLACEMENT3D(#8284,#8285,#8286);
#8288=IFCDIRECTION((0.,0.,-1.));
#8289=IFCEXTRUDEDAREASOLID(#8283,#8287,#8288,0.004999999888241291);
#8290=IFCCARTESIANPOINTLIST2D(((0.,0.),(0.74020124599337578,0.),(0.74020124599337578,0.035000000149011612),(0.,0.035000000149011612)));
#8291=IFCINDEXEDPOLYCURVE(#8290,(IFCLINEINDEX((1,2,3,4,1))),$);
#8292=IFCARBITRARYCLOSEDPROFILEDEF(.AREA.,$,#8291);
#8293=IFCCARTESIANPOINT((0.02500000037252903,0.02500000037252903,0.02500000037252903));
#8294=IFCDIRECTION((0.,0.,1.));
#8295=IFCDIRECTION((1.,0.,0.));
#8296=IFCAXIS2PLACEMENT3D(#8293,#8294,#8295);
#8297=IFCDIRECTION((0.,0.,1.));
#8298=IFCEXTRUDEDAREASOLID(#8292,#8296,#8297,1.9499999992549419);
#8299=IFCCARTESIANPOINTLIST2D(((0.,0.),(0.,-0.040000000000000001),(0.12,-0.040000000000000001),(0.12,-0.02),(0.02,-0.02),(0.02,0.)));
#8300=IFCINDEXEDPOLYCURVE(#8299,(IFCLINEINDEX((1,2,3,4,5,6,1))),$);
#8301=IFCARBITRARYCLOSEDPROFILEDEF(.AREA.,$,#8300);
#8302=IFCCARTESIANPOINT((0.075000000372529033,0.02500000037252903,1.015000000372529));
#8303=IFCDIRECTION((0.,0.,1.));
#8304=IFCDIRECTION((1.,0.,0.));
#8305=IFCAXIS2PLACEMENT3D(#8302,#8303,#8304);
#8306=IFCDIRECTION((0.,0.,1.));
#8307=IFCEXTRUDEDAREASOLID(#8301,#8305,#8306,0.02);
#8308=IFCEXTRUDEDAREASOLID(#8309,#8312,#8316,0.02);
#8309=IFCARBITRARYCLOSEDPROFILEDEF(.AREA.,$,#8310);
#8310=IFCINDEXEDPOLYCURVE(#8311,(IFCLINEINDEX((1,2,3,4,5,6,1))),$);
#8311=IFCCARTESIANPOINTLIST2D(((0.,0.),(0.,0.040000000000000008),(0.11999999999999998,0.040000000000000008),(0.11999999999999998,0.020000000000000004),(0.020000000000000004,0.020000000000000004),(0.020000000000000004,0.)));
#8312=IFCAXIS2PLACEMENT3D(#8313,#8314,#8315);
#8313=IFCCARTESIANPOINT((0.075000000372529033,0.060000000521540642,1.015000000372529));
#8314=IFCDIRECTION((0.,0.,1.));
#8315=IFCDIRECTION((1.,0.,0.));
#8316=IFCDIRECTION((0.,0.,1.));
#8318=IFCSHAPEREPRESENTATION(#11,'Body','SweptSolid',(#8530,#8387,#8414,#8262,#8405,#8672,#8253,#8663,#8396,#8654,#8503,#8289,#8645,#8521,#8280,#8636,#8512,#8271));
#8319=IFCSHAPEASPECT((#8318),'Lining',$,.T.,#8186);
#8320=IFCSHAPEREPRESENTATION(#11,'Body','SweptSolid',(#8433,#8558,#8432,#8691,#8307,#8690,#8423,#8681,#8567,#8548,#8576,#8549,#8308,#8539,#8298));
#8321=IFCSHAPEASPECT((#8320),'Framing',$,.T.,#8186);
#8379=IFCCARTESIANPOINTLIST2D(((0.,0.),(0.,2.),(0.79020124673843384,2.),(0.79020124673843384,0.),(0.74020124599337578,0.),(0.74020124599337578,1.9499999992549419),(0.05000000074505806,1.9499999992549419),(0.05000000074505806,0.)));
#8380=IFCINDEXEDPOLYCURVE(#8379,(IFCLINEINDEX((1,2,3,4,5,6,7,8,1))),$);
#8381=IFCARBITRARYCLOSEDPROFILEDEF(.AREA.,$,#8380);
#8382=IFCCARTESIANPOINT((0.,0.,0.));
#8383=IFCDIRECTION((0.,-1.,0.));
#8384=IFCDIRECTION((1.,0.,0.));
#8385=IFCAXIS2PLACEMENT3D(#8382,#8383,#8384);
#8386=IFCDIRECTION((0.,0.,-1.));
#8387=IFCEXTRUDEDAREASOLID(#8381,#8385,#8386,0.05000000074505806);
#8388=IFCCARTESIANPOINTLIST2D(((0.,0.),(0.69020124524831772,0.),(0.69020124524831772,0.10000000149011612),(0.,0.10000000149011612)));
#8389=IFCINDEXEDPOLYCURVE(#8388,(IFCLINEINDEX((1,2,3,4,1))),$);
#8390=IFCARBITRARYCLOSEDPROFILEDEF(.AREA.,$,#8389);
#8391=IFCCARTESIANPOINT((0.05000000074505806,0.,0.));
#8392=IFCDIRECTION((0.,0.,1.));
#8393=IFCDIRECTION((1.,0.,0.));
#8394=IFCAXIS2PLACEMENT3D(#8391,#8392,#8393);
#8395=IFCDIRECTION((0.,0.,1.));
#8396=IFCEXTRUDEDAREASOLID(#8390,#8394,#8395,0.02500000037252903);
#8397=IFCCARTESIANPOINTLIST2D(((0.,0.),(0.,2.0250000022351742),(0.8402012512087822,2.0250000022351742),(0.8402012512087822,0.),(0.76520124822854996,0.),(0.76520124822854996,1.9499999992549419),(0.075000002980232239,1.9499999992549419),(0.075000002980232239,0.)));
#8398=IFCINDEXEDPOLYCURVE(#8397,(IFCLINEINDEX((1,2,3,4,5,6,7,8,1))),$);
#8399=IFCARBITRARYCLOSEDPROFILEDEF(.AREA.,$,#8398);
#8400=IFCCARTESIANPOINT((-0.025000002235174179,-0.004999999888241291,0.));
#8401=IFCDIRECTION((0.,-1.,0.));
#8402=IFCDIRECTION((1.,0.,0.));
#8403=IFCAXIS2PLACEMENT3D(#8400,#8401,#8402);
#8404=IFCDIRECTION((0.,0.,-1.));
#8405=IFCEXTRUDEDAREASOLID(#8399,#8403,#8404,0.004999999888241291);
#8406=IFCCARTESIANPOINTLIST2D(((0.,0.),(0.,2.0250000022351742),(0.8402012512087822,2.0250000022351742),(0.8402012512087822,0.),(0.76520124822854996,0.),(0.76520124822854996,1.9499999992549419),(0.075000002980232239,1.9499999992549419),(0.075000002980232239,0.)));
#8407=IFCINDEXEDPOLYCURVE(#8406,(IFCLINEINDEX((1,2,3,4,5,6,7,8,1))),$);
#8408=IFCARBITRARYCLOSEDPROFILEDEF(.AREA.,$,#8407);
#8409=IFCCARTESIANPOINT((-0.025000002235174179,0.05000000074505806,0.));
#8410=IFCDIRECTION((0.,-1.,0.));
#8411=IFCDIRECTION((1.,0.,0.));
#8412=IFCAXIS2PLACEMENT3D(#8409,#8410,#8411);
#8413=IFCDIRECTION((0.,0.,-1.));
#8414=IFCEXTRUDEDAREASOLID(#8408,#8412,#8413,0.004999999888241291);
#8415=IFCCARTESIANPOINTLIST2D(((0.,0.),(0.69020124524831772,0.),(0.69020124524831772,0.035000000149011612),(0.,0.035000000149011612)));
#8416=IFCINDEXEDPOLYCURVE(#8415,(IFCLINEINDEX((1,2,3,4,1))),$);
#8417=IFCARBITRARYCLOSEDPROFILEDEF(.AREA.,$,#8416);
#8418=IFCCARTESIANPOINT((0.05000000074505806,-0.035000000149011612,0.02500000037252903));
#8419=IFCDIRECTION((0.,0.,1.));
#8420=IFCDIRECTION((1.,0.,0.));
#8421=IFCAXIS2PLACEMENT3D(#8418,#8419,#8420);
#8422=IFCDIRECTION((0.,0.,1.));
#8423=IFCEXTRUDEDAREASOLID(#8417,#8421,#8422,1.9249999988824129);
#8424=IFCCARTESIANPOINTLIST2D(((0.,0.),(0.,-0.040000000000000008),(-0.11999999999999988,-0.040000000000000008),(-0.11999999999999988,-0.020000000000000004),(-0.020000000000000018,-0.020000000000000004),(-0.020000000000000018,0.)));
#8425=IFCINDEXEDPOLYCURVE(#8424,(IFCLINEINDEX((1,2,3,4,5,6,1))),$);
#8426=IFCARBITRARYCLOSEDPROFILEDEF(.AREA.,$,#8425);
#8427=IFCCARTESIANPOINT((0.69020124599337573,-0.035000000149011612,1.015000000372529));
#8428=IFCDIRECTION((0.,0.,1.));
#8429=IFCDIRECTION((1.,0.,0.));
#8430=IFCAXIS2PLACEMENT3D(#8427,#8428,#8429);
#8431=IFCDIRECTION((0.,0.,1.));
#8432=IFCEXTRUDEDAREASOLID(#8426,#8430,#8431,0.02);
#8433=IFCEXTRUDEDAREASOLID(#8434,#8437,#8441,0.02);
#8434=IFCARBITRARYCLOSEDPROFILEDEF(.AREA.,$,#8435);
#8435=IFCINDEXEDPOLYCURVE(#8436,(IFCLINEINDEX((1,2,3,4,5,6,1))),$);
#8436=IFCCARTESIANPOINTLIST2D(((0.,0.),(0.,0.040000000000000008),(-0.11999999999999988,0.040000000000000008),(-0.11999999999999988,0.020000000000000004),(-0.020000000000000018,0.020000000000000004),(-0.020000000000000018,0.)));
#8437=IFCAXIS2PLACEMENT3D(#8438,#8439,#8440);
#8438=IFCCARTESIANPOINT((0.69020124599337573,0.,1.015000000372529));
#8439=IFCDIRECTION((0.,0.,1.));
#8440=IFCDIRECTION((1.,0.,0.));
#8441=IFCDIRECTION((0.,0.,1.));
#8495=IFCCARTESIANPOINTLIST2D(((0.,0.),(0.,2.),(0.79020124673843384,2.),(0.79020124673843384,0.),(0.74020124599337578,0.),(0.74020124599337578,1.9499999992549419),(0.05000000074505806,1.9499999992549419),(0.05000000074505806,0.)));
#8496=IFCINDEXEDPOLYCURVE(#8495,(IFCLINEINDEX((1,2,3,4,5,6,7,8,1))),$);
#8497=IFCARBITRARYCLOSEDPROFILEDEF(.AREA.,$,#8496);
#8498=IFCCARTESIANPOINT((0.,0.,0.));
#8499=IFCDIRECTION((0.,-1.,0.));
#8500=IFCDIRECTION((1.,0.,0.));
#8501=IFCAXIS2PLACEMENT3D(#8498,#8499,#8500);
#8502=IFCDIRECTION((0.,0.,-1.));
#8503=IFCEXTRUDEDAREASOLID(#8497,#8501,#8502,0.05000000074505806);
#8504=IFCCARTESIANPOINTLIST2D(((0.,0.),(0.69020124524831772,0.),(0.69020124524831772,0.10000000149011612),(0.,0.10000000149011612)));
#8505=IFCINDEXEDPOLYCURVE(#8504,(IFCLINEINDEX((1,2,3,4,1))),$);
#8506=IFCARBITRARYCLOSEDPROFILEDEF(.AREA.,$,#8505);
#8507=IFCCARTESIANPOINT((0.05000000074505806,0.,0.));
#8508=IFCDIRECTION((0.,0.,1.));
#8509=IFCDIRECTION((1.,0.,0.));
#8510=IFCAXIS2PLACEMENT3D(#8507,#8508,#8509);
#8511=IFCDIRECTION((0.,0.,1.));
#8512=IFCEXTRUDEDAREASOLID(#8506,#8510,#8511,0.02500000037252903);
#8513=IFCCARTESIANPOINTLIST2D(((0.,0.),(0.,2.0250000022351742),(0.8402012512087822,2.0250000022351742),(0.8402012512087822,0.),(0.76520124822854996,0.),(0.76520124822854996,1.9499999992549419),(0.075000002980232239,1.9499999992549419),(0.075000002980232239,0.)));
#8514=IFCINDEXEDPOLYCURVE(#8513,(IFCLINEINDEX((1,2,3,4,5,6,7,8,1))),$);
#8515=IFCARBITRARYCLOSEDPROFILEDEF(.AREA.,$,#8514);
#8516=IFCCARTESIANPOINT((-0.025000002235174179,-0.004999999888241291,0.));
#8517=IFCDIRECTION((0.,-1.,0.));
#8518=IFCDIRECTION((1.,0.,0.));
#8519=IFCAXIS2PLACEMENT3D(#8516,#8517,#8518);
#8520=IFCDIRECTION((0.,0.,-1.));
#8521=IFCEXTRUDEDAREASOLID(#8515,#8519,#8520,0.004999999888241291);
#8522=IFCCARTESIANPOINTLIST2D(((0.,0.),(0.,2.0250000022351742),(0.8402012512087822,2.0250000022351742),(0.8402012512087822,0.),(0.76520124822854996,0.),(0.76520124822854996,1.9499999992549419),(0.075000002980232239,1.9499999992549419),(0.075000002980232239,0.)));
#8523=IFCINDEXEDPOLYCURVE(#8522,(IFCLINEINDEX((1,2,3,4,5,6,7,8,1))),$);
#8524=IFCARBITRARYCLOSEDPROFILEDEF(.AREA.,$,#8523);
#8525=IFCCARTESIANPOINT((-0.025000002235174179,0.05000000074505806,0.));
#8526=IFCDIRECTION((0.,-1.,0.));
#8527=IFCDIRECTION((1.,0.,0.));
#8528=IFCAXIS2PLACEMENT3D(#8525,#8526,#8527);
#8529=IFCDIRECTION((0.,0.,-1.));
#8530=IFCEXTRUDEDAREASOLID(#8524,#8528,#8529,0.004999999888241291);
#8531=IFCCARTESIANPOINTLIST2D(((0.,0.),(0.34410062262415886,0.),(0.34410062262415886,0.035000000149011612),(0.,0.035000000149011612)));
#8532=IFCINDEXEDPOLYCURVE(#8531,(IFCLINEINDEX((1,2,3,4,1))),$);
#8533=IFCARBITRARYCLOSEDPROFILEDEF(.AREA.,$,#8532);
#8534=IFCCARTESIANPOINT((0.05000000074505806,-0.035000000149011612,0.02500000037252903));
#8535=IFCDIRECTION((0.,0.,1.));
#8536=IFCDIRECTION((1.,0.,0.));
#8537=IFCAXIS2PLACEMENT3D(#8534,#8535,#8536);
#8538=IFCDIRECTION((0.,0.,1.));
#8539=IFCEXTRUDEDAREASOLID(#8533,#8537,#8538,1.9249999988824129);
#8540=IFCCARTESIANPOINTLIST2D(((0.,0.),(0.,-0.040000000000000008),(-0.12,-0.040000000000000008),(-0.12,-0.020000000000000004),(-0.020000000000000018,-0.020000000000000004),(-0.020000000000000018,0.)));
#8541=IFCINDEXEDPOLYCURVE(#8540,(IFCLINEINDEX((1,2,3,4,5,6,1))),$);
#8542=IFCARBITRARYCLOSEDPROFILEDEF(.AREA.,$,#8541);
#8543=IFCCARTESIANPOINT((0.34410062336921693,-0.035000000149011612,1.015000000372529));
#8544=IFCDIRECTION((0.,0.,1.));
#8545=IFCDIRECTION((1.,0.,0.));
#8546=IFCAXIS2PLACEMENT3D(#8543,#8544,#8545);
#8547=IFCDIRECTION((0.,0.,1.));
#8548=IFCEXTRUDEDAREASOLID(#8542,#8546,#8547,0.02);
#8549=IFCEXTRUDEDAREASOLID(#8550,#8553,#8557,0.02);
#8550=IFCARBITRARYCLOSEDPROFILEDEF(.AREA.,$,#8551);
#8551=IFCINDEXEDPOLYCURVE(#8552,(IFCLINEINDEX((1,2,3,4,5,6,1))),$);
#8552=IFCCARTESIANPOINTLIST2D(((0.,0.),(0.,0.040000000000000008),(-0.12,0.040000000000000008),(-0.12,0.020000000000000004),(-0.020000000000000018,0.020000000000000004),(-0.020000000000000018,0.)));
#8553=IFCAXIS2PLACEMENT3D(#8554,#8555,#8556);
#8554=IFCCARTESIANPOINT((0.34410062336921693,0.,1.015000000372529));
#8555=IFCDIRECTION((0.,0.,1.));
#8556=IFCDIRECTION((1.,0.,0.));
#8557=IFCDIRECTION((0.,0.,1.));
#8558=IFCEXTRUDEDAREASOLID(#8559,#8562,#8566,1.9249999988824129);
#8559=IFCARBITRARYCLOSEDPROFILEDEF(.AREA.,$,#8560);
#8560=IFCINDEXEDPOLYCURVE(#8561,(IFCLINEINDEX((1,2,3,4,1))),$);
#8561=IFCCARTESIANPOINTLIST2D(((0.,0.),(-0.34410062262415886,0.),(-0.34410062262415886,0.035000000149011612),(0.,0.035000000149011612)));
#8562=IFCAXIS2PLACEMENT3D(#8563,#8564,#8565);
#8563=IFCCARTESIANPOINT((0.74020124599337578,-0.035000000149011612,0.02500000037252903));
#8564=IFCDIRECTION((0.,0.,1.));
#8565=IFCDIRECTION((1.,0.,0.));
#8566=IFCDIRECTION((0.,0.,1.));
#8567=IFCEXTRUDEDAREASOLID(#8568,#8571,#8575,0.02);
#8568=IFCARBITRARYCLOSEDPROFILEDEF(.AREA.,$,#8569);
#8569=IFCINDEXEDPOLYCURVE(#8570,(IFCLINEINDEX((1,2,3,4,5,6,1))),$);
#8570=IFCCARTESIANPOINTLIST2D(((0.,0.),(0.,-0.040000000000000008),(0.12000000000000005,-0.040000000000000008),(0.12000000000000005,-0.020000000000000004),(0.020000000000000018,-0.020000000000000004),(0.020000000000000018,0.)));
#8571=IFCAXIS2PLACEMENT3D(#8572,#8573,#8574);
#8572=IFCCARTESIANPOINT((0.44610062336921691,-0.035000000149011612,1.015000000372529));
#8573=IFCDIRECTION((0.,0.,1.));
#8574=IFCDIRECTION((1.,0.,0.));
#8575=IFCDIRECTION((0.,0.,1.));
#8576=IFCEXTRUDEDAREASOLID(#8577,#8580,#8584,0.02);
#8577=IFCARBITRARYCLOSEDPROFILEDEF(.AREA.,$,#8578);
#8578=IFCINDEXEDPOLYCURVE(#8579,(IFCLINEINDEX((1,2,3,4,5,6,1))),$);
#8579=IFCCARTESIANPOINTLIST2D(((0.,0.),(0.,0.040000000000000008),(0.12000000000000005,0.040000000000000008),(0.12000000000000005,0.020000000000000004),(0.020000000000000018,0.020000000000000004),(0.020000000000000018,0.)));
#8580=IFCAXIS2PLACEMENT3D(#8581,#8582,#8583);
#8581=IFCCARTESIANPOINT((0.44610062336921691,0.,1.015000000372529));
#8582=IFCDIRECTION((0.,0.,1.));
#8583=IFCDIRECTION((1.,0.,0.));
#8584=IFCDIRECTION((0.,0.,1.));
#8625=IFCCARTESIANPOINTLIST3D(((0.,0.,0.),(0.79020124673843384,0.,0.),(0.79020124673843384,0.,2.),(0.,0.,2.)));
#8626=IFCINDEXEDPOLYCURVE(#8625,(IFCLINEINDEX((1,2,3,4,1))),$);
#8627=IFCSHAPEREPRESENTATION(#18,'Profile','Curve3D',(#8626));
#8628=IFCCARTESIANPOINTLIST2D(((0.,0.),(0.,2.),(0.79020124673843384,2.),(0.79020124673843384,0.),(0.76520124636590481,0.),(0.76520124636590481,1.974999999627471),(0.02500000037252903,1.974999999627471),(0.02500000037252903,0.)));
#8629=IFCINDEXEDPOLYCURVE(#8628,(IFCLINEINDEX((1,2,3,4,5,6,7,8,1))),$);
#8630=IFCARBITRARYCLOSEDPROFILEDEF(.AREA.,$,#8629);
#8631=IFCCARTESIANPOINT((0.,0.02500000037252903,0.));
#8632=IFCDIRECTION((0.,-1.,0.));
#8633=IFCDIRECTION((1.,0.,0.));
#8634=IFCAXIS2PLACEMENT3D(#8631,#8632,#8633);
#8635=IFCDIRECTION((0.,0.,-1.));
#8636=IFCEXTRUDEDAREASOLID(#8630,#8634,#8635,0.02500000037252903);
#8637=IFCCARTESIANPOINTLIST2D(((0.,0.),(0.,2.),(0.79020124673843384,2.),(0.79020124673843384,0.),(0.74020124599337578,0.),(0.74020124599337578,1.9499999992549419),(0.05000000074505806,1.9499999992549419),(0.05000000074505806,0.)));
#8638=IFCINDEXEDPOLYCURVE(#8637,(IFCLINEINDEX((1,2,3,4,5,6,7,8,1))),$);
#8639=IFCARBITRARYCLOSEDPROFILEDEF(.AREA.,$,#8638);
#8640=IFCCARTESIANPOINT((0.,0.,0.));
#8641=IFCDIRECTION((0.,-1.,0.));
#8642=IFCDIRECTION((1.,0.,0.));
#8643=IFCAXIS2PLACEMENT3D(#8640,#8641,#8642);
#8644=IFCDIRECTION((0.,0.,-1.));
#8645=IFCEXTRUDEDAREASOLID(#8639,#8643,#8644,0.02500000037252903);
#8646=IFCCARTESIANPOINTLIST2D(((0.,0.),(0.69020124524831772,0.),(0.69020124524831772,0.10000000149011612),(0.,0.10000000149011612)));
#8647=IFCINDEXEDPOLYCURVE(#8646,(IFCLINEINDEX((1,2,3,4,1))),$);
#8648=IFCARBITRARYCLOSEDPROFILEDEF(.AREA.,$,#8647);
#8649=IFCCARTESIANPOINT((0.05000000074505806,0.,0.));
#8650=IFCDIRECTION((0.,0.,1.));
#8651=IFCDIRECTION((1.,0.,0.));
#8652=IFCAXIS2PLACEMENT3D(#8649,#8650,#8651);
#8653=IFCDIRECTION((0.,0.,1.));
#8654=IFCEXTRUDEDAREASOLID(#8648,#8652,#8653,0.02500000037252903);
#8655=IFCCARTESIANPOINTLIST2D(((0.,0.),(0.,2.0250000022351742),(0.8402012512087822,2.0250000022351742),(0.8402012512087822,0.),(0.76520124822854996,0.),(0.76520124822854996,1.9499999992549419),(0.075000002980232239,1.9499999992549419),(0.075000002980232239,0.)));
#8656=IFCINDEXEDPOLYCURVE(#8655,(IFCLINEINDEX((1,2,3,4,5,6,7,8,1))),$);
#8657=IFCARBITRARYCLOSEDPROFILEDEF(.AREA.,$,#8656);
#8658=IFCCARTESIANPOINT((-0.025000002235174179,-0.004999999888241291,0.));
#8659=IFCDIRECTION((0.,-1.,0.));
#8660=IFCDIRECTION((1.,0.,0.));
#8661=IFCAXIS2PLACEMENT3D(#8658,#8659,#8660);
#8662=IFCDIRECTION((0.,0.,-1.));
#8663=IFCEXTRUDEDAREASOLID(#8657,#8661,#8662,0.004999999888241291);
#8664=IFCCARTESIANPOINTLIST2D(((0.,0.),(0.,2.0250000022351742),(0.8402012512087822,2.0250000022351742),(0.8402012512087822,0.),(0.79020124860107899,0.),(0.79020124860107899,1.974999999627471),(0.050000002607703209,1.974999999627471),(0.050000002607703209,0.)));
#8665=IFCINDEXEDPOLYCURVE(#8664,(IFCLINEINDEX((1,2,3,4,5,6,7,8,1))),$);
#8666=IFCARBITRARYCLOSEDPROFILEDEF(.AREA.,$,#8665);
#8667=IFCCARTESIANPOINT((-0.025000002235174179,0.05000000074505806,0.));
#8668=IFCDIRECTION((0.,-1.,0.));
#8669=IFCDIRECTION((1.,0.,0.));
#8670=IFCAXIS2PLACEMENT3D(#8667,#8668,#8669);
#8671=IFCDIRECTION((0.,0.,-1.));
#8672=IFCEXTRUDEDAREASOLID(#8666,#8670,#8671,0.004999999888241291);
#8673=IFCCARTESIANPOINTLIST2D(((0.,0.),(0.74020124599337578,0.),(0.74020124599337578,0.035000000149011612),(0.,0.035000000149011612)));
#8674=IFCINDEXEDPOLYCURVE(#8673,(IFCLINEINDEX((1,2,3,4,1))),$);
#8675=IFCARBITRARYCLOSEDPROFILEDEF(.AREA.,$,#8674);
#8676=IFCCARTESIANPOINT((0.02500000037252903,0.02500000037252903,0.02500000037252903));
#8677=IFCDIRECTION((0.,0.,1.));
#8678=IFCDIRECTION((1.,0.,0.));
#8679=IFCAXIS2PLACEMENT3D(#8676,#8677,#8678);
#8680=IFCDIRECTION((0.,0.,1.));
#8681=IFCEXTRUDEDAREASOLID(#8675,#8679,#8680,1.9499999992549419);
#8682=IFCCARTESIANPOINTLIST2D(((0.,0.),(0.,-0.040000000000000001),(-0.11999999999999988,-0.040000000000000001),(-0.11999999999999988,-0.02),(-0.020000000000000018,-0.02),(-0.020000000000000018,0.)));
#8683=IFCINDEXEDPOLYCURVE(#8682,(IFCLINEINDEX((1,2,3,4,5,6,1))),$);
#8684=IFCARBITRARYCLOSEDPROFILEDEF(.AREA.,$,#8683);
#8685=IFCCARTESIANPOINT((0.71520124636590476,0.02500000037252903,1.015000000372529));
#8686=IFCDIRECTION((0.,0.,1.));
#8687=IFCDIRECTION((1.,0.,0.));
#8688=IFCAXIS2PLACEMENT3D(#8685,#8686,#8687);
#8689=IFCDIRECTION((0.,0.,1.));
#8690=IFCEXTRUDEDAREASOLID(#8684,#8688,#8689,0.02);
#8691=IFCEXTRUDEDAREASOLID(#8692,#8695,#8699,0.02);
#8692=IFCARBITRARYCLOSEDPROFILEDEF(.AREA.,$,#8693);
#8693=IFCINDEXEDPOLYCURVE(#8694,(IFCLINEINDEX((1,2,3,4,5,6,1))),$);
#8694=IFCCARTESIANPOINTLIST2D(((0.,0.),(0.,0.040000000000000008),(-0.11999999999999988,0.040000000000000008),(-0.11999999999999988,0.020000000000000004),(-0.020000000000000018,0.020000000000000004),(-0.020000000000000018,0.)));
#8695=IFCAXIS2PLACEMENT3D(#8696,#8697,#8698);
#8696=IFCCARTESIANPOINT((0.71520124636590476,0.060000000521540642,1.015000000372529));
#8697=IFCDIRECTION((0.,0.,1.));
#8698=IFCDIRECTION((1.,0.,0.));
#8699=IFCDIRECTION((0.,0.,1.));
#8700=IFCSHAPEREPRESENTATION(#11,'Body','SweptSolid',(#8636,#8645,#8681,#8690,#8691,#8654,#8663,#8672));
#8701=IFCCARTESIANPOINTLIST2D(((0.,0.),(0.,0.05000000074505806),(0.02500000037252903,0.05000000074505806),(0.02500000037252903,0.02500000037252903),(0.05000000074505806,0.02500000037252903),(0.05000000074505806,0.)));
#8702=IFCINDEXEDPOLYCURVE(#8701,(IFCLINEINDEX((1,2,3,4,5,6,1))),$);
#8703=IFCINDEXEDPOLYCURVE(#8704,(IFCLINEINDEX((1,2,3,4,5,6,1))),$);
#8704=IFCCARTESIANPOINTLIST2D(((0.79020124673843384,0.),(0.79020124673843384,0.05000000074505806),(0.76520124636590481,0.05000000074505806),(0.76520124636590481,0.02500000037252903),(0.74020124599337578,0.02500000037252903),(0.74020124599337578,0.)));
#8705=IFCDIRECTION((1.,0.));
#8706=IFCCARTESIANPOINT((0.060000000521540642,0.05000000074505806));
#8707=IFCAXIS2PLACEMENT2D(#8706,#8705);
#8708=IFCELLIPSE(#8707,0.70520124584436417,0.74020124599337578);
#8709=IFCCARTESIANPOINT((0.76520124636590481,0.05000000074505806));
#8710=IFCCARTESIANPOINT((0.060000000521540642,0.79020124673843384));
#8711=IFCTRIMMEDCURVE(#8708,(#8709),(#8710),.T.,.CARTESIAN.);
#8712=IFCCARTESIANPOINTLIST2D(((0.02500000037252903,0.05000000074505806),(0.060000000521540642,0.05000000074505806),(0.060000000521540642,0.79020124673843384),(0.02500000037252903,0.79020124673843384)));
#8713=IFCINDEXEDPOLYCURVE(#8712,(IFCLINEINDEX((1,2,3,4,1))),$);
#8714=IFCSHAPEREPRESENTATION(#24,'Body','Curve2D',(#8702,#8703,#8711,#8713));
#8716=IFCCARTESIANPOINTLIST2D(((0.,0.),(0.79020124673843384,0.),(0.79020124673843384,2.),(0.,2.)));
#8717=IFCINDEXEDPOLYCURVE(#8716,(IFCLINEINDEX((1,2,3,4,1))),$);
#8718=IFCARBITRARYCLOSEDPROFILEDEF(.AREA.,$,#8717);
#8719=IFCCARTESIANPOINT((0.,-0.60000002384185791,0.));
#8720=IFCDIRECTION((0.,-1.,0.));
#8721=IFCDIRECTION((1.,0.,0.));
#8722=IFCAXIS2PLACEMENT3D(#8719,#8720,#8721);
#8723=IFCDIRECTION((0.,0.,-1.));
#8724=IFCEXTRUDEDAREASOLID(#8718,#8722,#8723,1.2);
#8725=IFCSHAPEREPRESENTATION(#11,'Body','SweptSolid',(#8724));
#8731=IFCCARTESIANPOINT((0.26279968023322164,8.9101799005675275E-07,0.));
#8732=IFCDIRECTION((0.,0.,1.));
#8733=IFCDIRECTION((0.99999999999998479,-1.7484555314694642E-07,0.));
#8734=IFCAXIS2PLACEMENT3D(#8731,#8732,#8733);
#8735=IFCLOCALPLACEMENT(#6876,#8734);
#8736=IFCCARTESIANPOINT((0.,0.,0.));
#8737=IFCDIRECTION((0.,0.,1.));
#8738=IFCDIRECTION((1.,0.,0.));
#8739=IFCAXIS2PLACEMENT3D(#8736,#8737,#8738);
#8740=IFCLOCALPLACEMENT(#8735,#8739);
#8753=IFCBUILDINGSTOREY('2zGexOOHP9bv8iQBQ0txsA',$,'3F',$,$,#11485,$,$,$,$);
#8773=IFCCARTESIANPOINTLIST2D(((0.,0.),(0.,2.),(0.95253956317901611,2.),(0.95253956317901611,0.),(0.92753956280648708,0.),(0.92753956280648708,1.974999999627471),(0.02500000037252903,1.974999999627471),(0.02500000037252903,0.)));
#8774=IFCINDEXEDPOLYCURVE(#8773,(IFCLINEINDEX((1,2,3,4,5,6,7,8,1))),$);
#8775=IFCARBITRARYCLOSEDPROFILEDEF(.AREA.,$,#8774);
#8776=IFCCARTESIANPOINT((0.,0.,0.));
#8777=IFCDIRECTION((0.,-1.,0.));
#8778=IFCDIRECTION((1.,0.,0.));
#8779=IFCAXIS2PLACEMENT3D(#8776,#8777,#8778);
#8780=IFCDIRECTION((0.,0.,-1.));
#8781=IFCEXTRUDEDAREASOLID(#8775,#8779,#8780,0.05000000074505806);
#8782=IFCCARTESIANPOINTLIST2D(((0.,0.),(0.90253956243395805,0.),(0.90253956243395805,0.10000000149011612),(0.,0.10000000149011612)));
#8783=IFCINDEXEDPOLYCURVE(#8782,(IFCLINEINDEX((1,2,3,4,1))),$);
#8784=IFCARBITRARYCLOSEDPROFILEDEF(.AREA.,$,#8783);
#8785=IFCCARTESIANPOINT((0.02500000037252903,0.,0.));
#8786=IFCDIRECTION((0.,0.,1.));
#8787=IFCDIRECTION((1.,0.,0.));
#8788=IFCAXIS2PLACEMENT3D(#8785,#8786,#8787);
#8789=IFCDIRECTION((0.,0.,1.));
#8790=IFCEXTRUDEDAREASOLID(#8784,#8788,#8789,0.02500000037252903);
#8791=IFCCARTESIANPOINTLIST2D(((0.,0.),(0.,2.0250000022351742),(1.0025395676493645,2.0250000022351742),(1.0025395676493645,0.),(0.95253956504166126,0.),(0.95253956504166126,1.974999999627471),(0.050000002607703209,1.974999999627471),(0.050000002607703209,0.)));
#8792=IFCINDEXEDPOLYCURVE(#8791,(IFCLINEINDEX((1,2,3,4,5,6,7,8,1))),$);
#8793=IFCARBITRARYCLOSEDPROFILEDEF(.AREA.,$,#8792);
#8794=IFCCARTESIANPOINT((-0.025000002235174179,-0.004999999888241291,0.));
#8795=IFCDIRECTION((0.,-1.,0.));
#8796=IFCDIRECTION((1.,0.,0.));
#8797=IFCAXIS2PLACEMENT3D(#8794,#8795,#8796);
#8798=IFCDIRECTION((0.,0.,-1.));
#8799=IFCEXTRUDEDAREASOLID(#8793,#8797,#8798,0.004999999888241291);
#8800=IFCCARTESIANPOINTLIST2D(((0.,0.),(0.,2.0250000022351742),(1.0025395676493645,2.0250000022351742),(1.0025395676493645,0.),(0.95253956504166126,0.),(0.95253956504166126,1.974999999627471),(0.050000002607703209,1.974999999627471),(0.050000002607703209,0.)));
#8801=IFCINDEXEDPOLYCURVE(#8800,(IFCLINEINDEX((1,2,3,4,5,6,7,8,1))),$);
#8802=IFCARBITRARYCLOSEDPROFILEDEF(.AREA.,$,#8801);
#8803=IFCCARTESIANPOINT((-0.025000002235174179,0.05000000074505806,0.));
#8804=IFCDIRECTION((0.,-1.,0.));
#8805=IFCDIRECTION((1.,0.,0.));
#8806=IFCAXIS2PLACEMENT3D(#8803,#8804,#8805);
#8807=IFCDIRECTION((0.,0.,-1.));
#8808=IFCEXTRUDEDAREASOLID(#8802,#8806,#8807,0.004999999888241291);
#8809=IFCCARTESIANPOINTLIST2D(((0.,0.),(0.90253956243395805,0.),(0.90253956243395805,0.035000000149011612),(0.,0.035000000149011612)));
#8810=IFCINDEXEDPOLYCURVE(#8809,(IFCLINEINDEX((1,2,3,4,1))),$);
#8811=IFCARBITRARYCLOSEDPROFILEDEF(.AREA.,$,#8810);
#8812=IFCCARTESIANPOINT((0.02500000037252903,0.02500000037252903,0.02500000037252903));
#8813=IFCDIRECTION((0.,0.,1.));
#8814=IFCDIRECTION((1.,0.,0.));
#8815=IFCAXIS2PLACEMENT3D(#8812,#8813,#8814);
#8816=IFCDIRECTION((0.,0.,1.));
#8817=IFCEXTRUDEDAREASOLID(#8811,#8815,#8816,1.9499999992549419);
#8818=IFCCARTESIANPOINTLIST2D(((0.,0.),(0.,-0.040000000000000001),(0.12,-0.040000000000000001),(0.12,-0.02),(0.02,-0.02),(0.02,0.)));
#8819=IFCINDEXEDPOLYCURVE(#8818,(IFCLINEINDEX((1,2,3,4,5,6,1))),$);
#8820=IFCARBITRARYCLOSEDPROFILEDEF(.AREA.,$,#8819);
#8821=IFCCARTESIANPOINT((0.075000000372529033,0.02500000037252903,1.015000000372529));
#8822=IFCDIRECTION((0.,0.,1.));
#8823=IFCDIRECTION((1.,0.,0.));
#8824=IFCAXIS2PLACEMENT3D(#8821,#8822,#8823);
#8825=IFCDIRECTION((0.,0.,1.));
#8826=IFCEXTRUDEDAREASOLID(#8820,#8824,#8825,0.02);
#8827=IFCEXTRUDEDAREASOLID(#8828,#8831,#8835,0.02);
#8828=IFCARBITRARYCLOSEDPROFILEDEF(.AREA.,$,#8829);
#8829=IFCINDEXEDPOLYCURVE(#8830,(IFCLINEINDEX((1,2,3,4,5,6,1))),$);
#8830=IFCCARTESIANPOINTLIST2D(((0.,0.),(0.,0.040000000000000008),(0.11999999999999998,0.040000000000000008),(0.11999999999999998,0.020000000000000004),(0.020000000000000004,0.020000000000000004),(0.020000000000000004,0.)));
#8831=IFCAXIS2PLACEMENT3D(#8832,#8833,#8834);
#8832=IFCCARTESIANPOINT((0.075000000372529033,0.060000000521540642,1.015000000372529));
#8833=IFCDIRECTION((0.,0.,1.));
#8834=IFCDIRECTION((1.,0.,0.));
#8835=IFCDIRECTION((0.,0.,1.));
#9062=IFCCARTESIANPOINTLIST2D(((0.,0.),(0.,2.),(0.95253956317901611,2.),(0.95253956317901611,0.),(0.90253956243395805,0.),(0.90253956243395805,1.9499999992549419),(0.05000000074505806,1.9499999992549419),(0.05000000074505806,0.)));
#9063=IFCINDEXEDPOLYCURVE(#9062,(IFCLINEINDEX((1,2,3,4,5,6,7,8,1))),$);
#9064=IFCARBITRARYCLOSEDPROFILEDEF(.AREA.,$,#9063);
#9065=IFCCARTESIANPOINT((0.,0.,0.));
#9066=IFCDIRECTION((0.,-1.,0.));
#9067=IFCDIRECTION((1.,0.,0.));
#9068=IFCAXIS2PLACEMENT3D(#9065,#9066,#9067);
#9069=IFCDIRECTION((0.,0.,-1.));
#9070=IFCEXTRUDEDAREASOLID(#9064,#9068,#9069,0.05000000074505806);
#9071=IFCCARTESIANPOINTLIST2D(((0.,0.),(0.85253956168889999,0.),(0.85253956168889999,0.10000000149011612),(0.,0.10000000149011612)));
#9072=IFCINDEXEDPOLYCURVE(#9071,(IFCLINEINDEX((1,2,3,4,1))),$);
#9073=IFCARBITRARYCLOSEDPROFILEDEF(.AREA.,$,#9072);
#9074=IFCCARTESIANPOINT((0.05000000074505806,0.,0.));
#9075=IFCDIRECTION((0.,0.,1.));
#9076=IFCDIRECTION((1.,0.,0.));
#9077=IFCAXIS2PLACEMENT3D(#9074,#9075,#9076);
#9078=IFCDIRECTION((0.,0.,1.));
#9079=IFCEXTRUDEDAREASOLID(#9073,#9077,#9078,0.02500000037252903);
#9080=IFCCARTESIANPOINTLIST2D(((0.,0.),(0.,2.0250000022351742),(1.0025395676493645,2.0250000022351742),(1.0025395676493645,0.),(0.92753956466913223,0.),(0.92753956466913223,1.9499999992549419),(0.075000002980232239,1.9499999992549419),(0.075000002980232239,0.)));
#9081=IFCINDEXEDPOLYCURVE(#9080,(IFCLINEINDEX((1,2,3,4,5,6,7,8,1))),$);
#9082=IFCARBITRARYCLOSEDPROFILEDEF(.AREA.,$,#9081);
#9083=IFCCARTESIANPOINT((-0.025000002235174179,-0.004999999888241291,0.));
#9084=IFCDIRECTION((0.,-1.,0.));
#9085=IFCDIRECTION((1.,0.,0.));
#9086=IFCAXIS2PLACEMENT3D(#9083,#9084,#9085);
#9087=IFCDIRECTION((0.,0.,-1.));
#9088=IFCEXTRUDEDAREASOLID(#9082,#9086,#9087,0.004999999888241291);
#9089=IFCCARTESIANPOINTLIST2D(((0.,0.),(0.,2.0250000022351742),(1.0025395676493645,2.0250000022351742),(1.0025395676493645,0.),(0.92753956466913223,0.),(0.92753956466913223,1.9499999992549419),(0.075000002980232239,1.9499999992549419),(0.075000002980232239,0.)));
#9090=IFCINDEXEDPOLYCURVE(#9089,(IFCLINEINDEX((1,2,3,4,5,6,7,8,1))),$);
#9091=IFCARBITRARYCLOSEDPROFILEDEF(.AREA.,$,#9090);
#9092=IFCCARTESIANPOINT((-0.025000002235174179,0.05000000074505806,0.));
#9093=IFCDIRECTION((0.,-1.,0.));
#9094=IFCDIRECTION((1.,0.,0.));
#9095=IFCAXIS2PLACEMENT3D(#9092,#9093,#9094);
#9096=IFCDIRECTION((0.,0.,-1.));
#9097=IFCEXTRUDEDAREASOLID(#9091,#9095,#9096,0.004999999888241291);
#9098=IFCCARTESIANPOINTLIST2D(((0.,0.),(0.42526978084445,0.),(0.42526978084445,0.035000000149011612),(0.,0.035000000149011612)));
#9099=IFCINDEXEDPOLYCURVE(#9098,(IFCLINEINDEX((1,2,3,4,1))),$);
#9100=IFCARBITRARYCLOSEDPROFILEDEF(.AREA.,$,#9099);
#9101=IFCCARTESIANPOINT((0.05000000074505806,-0.035000000149011612,0.02500000037252903));
#9102=IFCDIRECTION((0.,0.,1.));
#9103=IFCDIRECTION((1.,0.,0.));
#9104=IFCAXIS2PLACEMENT3D(#9101,#9102,#9103);
#9105=IFCDIRECTION((0.,0.,1.));
#9106=IFCEXTRUDEDAREASOLID(#9100,#9104,#9105,1.9249999988824129);
#9107=IFCCARTESIANPOINTLIST2D(((0.,0.),(0.,-0.040000000000000008),(-0.12,-0.040000000000000008),(-0.12,-0.020000000000000004),(-0.020000000000000018,-0.020000000000000004),(-0.020000000000000018,0.)));
#9108=IFCINDEXEDPOLYCURVE(#9107,(IFCLINEINDEX((1,2,3,4,5,6,1))),$);
#9109=IFCARBITRARYCLOSEDPROFILEDEF(.AREA.,$,#9108);
#9110=IFCCARTESIANPOINT((0.42526978158950807,-0.035000000149011612,1.015000000372529));
#9111=IFCDIRECTION((0.,0.,1.));
#9112=IFCDIRECTION((1.,0.,0.));
#9113=IFCAXIS2PLACEMENT3D(#9110,#9111,#9112);
#9114=IFCDIRECTION((0.,0.,1.));
#9115=IFCEXTRUDEDAREASOLID(#9109,#9113,#9114,0.02);
#9116=IFCEXTRUDEDAREASOLID(#9117,#9120,#9124,0.02);
#9117=IFCARBITRARYCLOSEDPROFILEDEF(.AREA.,$,#9118);
#9118=IFCINDEXEDPOLYCURVE(#9119,(IFCLINEINDEX((1,2,3,4,5,6,1))),$);
#9119=IFCCARTESIANPOINTLIST2D(((0.,0.),(0.,0.040000000000000008),(-0.12,0.040000000000000008),(-0.12,0.020000000000000004),(-0.020000000000000018,0.020000000000000004),(-0.020000000000000018,0.)));
#9120=IFCAXIS2PLACEMENT3D(#9121,#9122,#9123);
#9121=IFCCARTESIANPOINT((0.42526978158950807,0.,1.015000000372529));
#9122=IFCDIRECTION((0.,0.,1.));
#9123=IFCDIRECTION((1.,0.,0.));
#9124=IFCDIRECTION((0.,0.,1.));
#9125=IFCEXTRUDEDAREASOLID(#9126,#9129,#9133,1.9249999988824129);
#9126=IFCARBITRARYCLOSEDPROFILEDEF(.AREA.,$,#9127);
#9127=IFCINDEXEDPOLYCURVE(#9128,(IFCLINEINDEX((1,2,3,4,1))),$);
#9128=IFCCARTESIANPOINTLIST2D(((0.,0.),(-0.42526978084445,0.),(-0.42526978084445,0.035000000149011612),(0.,0.035000000149011612)));
#9129=IFCAXIS2PLACEMENT3D(#9130,#9131,#9132);
#9130=IFCCARTESIANPOINT((0.90253956243395805,-0.035000000149011612,0.02500000037252903));
#9131=IFCDIRECTION((0.,0.,1.));
#9132=IFCDIRECTION((1.,0.,0.));
#9133=IFCDIRECTION((0.,0.,1.));
#9134=IFCEXTRUDEDAREASOLID(#9135,#9138,#9142,0.02);
#9135=IFCARBITRARYCLOSEDPROFILEDEF(.AREA.,$,#9136);
#9136=IFCINDEXEDPOLYCURVE(#9137,(IFCLINEINDEX((1,2,3,4,5,6,1))),$);
#9137=IFCCARTESIANPOINTLIST2D(((0.,0.),(0.,-0.040000000000000008),(0.12000000000000011,-0.040000000000000008),(0.12000000000000011,-0.020000000000000004),(0.020000000000000018,-0.020000000000000004),(0.020000000000000018,0.)));
#9138=IFCAXIS2PLACEMENT3D(#9139,#9140,#9141);
#9139=IFCCARTESIANPOINT((0.52726978158950799,-0.035000000149011612,1.015000000372529));
#9140=IFCDIRECTION((0.,0.,1.));
#9141=IFCDIRECTION((1.,0.,0.));
#9142=IFCDIRECTION((0.,0.,1.));
#9143=IFCEXTRUDEDAREASOLID(#9144,#9147,#9151,0.02);
#9144=IFCARBITRARYCLOSEDPROFILEDEF(.AREA.,$,#9145);
#9145=IFCINDEXEDPOLYCURVE(#9146,(IFCLINEINDEX((1,2,3,4,5,6,1))),$);
#9146=IFCCARTESIANPOINTLIST2D(((0.,0.),(0.,0.040000000000000008),(0.12000000000000011,0.040000000000000008),(0.12000000000000011,0.020000000000000004),(0.020000000000000018,0.020000000000000004),(0.020000000000000018,0.)));
#9147=IFCAXIS2PLACEMENT3D(#9148,#9149,#9150);
#9148=IFCCARTESIANPOINT((0.52726978158950799,0.,1.015000000372529));
#9149=IFCDIRECTION((0.,0.,1.));
#9150=IFCDIRECTION((1.,0.,0.));
#9151=IFCDIRECTION((0.,0.,1.));
#9229=IFCCARTESIANPOINTLIST2D(((0.,0.),(0.,2.),(0.95253956317901611,2.),(0.95253956317901611,0.),(0.92753956280648708,0.),(0.92753956280648708,1.974999999627471),(0.02500000037252903,1.974999999627471),(0.02500000037252903,0.)));
#9230=IFCINDEXEDPOLYCURVE(#9229,(IFCLINEINDEX((1,2,3,4,5,6,7,8,1))),$);
#9231=IFCARBITRARYCLOSEDPROFILEDEF(.AREA.,$,#9230);
#9232=IFCCARTESIANPOINT((0.,0.02500000037252903,0.));
#9233=IFCDIRECTION((0.,-1.,0.));
#9234=IFCDIRECTION((1.,0.,0.));
#9235=IFCAXIS2PLACEMENT3D(#9232,#9233,#9234);
#9236=IFCDIRECTION((0.,0.,-1.));
#9237=IFCEXTRUDEDAREASOLID(#9231,#9235,#9236,0.02500000037252903);
#9238=IFCCARTESIANPOINTLIST2D(((0.,0.),(0.,2.),(0.95253956317901611,2.),(0.95253956317901611,0.),(0.90253956243395805,0.),(0.90253956243395805,1.9499999992549419),(0.05000000074505806,1.9499999992549419),(0.05000000074505806,0.)));
#9239=IFCINDEXEDPOLYCURVE(#9238,(IFCLINEINDEX((1,2,3,4,5,6,7,8,1))),$);
#9240=IFCARBITRARYCLOSEDPROFILEDEF(.AREA.,$,#9239);
#9241=IFCCARTESIANPOINT((0.,0.,0.));
#9242=IFCDIRECTION((0.,-1.,0.));
#9243=IFCDIRECTION((1.,0.,0.));
#9244=IFCAXIS2PLACEMENT3D(#9241,#9242,#9243);
#9245=IFCDIRECTION((0.,0.,-1.));
#9246=IFCEXTRUDEDAREASOLID(#9240,#9244,#9245,0.02500000037252903);
#9247=IFCCARTESIANPOINTLIST2D(((0.,0.),(0.85253956168889999,0.),(0.85253956168889999,0.10000000149011612),(0.,0.10000000149011612)));
#9248=IFCINDEXEDPOLYCURVE(#9247,(IFCLINEINDEX((1,2,3,4,1))),$);
#9249=IFCARBITRARYCLOSEDPROFILEDEF(.AREA.,$,#9248);
#9250=IFCCARTESIANPOINT((0.05000000074505806,0.,0.));
#9251=IFCDIRECTION((0.,0.,1.));
#9252=IFCDIRECTION((1.,0.,0.));
#9253=IFCAXIS2PLACEMENT3D(#9250,#9251,#9252);
#9254=IFCDIRECTION((0.,0.,1.));
#9255=IFCEXTRUDEDAREASOLID(#9249,#9253,#9254,0.02500000037252903);
#9256=IFCCARTESIANPOINTLIST2D(((0.,0.),(0.,2.0250000022351742),(1.0025395676493645,2.0250000022351742),(1.0025395676493645,0.),(0.92753956466913223,0.),(0.92753956466913223,1.9499999992549419),(0.075000002980232239,1.9499999992549419),(0.075000002980232239,0.)));
#9257=IFCINDEXEDPOLYCURVE(#9256,(IFCLINEINDEX((1,2,3,4,5,6,7,8,1))),$);
#9258=IFCARBITRARYCLOSEDPROFILEDEF(.AREA.,$,#9257);
#9259=IFCCARTESIANPOINT((-0.025000002235174179,-0.004999999888241291,0.));
#9260=IFCDIRECTION((0.,-1.,0.));
#9261=IFCDIRECTION((1.,0.,0.));
#9262=IFCAXIS2PLACEMENT3D(#9259,#9260,#9261);
#9263=IFCDIRECTION((0.,0.,-1.));
#9264=IFCEXTRUDEDAREASOLID(#9258,#9262,#9263,0.004999999888241291);
#9265=IFCCARTESIANPOINTLIST2D(((0.,0.),(0.,2.0250000022351742),(1.0025395676493645,2.0250000022351742),(1.0025395676493645,0.),(0.95253956504166126,0.),(0.95253956504166126,1.974999999627471),(0.050000002607703209,1.974999999627471),(0.050000002607703209,0.)));
#9266=IFCINDEXEDPOLYCURVE(#9265,(IFCLINEINDEX((1,2,3,4,5,6,7,8,1))),$);
#9267=IFCARBITRARYCLOSEDPROFILEDEF(.AREA.,$,#9266);
#9268=IFCCARTESIANPOINT((-0.025000002235174179,0.05000000074505806,0.));
#9269=IFCDIRECTION((0.,-1.,0.));
#9270=IFCDIRECTION((1.,0.,0.));
#9271=IFCAXIS2PLACEMENT3D(#9268,#9269,#9270);
#9272=IFCDIRECTION((0.,0.,-1.));
#9273=IFCEXTRUDEDAREASOLID(#9267,#9271,#9272,0.004999999888241291);
#9274=IFCCARTESIANPOINTLIST2D(((0.,0.),(0.90253956243395805,0.),(0.90253956243395805,0.035000000149011612),(0.,0.035000000149011612)));
#9275=IFCINDEXEDPOLYCURVE(#9274,(IFCLINEINDEX((1,2,3,4,1))),$);
#9276=IFCARBITRARYCLOSEDPROFILEDEF(.AREA.,$,#9275);
#9277=IFCCARTESIANPOINT((0.02500000037252903,0.02500000037252903,0.02500000037252903));
#9278=IFCDIRECTION((0.,0.,1.));
#9279=IFCDIRECTION((1.,0.,0.));
#9280=IFCAXIS2PLACEMENT3D(#9277,#9278,#9279);
#9281=IFCDIRECTION((0.,0.,1.));
#9282=IFCEXTRUDEDAREASOLID(#9276,#9280,#9281,1.9499999992549419);
#9283=IFCCARTESIANPOINTLIST2D(((0.,0.),(0.,-0.040000000000000001),(-0.11999999999999988,-0.040000000000000001),(-0.11999999999999988,-0.02),(-0.020000000000000018,-0.02),(-0.020000000000000018,0.)));
#9284=IFCINDEXEDPOLYCURVE(#9283,(IFCLINEINDEX((1,2,3,4,5,6,1))),$);
#9285=IFCARBITRARYCLOSEDPROFILEDEF(.AREA.,$,#9284);
#9286=IFCCARTESIANPOINT((0.87753956280648704,0.02500000037252903,1.015000000372529));
#9287=IFCDIRECTION((0.,0.,1.));
#9288=IFCDIRECTION((1.,0.,0.));
#9289=IFCAXIS2PLACEMENT3D(#9286,#9287,#9288);
#9290=IFCDIRECTION((0.,0.,1.));
#9291=IFCEXTRUDEDAREASOLID(#9285,#9289,#9290,0.02);
#9292=IFCEXTRUDEDAREASOLID(#9293,#9296,#9300,0.02);
#9293=IFCARBITRARYCLOSEDPROFILEDEF(.AREA.,$,#9294);
#9294=IFCINDEXEDPOLYCURVE(#9295,(IFCLINEINDEX((1,2,3,4,5,6,1))),$);
#9295=IFCCARTESIANPOINTLIST2D(((0.,0.),(0.,0.040000000000000008),(-0.11999999999999988,0.040000000000000008),(-0.11999999999999988,0.020000000000000004),(-0.020000000000000018,0.020000000000000004),(-0.020000000000000018,0.)));
#9296=IFCAXIS2PLACEMENT3D(#9297,#9298,#9299);
#9297=IFCCARTESIANPOINT((0.87753956280648704,0.060000000521540642,1.015000000372529));
#9298=IFCDIRECTION((0.,0.,1.));
#9299=IFCDIRECTION((1.,0.,0.));
#9300=IFCDIRECTION((0.,0.,1.));
#9360=IFCCARTESIANPOINTLIST2D(((0.,0.),(0.,2.),(0.95253956317901611,2.),(0.95253956317901611,0.),(0.92753956280648708,0.),(0.92753956280648708,1.974999999627471),(0.02500000037252903,1.974999999627471),(0.02500000037252903,0.)));
#9361=IFCINDEXEDPOLYCURVE(#9360,(IFCLINEINDEX((1,2,3,4,5,6,7,8,1))),$);
#9362=IFCARBITRARYCLOSEDPROFILEDEF(.AREA.,$,#9361);
#9363=IFCCARTESIANPOINT((0.,0.02500000037252903,0.));
#9364=IFCDIRECTION((0.,-1.,0.));
#9365=IFCDIRECTION((1.,0.,0.));
#9366=IFCAXIS2PLACEMENT3D(#9363,#9364,#9365);
#9367=IFCDIRECTION((0.,0.,-1.));
#9368=IFCEXTRUDEDAREASOLID(#9362,#9366,#9367,0.02500000037252903);
#9369=IFCCARTESIANPOINTLIST2D(((0.,0.),(0.,2.),(0.95253956317901611,2.),(0.95253956317901611,0.),(0.90253956243395805,0.),(0.90253956243395805,1.9499999992549419),(0.05000000074505806,1.9499999992549419),(0.05000000074505806,0.)));
#9370=IFCINDEXEDPOLYCURVE(#9369,(IFCLINEINDEX((1,2,3,4,5,6,7,8,1))),$);
#9371=IFCARBITRARYCLOSEDPROFILEDEF(.AREA.,$,#9370);
#9372=IFCCARTESIANPOINT((0.,0.,0.));
#9373=IFCDIRECTION((0.,-1.,0.));
#9374=IFCDIRECTION((1.,0.,0.));
#9375=IFCAXIS2PLACEMENT3D(#9372,#9373,#9374);
#9376=IFCDIRECTION((0.,0.,-1.));
#9377=IFCEXTRUDEDAREASOLID(#9371,#9375,#9376,0.02500000037252903);
#9378=IFCCARTESIANPOINTLIST2D(((0.,0.),(0.85253956168889999,0.),(0.85253956168889999,0.10000000149011612),(0.,0.10000000149011612)));
#9379=IFCINDEXEDPOLYCURVE(#9378,(IFCLINEINDEX((1,2,3,4,1))),$);
#9380=IFCARBITRARYCLOSEDPROFILEDEF(.AREA.,$,#9379);
#9381=IFCCARTESIANPOINT((0.05000000074505806,0.,0.));
#9382=IFCDIRECTION((0.,0.,1.));
#9383=IFCDIRECTION((1.,0.,0.));
#9384=IFCAXIS2PLACEMENT3D(#9381,#9382,#9383);
#9385=IFCDIRECTION((0.,0.,1.));
#9386=IFCEXTRUDEDAREASOLID(#9380,#9384,#9385,0.02500000037252903);
#9387=IFCCARTESIANPOINTLIST2D(((0.,0.),(0.,2.0250000022351742),(1.0025395676493645,2.0250000022351742),(1.0025395676493645,0.),(0.92753956466913223,0.),(0.92753956466913223,1.9499999992549419),(0.075000002980232239,1.9499999992549419),(0.075000002980232239,0.)));
#9388=IFCINDEXEDPOLYCURVE(#9387,(IFCLINEINDEX((1,2,3,4,5,6,7,8,1))),$);
#9389=IFCARBITRARYCLOSEDPROFILEDEF(.AREA.,$,#9388);
#9390=IFCCARTESIANPOINT((-0.025000002235174179,-0.004999999888241291,0.));
#9391=IFCDIRECTION((0.,-1.,0.));
#9392=IFCDIRECTION((1.,0.,0.));
#9393=IFCAXIS2PLACEMENT3D(#9390,#9391,#9392);
#9394=IFCDIRECTION((0.,0.,-1.));
#9395=IFCEXTRUDEDAREASOLID(#9389,#9393,#9394,0.004999999888241291);
#9396=IFCCARTESIANPOINTLIST2D(((0.,0.),(0.,2.0250000022351742),(1.0025395676493645,2.0250000022351742),(1.0025395676493645,0.),(0.95253956504166126,0.),(0.95253956504166126,1.974999999627471),(0.050000002607703209,1.974999999627471),(0.050000002607703209,0.)));
#9397=IFCINDEXEDPOLYCURVE(#9396,(IFCLINEINDEX((1,2,3,4,5,6,7,8,1))),$);
#9398=IFCARBITRARYCLOSEDPROFILEDEF(.AREA.,$,#9397);
#9399=IFCCARTESIANPOINT((-0.025000002235174179,0.05000000074505806,0.));
#9400=IFCDIRECTION((0.,-1.,0.));
#9401=IFCDIRECTION((1.,0.,0.));
#9402=IFCAXIS2PLACEMENT3D(#9399,#9400,#9401);
#9403=IFCDIRECTION((0.,0.,-1.));
#9404=IFCEXTRUDEDAREASOLID(#9398,#9402,#9403,0.004999999888241291);
#9405=IFCCARTESIANPOINTLIST2D(((0.,0.),(0.90253956243395805,0.),(0.90253956243395805,0.035000000149011612),(0.,0.035000000149011612)));
#9406=IFCINDEXEDPOLYCURVE(#9405,(IFCLINEINDEX((1,2,3,4,1))),$);
#9407=IFCARBITRARYCLOSEDPROFILEDEF(.AREA.,$,#9406);
#9408=IFCCARTESIANPOINT((0.02500000037252903,0.02500000037252903,0.02500000037252903));
#9409=IFCDIRECTION((0.,0.,1.));
#9410=IFCDIRECTION((1.,0.,0.));
#9411=IFCAXIS2PLACEMENT3D(#9408,#9409,#9410);
#9412=IFCDIRECTION((0.,0.,1.));
#9413=IFCEXTRUDEDAREASOLID(#9407,#9411,#9412,1.9499999992549419);
#9414=IFCCARTESIANPOINTLIST2D(((0.,0.),(0.,-0.040000000000000001),(0.12,-0.040000000000000001),(0.12,-0.02),(0.02,-0.02),(0.02,0.)));
#9415=IFCINDEXEDPOLYCURVE(#9414,(IFCLINEINDEX((1,2,3,4,5,6,1))),$);
#9416=IFCARBITRARYCLOSEDPROFILEDEF(.AREA.,$,#9415);
#9417=IFCCARTESIANPOINT((0.075000000372529033,0.02500000037252903,1.015000000372529));
#9418=IFCDIRECTION((0.,0.,1.));
#9419=IFCDIRECTION((1.,0.,0.));
#9420=IFCAXIS2PLACEMENT3D(#9417,#9418,#9419);
#9421=IFCDIRECTION((0.,0.,1.));
#9422=IFCEXTRUDEDAREASOLID(#9416,#9420,#9421,0.02);
#9423=IFCEXTRUDEDAREASOLID(#9424,#9427,#9431,0.02);
#9424=IFCARBITRARYCLOSEDPROFILEDEF(.AREA.,$,#9425);
#9425=IFCINDEXEDPOLYCURVE(#9426,(IFCLINEINDEX((1,2,3,4,5,6,1))),$);
#9426=IFCCARTESIANPOINTLIST2D(((0.,0.),(0.,0.040000000000000008),(0.11999999999999998,0.040000000000000008),(0.11999999999999998,0.020000000000000004),(0.020000000000000004,0.020000000000000004),(0.020000000000000004,0.)));
#9427=IFCAXIS2PLACEMENT3D(#9428,#9429,#9430);
#9428=IFCCARTESIANPOINT((0.075000000372529033,0.060000000521540642,1.015000000372529));
#9429=IFCDIRECTION((0.,0.,1.));
#9430=IFCDIRECTION((1.,0.,0.));
#9431=IFCDIRECTION((0.,0.,1.));
#9487=IFCCARTESIANPOINTLIST3D(((0.,0.,0.),(0.95253956317901611,0.,0.),(0.95253956317901611,0.,2.),(0.,0.,2.)));
#9488=IFCINDEXEDPOLYCURVE(#9487,(IFCLINEINDEX((1,2,3,4,1))),$);
#9489=IFCSHAPEREPRESENTATION(#18,'Profile','Curve3D',(#9488));
#9490=IFCCARTESIANPOINTLIST2D(((0.,0.),(0.,2.),(0.95253956317901611,2.),(0.95253956317901611,0.),(0.92753956280648708,0.),(0.92753956280648708,1.974999999627471),(0.02500000037252903,1.974999999627471),(0.02500000037252903,0.)));
#9491=IFCINDEXEDPOLYCURVE(#9490,(IFCLINEINDEX((1,2,3,4,5,6,7,8,1))),$);
#9492=IFCARBITRARYCLOSEDPROFILEDEF(.AREA.,$,#9491);
#9493=IFCCARTESIANPOINT((0.,0.,0.));
#9494=IFCDIRECTION((0.,-1.,0.));
#9495=IFCDIRECTION((1.,0.,0.));
#9496=IFCAXIS2PLACEMENT3D(#9493,#9494,#9495);
#9497=IFCDIRECTION((0.,0.,-1.));
#9498=IFCEXTRUDEDAREASOLID(#9492,#9496,#9497,0.05000000074505806);
#9499=IFCCARTESIANPOINTLIST2D(((0.,0.),(0.90253956243395805,0.),(0.90253956243395805,0.10000000149011612),(0.,0.10000000149011612)));
#9500=IFCINDEXEDPOLYCURVE(#9499,(IFCLINEINDEX((1,2,3,4,1))),$);
#9501=IFCARBITRARYCLOSEDPROFILEDEF(.AREA.,$,#9500);
#9502=IFCCARTESIANPOINT((0.02500000037252903,0.,0.));
#9503=IFCDIRECTION((0.,0.,1.));
#9504=IFCDIRECTION((1.,0.,0.));
#9505=IFCAXIS2PLACEMENT3D(#9502,#9503,#9504);
#9506=IFCDIRECTION((0.,0.,1.));
#9507=IFCEXTRUDEDAREASOLID(#9501,#9505,#9506,0.02500000037252903);
#9508=IFCCARTESIANPOINTLIST2D(((0.,0.),(0.,2.0250000022351742),(1.0025395676493645,2.0250000022351742),(1.0025395676493645,0.),(0.95253956504166126,0.),(0.95253956504166126,1.974999999627471),(0.050000002607703209,1.974999999627471),(0.050000002607703209,0.)));
#9509=IFCINDEXEDPOLYCURVE(#9508,(IFCLINEINDEX((1,2,3,4,5,6,7,8,1))),$);
#9510=IFCARBITRARYCLOSEDPROFILEDEF(.AREA.,$,#9509);
#9511=IFCCARTESIANPOINT((-0.025000002235174179,-0.004999999888241291,0.));
#9512=IFCDIRECTION((0.,-1.,0.));
#9513=IFCDIRECTION((1.,0.,0.));
#9514=IFCAXIS2PLACEMENT3D(#9511,#9512,#9513);
#9515=IFCDIRECTION((0.,0.,-1.));
#9516=IFCEXTRUDEDAREASOLID(#9510,#9514,#9515,0.004999999888241291);
#9517=IFCCARTESIANPOINTLIST2D(((0.,0.),(0.,2.0250000022351742),(1.0025395676493645,2.0250000022351742),(1.0025395676493645,0.),(0.95253956504166126,0.),(0.95253956504166126,1.974999999627471),(0.050000002607703209,1.974999999627471),(0.050000002607703209,0.)));
#9518=IFCINDEXEDPOLYCURVE(#9517,(IFCLINEINDEX((1,2,3,4,5,6,7,8,1))),$);
#9519=IFCARBITRARYCLOSEDPROFILEDEF(.AREA.,$,#9518);
#9520=IFCCARTESIANPOINT((-0.025000002235174179,0.05000000074505806,0.));
#9521=IFCDIRECTION((0.,-1.,0.));
#9522=IFCDIRECTION((1.,0.,0.));
#9523=IFCAXIS2PLACEMENT3D(#9520,#9521,#9522);
#9524=IFCDIRECTION((0.,0.,-1.));
#9525=IFCEXTRUDEDAREASOLID(#9519,#9523,#9524,0.004999999888241291);
#9526=IFCCARTESIANPOINTLIST2D(((0.,0.),(0.90253956243395805,0.),(0.90253956243395805,0.035000000149011612),(0.,0.035000000149011612)));
#9527=IFCINDEXEDPOLYCURVE(#9526,(IFCLINEINDEX((1,2,3,4,1))),$);
#9528=IFCARBITRARYCLOSEDPROFILEDEF(.AREA.,$,#9527);
#9529=IFCCARTESIANPOINT((0.02500000037252903,0.02500000037252903,0.02500000037252903));
#9530=IFCDIRECTION((0.,0.,1.));
#9531=IFCDIRECTION((1.,0.,0.));
#9532=IFCAXIS2PLACEMENT3D(#9529,#9530,#9531);
#9533=IFCDIRECTION((0.,0.,1.));
#9534=IFCEXTRUDEDAREASOLID(#9528,#9532,#9533,1.9499999992549419);
#9535=IFCCARTESIANPOINTLIST2D(((0.,0.),(0.,-0.040000000000000001),(-0.11999999999999988,-0.040000000000000001),(-0.11999999999999988,-0.02),(-0.020000000000000018,-0.02),(-0.020000000000000018,0.)));
#9536=IFCINDEXEDPOLYCURVE(#9535,(IFCLINEINDEX((1,2,3,4,5,6,1))),$);
#9537=IFCARBITRARYCLOSEDPROFILEDEF(.AREA.,$,#9536);
#9538=IFCCARTESIANPOINT((0.87753956280648704,0.02500000037252903,1.015000000372529));
#9539=IFCDIRECTION((0.,0.,1.));
#9540=IFCDIRECTION((1.,0.,0.));
#9541=IFCAXIS2PLACEMENT3D(#9538,#9539,#9540);
#9542=IFCDIRECTION((0.,0.,1.));
#9543=IFCEXTRUDEDAREASOLID(#9537,#9541,#9542,0.02);
#9544=IFCEXTRUDEDAREASOLID(#9545,#9548,#9552,0.02);
#9545=IFCARBITRARYCLOSEDPROFILEDEF(.AREA.,$,#9546);
#9546=IFCINDEXEDPOLYCURVE(#9547,(IFCLINEINDEX((1,2,3,4,5,6,1))),$);
#9547=IFCCARTESIANPOINTLIST2D(((0.,0.),(0.,0.040000000000000008),(-0.11999999999999988,0.040000000000000008),(-0.11999999999999988,0.020000000000000004),(-0.020000000000000018,0.020000000000000004),(-0.020000000000000018,0.)));
#9548=IFCAXIS2PLACEMENT3D(#9549,#9550,#9551);
#9549=IFCCARTESIANPOINT((0.87753956280648704,0.060000000521540642,1.015000000372529));
#9550=IFCDIRECTION((0.,0.,1.));
#9551=IFCDIRECTION((1.,0.,0.));
#9552=IFCDIRECTION((0.,0.,1.));
#9553=IFCSHAPEREPRESENTATION(#11,'Body','SweptSolid',(#9498,#9534,#9543,#9544,#9507,#9516,#9525));
#9554=IFCCARTESIANPOINTLIST2D(((0.,0.),(0.02500000037252903,0.),(0.02500000037252903,0.05000000074505806),(0.,0.05000000074505806)));
#9555=IFCINDEXEDPOLYCURVE(#9554,(IFCLINEINDEX((1,2,3,4,1))),$);
#9556=IFCINDEXEDPOLYCURVE(#9557,(IFCLINEINDEX((1,2,3,4,1))),$);
#9557=IFCCARTESIANPOINTLIST2D(((0.95253956317901611,0.),(0.92753956280648708,0.),(0.92753956280648708,0.05000000074505806),(0.95253956317901611,0.05000000074505806)));
#9558=IFCCARTESIANPOINTLIST2D(((0.02500000037252903,0.05000000074505806),(0.02500000037252903,-0.85253956168889999),(0.060000000521540642,-0.85253956168889999)));
#9559=IFCINDEXEDPOLYCURVE(#9558,$,$);
#9560=IFCDIRECTION((1.,0.));
#9561=IFCCARTESIANPOINT((0.060000000521540642,0.05000000074505806));
#9562=IFCAXIS2PLACEMENT2D(#9561,#9560);
#9563=IFCELLIPSE(#9562,0.86753956228494644,0.90253956243395805);
#9564=IFCCARTESIANPOINT((0.060000000521540642,-0.85253956168889999));
#9565=IFCCARTESIANPOINT((0.060000000521540642,0.95253956317901611));
#9566=IFCTRIMMEDCURVE(#9563,(#9564),(#9565),.T.,.CARTESIAN.);
#9567=IFCCARTESIANPOINTLIST2D(((0.02500000037252903,0.05000000074505806),(0.060000000521540642,0.05000000074505806),(0.060000000521540642,0.95253956317901611),(0.02500000037252903,0.95253956317901611)));
#9568=IFCINDEXEDPOLYCURVE(#9567,(IFCLINEINDEX((1,2,3,4,1))),$);
#9569=IFCSHAPEREPRESENTATION(#24,'Body','Curve2D',(#9555,#9556,#9559,#9566,#9568));
#9570=IFCCARTESIANPOINTLIST2D(((0.,0.),(0.95253956317901611,0.),(0.95253956317901611,2.),(0.,2.)));
#9571=IFCINDEXEDPOLYCURVE(#9570,(IFCLINEINDEX((1,2,3,4,1))),$);
#9572=IFCARBITRARYCLOSEDPROFILEDEF(.AREA.,$,#9571);
#9573=IFCCARTESIANPOINT((0.,-0.60000002384185791,0.));
#9574=IFCDIRECTION((0.,-1.,0.));
#9575=IFCDIRECTION((1.,0.,0.));
#9576=IFCAXIS2PLACEMENT3D(#9573,#9574,#9575);
#9577=IFCDIRECTION((0.,0.,-1.));
#9578=IFCEXTRUDEDAREASOLID(#9572,#9576,#9577,1.2);
#9579=IFCSHAPEREPRESENTATION(#11,'Body','SweptSolid',(#9578));
#9585=IFCCARTESIANPOINT((3.7768784833057385,0.1000004539511877,0.));
#9586=IFCDIRECTION((0.,0.,1.));
#9587=IFCDIRECTION((-0.99999999999999611,-8.7422783678901773E-08,0.));
#9588=IFCAXIS2PLACEMENT3D(#9585,#9586,#9587);
#9589=IFCLOCALPLACEMENT(#6488,#9588);
#9590=IFCCARTESIANPOINT((-4.4408920985006262E-16,5.5511151231257827E-17,0.));
#9591=IFCDIRECTION((0.,0.,1.));
#9592=IFCDIRECTION((0.99999999999999978,2.6469779601696886E-23,0.));
#9593=IFCAXIS2PLACEMENT3D(#9590,#9591,#9592);
#9594=IFCLOCALPLACEMENT(#9589,#9593);
#9595=IFCCARTESIANPOINTLIST3D(((0.,0.,0.),(0.95253956317901611,0.,0.),(0.95253956317901611,0.,2.),(0.,0.,2.)));
#9596=IFCINDEXEDPOLYCURVE(#9595,(IFCLINEINDEX((1,2,3,4,1))),$);
#9597=IFCSHAPEREPRESENTATION(#18,'Profile','Curve3D',(#9596));
#9598=IFCCARTESIANPOINTLIST2D(((0.,0.),(0.,2.),(0.95253956317901611,2.),(0.95253956317901611,0.),(0.92753956280648708,0.),(0.92753956280648708,1.974999999627471),(0.02500000037252903,1.974999999627471),(0.02500000037252903,0.)));
#9599=IFCINDEXEDPOLYCURVE(#9598,(IFCLINEINDEX((1,2,3,4,5,6,7,8,1))),$);
#9600=IFCARBITRARYCLOSEDPROFILEDEF(.AREA.,$,#9599);
#9601=IFCCARTESIANPOINT((0.,0.,0.));
#9602=IFCDIRECTION((0.,-1.,0.));
#9603=IFCDIRECTION((1.,0.,0.));
#9604=IFCAXIS2PLACEMENT3D(#9601,#9602,#9603);
#9605=IFCDIRECTION((0.,0.,-1.));
#9606=IFCEXTRUDEDAREASOLID(#9600,#9604,#9605,0.05000000074505806);
#9607=IFCCARTESIANPOINTLIST2D(((0.,0.),(0.90253956243395805,0.),(0.90253956243395805,0.10000000149011612),(0.,0.10000000149011612)));
#9608=IFCINDEXEDPOLYCURVE(#9607,(IFCLINEINDEX((1,2,3,4,1))),$);
#9609=IFCARBITRARYCLOSEDPROFILEDEF(.AREA.,$,#9608);
#9610=IFCCARTESIANPOINT((0.02500000037252903,0.,0.));
#9611=IFCDIRECTION((0.,0.,1.));
#9612=IFCDIRECTION((1.,0.,0.));
#9613=IFCAXIS2PLACEMENT3D(#9610,#9611,#9612);
#9614=IFCDIRECTION((0.,0.,1.));
#9615=IFCEXTRUDEDAREASOLID(#9609,#9613,#9614,0.02500000037252903);
#9616=IFCCARTESIANPOINTLIST2D(((0.,0.),(0.,2.0250000022351742),(1.0025395676493645,2.0250000022351742),(1.0025395676493645,0.),(0.95253956504166126,0.),(0.95253956504166126,1.974999999627471),(0.050000002607703209,1.974999999627471),(0.050000002607703209,0.)));
#9617=IFCINDEXEDPOLYCURVE(#9616,(IFCLINEINDEX((1,2,3,4,5,6,7,8,1))),$);
#9618=IFCARBITRARYCLOSEDPROFILEDEF(.AREA.,$,#9617);
#9619=IFCCARTESIANPOINT((-0.025000002235174179,-0.004999999888241291,0.));
#9620=IFCDIRECTION((0.,-1.,0.));
#9621=IFCDIRECTION((1.,0.,0.));
#9622=IFCAXIS2PLACEMENT3D(#9619,#9620,#9621);
#9623=IFCDIRECTION((0.,0.,-1.));
#9624=IFCEXTRUDEDAREASOLID(#9618,#9622,#9623,0.004999999888241291);
#9625=IFCCARTESIANPOINTLIST2D(((0.,0.),(0.,2.0250000022351742),(1.0025395676493645,2.0250000022351742),(1.0025395676493645,0.),(0.95253956504166126,0.),(0.95253956504166126,1.974999999627471),(0.050000002607703209,1.974999999627471),(0.050000002607703209,0.)));
#9626=IFCINDEXEDPOLYCURVE(#9625,(IFCLINEINDEX((1,2,3,4,5,6,7,8,1))),$);
#9627=IFCARBITRARYCLOSEDPROFILEDEF(.AREA.,$,#9626);
#9628=IFCCARTESIANPOINT((-0.025000002235174179,0.05000000074505806,0.));
#9629=IFCDIRECTION((0.,-1.,0.));
#9630=IFCDIRECTION((1.,0.,0.));
#9631=IFCAXIS2PLACEMENT3D(#9628,#9629,#9630);
#9632=IFCDIRECTION((0.,0.,-1.));
#9633=IFCEXTRUDEDAREASOLID(#9627,#9631,#9632,0.004999999888241291);
#9634=IFCCARTESIANPOINTLIST2D(((0.,0.),(0.90253956243395805,0.),(0.90253956243395805,0.035000000149011612),(0.,0.035000000149011612)));
#9635=IFCINDEXEDPOLYCURVE(#9634,(IFCLINEINDEX((1,2,3,4,1))),$);
#9636=IFCARBITRARYCLOSEDPROFILEDEF(.AREA.,$,#9635);
#9637=IFCCARTESIANPOINT((0.02500000037252903,0.02500000037252903,0.02500000037252903));
#9638=IFCDIRECTION((0.,0.,1.));
#9639=IFCDIRECTION((1.,0.,0.));
#9640=IFCAXIS2PLACEMENT3D(#9637,#9638,#9639);
#9641=IFCDIRECTION((0.,0.,1.));
#9642=IFCEXTRUDEDAREASOLID(#9636,#9640,#9641,1.9499999992549419);
#9643=IFCCARTESIANPOINTLIST2D(((0.,0.),(0.,-0.040000000000000001),(-0.11999999999999988,-0.040000000000000001),(-0.11999999999999988,-0.02),(-0.020000000000000018,-0.02),(-0.020000000000000018,0.)));
#9644=IFCINDEXEDPOLYCURVE(#9643,(IFCLINEINDEX((1,2,3,4,5,6,1))),$);
#9645=IFCARBITRARYCLOSEDPROFILEDEF(.AREA.,$,#9644);
#9646=IFCCARTESIANPOINT((0.87753956280648704,0.02500000037252903,1.015000000372529));
#9647=IFCDIRECTION((0.,0.,1.));
#9648=IFCDIRECTION((1.,0.,0.));
#9649=IFCAXIS2PLACEMENT3D(#9646,#9647,#9648);
#9650=IFCDIRECTION((0.,0.,1.));
#9651=IFCEXTRUDEDAREASOLID(#9645,#9649,#9650,0.02);
#9652=IFCEXTRUDEDAREASOLID(#9653,#9656,#9660,0.02);
#9653=IFCARBITRARYCLOSEDPROFILEDEF(.AREA.,$,#9654);
#9654=IFCINDEXEDPOLYCURVE(#9655,(IFCLINEINDEX((1,2,3,4,5,6,1))),$);
#9655=IFCCARTESIANPOINTLIST2D(((0.,0.),(0.,0.040000000000000008),(-0.11999999999999988,0.040000000000000008),(-0.11999999999999988,0.020000000000000004),(-0.020000000000000018,0.020000000000000004),(-0.020000000000000018,0.)));
#9656=IFCAXIS2PLACEMENT3D(#9657,#9658,#9659);
#9657=IFCCARTESIANPOINT((0.87753956280648704,0.060000000521540642,1.015000000372529));
#9658=IFCDIRECTION((0.,0.,1.));
#9659=IFCDIRECTION((1.,0.,0.));
#9660=IFCDIRECTION((0.,0.,1.));
#9661=IFCSHAPEREPRESENTATION(#11,'Body','SweptSolid',(#9606,#9642,#9651,#9652,#9615,#9624,#9633));
#9662=IFCCARTESIANPOINTLIST2D(((0.,0.),(0.02500000037252903,0.),(0.02500000037252903,0.05000000074505806),(0.,0.05000000074505806)));
#9663=IFCINDEXEDPOLYCURVE(#9662,(IFCLINEINDEX((1,2,3,4,1))),$);
#9664=IFCINDEXEDPOLYCURVE(#9665,(IFCLINEINDEX((1,2,3,4,1))),$);
#9665=IFCCARTESIANPOINTLIST2D(((0.95253956317901611,0.),(0.92753956280648708,0.),(0.92753956280648708,0.05000000074505806),(0.95253956317901611,0.05000000074505806)));
#9666=IFCCARTESIANPOINTLIST2D(((0.02500000037252903,0.05000000074505806),(0.02500000037252903,-0.85253956168889999),(0.060000000521540642,-0.85253956168889999)));
#9667=IFCINDEXEDPOLYCURVE(#9666,$,$);
#9668=IFCDIRECTION((1.,0.));
#9669=IFCCARTESIANPOINT((0.060000000521540642,0.05000000074505806));
#9670=IFCAXIS2PLACEMENT2D(#9669,#9668);
#9671=IFCELLIPSE(#9670,0.86753956228494644,0.90253956243395805);
#9672=IFCCARTESIANPOINT((0.060000000521540642,-0.85253956168889999));
#9673=IFCCARTESIANPOINT((0.060000000521540642,0.95253956317901611));
#9674=IFCTRIMMEDCURVE(#9671,(#9672),(#9673),.T.,.CARTESIAN.);
#9675=IFCCARTESIANPOINTLIST2D(((0.02500000037252903,0.05000000074505806),(0.060000000521540642,0.05000000074505806),(0.060000000521540642,0.95253956317901611),(0.02500000037252903,0.95253956317901611)));
#9676=IFCINDEXEDPOLYCURVE(#9675,(IFCLINEINDEX((1,2,3,4,1))),$);
#9677=IFCSHAPEREPRESENTATION(#24,'Body','Curve2D',(#9663,#9664,#9667,#9674,#9676));
#9678=IFCCARTESIANPOINTLIST2D(((0.,0.),(0.95253956317901611,0.),(0.95253956317901611,2.),(0.,2.)));
#9679=IFCINDEXEDPOLYCURVE(#9678,(IFCLINEINDEX((1,2,3,4,1))),$);
#9680=IFCARBITRARYCLOSEDPROFILEDEF(.AREA.,$,#9679);
#9681=IFCCARTESIANPOINT((0.,-0.60000002384185791,0.));
#9682=IFCDIRECTION((0.,-1.,0.));
#9683=IFCDIRECTION((1.,0.,0.));
#9684=IFCAXIS2PLACEMENT3D(#9681,#9682,#9683);
#9685=IFCDIRECTION((0.,0.,-1.));
#9686=IFCEXTRUDEDAREASOLID(#9680,#9684,#9685,1.2);
#9687=IFCSHAPEREPRESENTATION(#11,'Body','SweptSolid',(#9686));
#9693=IFCCARTESIANPOINT((0.32541146516884234,1.6083443554748555E-07,0.));
#9694=IFCDIRECTION((0.,0.,1.));
#9695=IFCDIRECTION((0.99999999999998479,-1.7484555314694642E-07,0.));
#9696=IFCAXIS2PLACEMENT3D(#9693,#9694,#9695);
#9697=IFCLOCALPLACEMENT(#6643,#9696);
#9698=IFCCARTESIANPOINT((0.,0.,0.));
#9699=IFCDIRECTION((0.,0.,1.));
#9700=IFCDIRECTION((1.,0.,0.));
#9701=IFCAXIS2PLACEMENT3D(#9698,#9699,#9700);
#9702=IFCLOCALPLACEMENT(#9697,#9701);
#9708=IFCCARTESIANPOINT((2.5882180929184608,2.3503870211216693E-07,0.));
#9709=IFCDIRECTION((0.,0.,1.));
#9710=IFCDIRECTION((1.,0.,0.));
#9711=IFCAXIS2PLACEMENT3D(#9708,#9709,#9710);
#9712=IFCLOCALPLACEMENT(#6952,#9711);
#9713=IFCCARTESIANPOINT((-4.4408920985006262E-16,-5.5511151231257827E-17,0.));
#9714=IFCDIRECTION((0.,0.,1.));
#9715=IFCDIRECTION((1.,0.,0.));
#9716=IFCAXIS2PLACEMENT3D(#9713,#9714,#9715);
#9717=IFCLOCALPLACEMENT(#9712,#9716);
#9718=IFCWINDOWTYPE('2V4r5FUwX7VQ5dFOVLVzIy',$,'Bedroom 1 - 2F',$,$,(#9719),(#9721,#9729,#9815),$,$,.WINDOW.,.SINGLE_PANEL.,$,$);
#9719=IFCPROPERTYSET('3DCZMX9ZDALhsqq7DKKGPe',$,'BBIM_Window',$,(#9720));
#9720=IFCPROPERTYSINGLEVALUE('Data',$,IFCTEXT('{"window_type": "DOUBLE_PANEL_VERTICAL", "overall_height": 0.8999999761581421, "overall_width": 1.0841559171676636, "lining_properties": {"lining_depth": 0.05000000074505806, "lining_thickness": 0.05000000074505806, "lining_offset": 0.05000000074505806, "lining_to_panel_offset_x": 0.02500000037252903, "lining_to_panel_offset_y": 0.02500000037252903, "mullion_thickness": 0.05000000074505806, "first_mullion_offset": 0.49673396348953247}, "panel_properties": {"frame_depth": [0.03500000014901161, 0.03500000014901161, 0.03500000014901161], "frame_thickness": [0.03500000014901161, 0.03500000014901161, 0.03500000014901161]}}'),$);
#9721=IFCREPRESENTATIONMAP(#9722,#10144);
#9722=IFCAXIS2PLACEMENT3D(#9723,#9724,#9725);
#9723=IFCCARTESIANPOINT((0.,0.,0.));
#9724=IFCDIRECTION((0.,0.,1.));
#9725=IFCDIRECTION((1.,0.,0.));
#9729=IFCREPRESENTATIONMAP(#9730,#10225);
#9730=IFCAXIS2PLACEMENT3D(#9731,#9732,#9733);
#9731=IFCCARTESIANPOINT((0.,0.,0.));
#9732=IFCDIRECTION((0.,0.,1.));
#9733=IFCDIRECTION((1.,0.,0.));
#9815=IFCREPRESENTATIONMAP(#9816,#10264);
#9816=IFCAXIS2PLACEMENT3D(#9817,#9818,#9819);
#9817=IFCCARTESIANPOINT((0.,0.,0.));
#9818=IFCDIRECTION((0.,0.,1.));
#9819=IFCDIRECTION((1.,0.,0.));
#10077=IFCWINDOW('3Ej1Wt3Pb8uPowwjUfuZAl',$,'Window',$,$,#11495,#10086,$,0.89999997615814209,1.0841559171676636,$,.DOUBLE_PANEL_VERTICAL.,$);
#10078=IFCRELDEFINESBYTYPE('0g8WLII6D0yR2jblvmbYdM',$,$,$,(#10077),#9718);
#10079=IFCCARTESIANPOINT((0.,0.,0.));
#10080=IFCDIRECTION((1.,0.,0.));
#10081=IFCDIRECTION((0.,1.,0.));
#10082=IFCDIRECTION((0.,0.,1.));
#10083=IFCCARTESIANTRANSFORMATIONOPERATOR3D(#10080,#10081,#10079,1.,#10082);
#10084=IFCMAPPEDITEM(#9721,#10083);
#10085=IFCSHAPEREPRESENTATION(#18,'Profile','MappedRepresentation',(#10084));
#10086=IFCPRODUCTDEFINITIONSHAPE($,$,(#10085,#10093,#10100));
#10087=IFCCARTESIANPOINT((0.,0.,0.));
#10088=IFCDIRECTION((1.,0.,0.));
#10089=IFCDIRECTION((0.,1.,0.));
#10090=IFCDIRECTION((0.,0.,1.));
#10091=IFCCARTESIANTRANSFORMATIONOPERATOR3D(#10088,#10089,#10087,1.,#10090);
#10092=IFCMAPPEDITEM(#9729,#10091);
#10093=IFCSHAPEREPRESENTATION(#11,'Body','MappedRepresentation',(#10092));
#10094=IFCCARTESIANPOINT((0.,0.,0.));
#10095=IFCDIRECTION((1.,0.,0.));
#10096=IFCDIRECTION((0.,1.,0.));
#10097=IFCDIRECTION((0.,0.,1.));
#10098=IFCCARTESIANTRANSFORMATIONOPERATOR3D(#10095,#10096,#10094,1.,#10097);
#10099=IFCMAPPEDITEM(#9815,#10098);
#10100=IFCSHAPEREPRESENTATION(#24,'Body','MappedRepresentation',(#10099));
#10101=IFCOPENINGELEMENT('3So1r$Jw19zeT6JO7eG$Zh',$,'Opening',$,$,#10779,#10129,$,.OPENING.);
#10117=IFCCARTESIANPOINT((0.,0.,0.));
#10118=IFCDIRECTION((1.,0.,0.));
#10119=IFCDIRECTION((0.,0.,1.));
#10120=IFCAXIS2PLACEMENT3D(#10117,#10119,#10118);
#10121=IFCREPRESENTATIONMAP(#10120,#10274);
#10122=IFCCARTESIANPOINT((0.,0.,0.));
#10123=IFCDIRECTION((1.,0.,0.));
#10124=IFCDIRECTION((0.,1.,0.));
#10125=IFCDIRECTION((0.,0.,1.));
#10126=IFCCARTESIANTRANSFORMATIONOPERATOR3D(#10123,#10124,#10122,1.,#10125);
#10127=IFCMAPPEDITEM(#10121,#10126);
#10128=IFCSHAPEREPRESENTATION(#11,'Body','MappedRepresentation',(#10127));
#10129=IFCPRODUCTDEFINITIONSHAPE($,$,(#10128));
#10130=IFCRELVOIDSELEMENT('1r6IKAJ1jAqQ0kBxsL$Op2',$,$,$,#6131,#10101);
#10136=IFCRELFILLSELEMENT('2_rLrI1jT7ZvReouG_Vfcj',$,$,$,#10101,#10077);
#10142=IFCCARTESIANPOINTLIST3D(((0.,0.,0.),(1.0841559171676636,0.,0.),(1.0841559171676636,0.,0.89999997615814209),(0.,0.,0.89999997615814209)));
#10143=IFCINDEXEDPOLYCURVE(#10142,(IFCLINEINDEX((1,2,3,4,1))),$);
#10144=IFCSHAPEREPRESENTATION(#18,'Profile','Curve3D',(#10143));
#10145=IFCCARTESIANPOINTLIST2D(((0.49673396348953247,0.),(0.,0.),(0.,0.89999997615814209),(0.49673396348953247,0.89999997615814209),(0.49673396348953247,0.87499997578561306),(0.02500000037252903,0.87499997578561306),(0.02500000037252903,0.02500000037252903),(0.49673396348953247,0.02500000037252903)));
#10146=IFCINDEXEDPOLYCURVE(#10145,(IFCLINEINDEX((1,2,3,4,5,6,7,8,1))),$);
#10147=IFCARBITRARYCLOSEDPROFILEDEF(.AREA.,$,#10146);
#10148=IFCCARTESIANPOINT((0.,0.090000001713633537,0.));
#10149=IFCDIRECTION((0.,-1.,0.));
#10150=IFCDIRECTION((1.,0.,0.));
#10151=IFCAXIS2PLACEMENT3D(#10148,#10149,#10150);
#10152=IFCDIRECTION((0.,0.,-1.));
#10153=IFCEXTRUDEDAREASOLID(#10147,#10151,#10152,0.0099999997764825821);
#10154=IFCCARTESIANPOINTLIST2D(((0.,0.),(0.49673396348953247,0.),(0.49673396348953247,0.89999997615814209),(0.,0.89999997615814209)));
#10155=IFCINDEXEDPOLYCURVE(#10154,(IFCLINEINDEX((1,2,3,4,1))),$);
#10156=IFCCARTESIANPOINTLIST2D(((0.05000000074505806,0.05000000074505806),(0.47173396311700344,0.05000000074505806),(0.47173396311700344,0.84999997541308403),(0.05000000074505806,0.84999997541308403)));
#10157=IFCINDEXEDPOLYCURVE(#10156,(IFCLINEINDEX((1,2,3,4,1))),$);
#10158=IFCARBITRARYPROFILEDEFWITHVOIDS(.AREA.,$,#10155,(#10157));
#10159=IFCCARTESIANPOINT((0.,0.05000000074505806,0.));
#10160=IFCDIRECTION((0.,-1.,0.));
#10161=IFCDIRECTION((1.,0.,0.));
#10162=IFCAXIS2PLACEMENT3D(#10159,#10160,#10161);
#10163=IFCDIRECTION((0.,0.,-1.));
#10164=IFCEXTRUDEDAREASOLID(#10158,#10162,#10163,0.040000000968575478);
#10165=IFCCARTESIANPOINTLIST2D(((0.,0.),(0.47173396311700344,0.),(0.47173396311700344,0.84999997541308403),(0.,0.84999997541308403)));
#10166=IFCINDEXEDPOLYCURVE(#10165,(IFCLINEINDEX((1,2,3,4,1))),$);
#10167=IFCCARTESIANPOINTLIST2D(((0.035000000149011612,0.035000000149011612),(0.43673396296799183,0.035000000149011612),(0.43673396296799183,0.81499997526407242),(0.035000000149011612,0.81499997526407242)));
#10168=IFCINDEXEDPOLYCURVE(#10167,(IFCLINEINDEX((1,2,3,4,1))),$);
#10169=IFCARBITRARYPROFILEDEFWITHVOIDS(.AREA.,$,#10166,(#10168));
#10170=IFCCARTESIANPOINT((0.02500000037252903,0.090000001713633537,0.02500000037252903));
#10171=IFCDIRECTION((0.,-1.,0.));
#10172=IFCDIRECTION((1.,0.,0.));
#10173=IFCAXIS2PLACEMENT3D(#10170,#10171,#10172);
#10174=IFCDIRECTION((0.,0.,-1.));
#10175=IFCEXTRUDEDAREASOLID(#10169,#10173,#10174,0.035000000149011612);
#10176=IFCINDEXEDPOLYCURVE(#10177,(IFCLINEINDEX((1,2,3,4,1))),$);
#10177=IFCCARTESIANPOINTLIST2D(((0.035000000149011612,0.035000000149011612),(0.43673396296799183,0.035000000149011612),(0.43673396296799183,0.81499997526407242),(0.035000000149011612,0.81499997526407242)));
#10178=IFCARBITRARYCLOSEDPROFILEDEF(.AREA.,$,#10176);
#10179=IFCCARTESIANPOINT((0.02500000037252903,0.10250000178813934,0.02500000037252903));
#10180=IFCDIRECTION((0.,-1.,0.));
#10181=IFCDIRECTION((1.,0.,0.));
#10182=IFCAXIS2PLACEMENT3D(#10179,#10180,#10181);
#10183=IFCDIRECTION((0.,0.,-1.));
#10184=IFCEXTRUDEDAREASOLID(#10178,#10182,#10183,0.01);
#10185=IFCCARTESIANPOINTLIST2D(((0.,0.89999997615814209),(0.5874219536781311,0.89999997615814209),(0.5874219536781311,0.),(0.,0.),(0.,0.02500000037252903),(0.56242195330560207,0.02500000037252903),(0.56242195330560207,0.87499997578561306),(0.,0.87499997578561306)));
#10186=IFCINDEXEDPOLYCURVE(#10185,(IFCLINEINDEX((1,2,3,4,5,6,7,8,1))),$);
#10187=IFCARBITRARYCLOSEDPROFILEDEF(.AREA.,$,#10186);
#10188=IFCCARTESIANPOINT((0.49673396348953247,0.090000001713633537,0.));
#10189=IFCDIRECTION((0.,-1.,0.));
#10190=IFCDIRECTION((1.,0.,0.));
#10191=IFCAXIS2PLACEMENT3D(#10188,#10189,#10190);
#10192=IFCDIRECTION((0.,0.,-1.));
#10193=IFCEXTRUDEDAREASOLID(#10187,#10191,#10192,0.0099999997764825821);
#10194=IFCCARTESIANPOINTLIST2D(((0.,0.),(0.5874219536781311,0.),(0.5874219536781311,0.89999997615814209),(0.,0.89999997615814209)));
#10195=IFCINDEXEDPOLYCURVE(#10194,(IFCLINEINDEX((1,2,3,4,1))),$);
#10196=IFCCARTESIANPOINTLIST2D(((0.02500000037252903,0.05000000074505806),(0.53742195293307304,0.05000000074505806),(0.53742195293307304,0.84999997541308403),(0.02500000037252903,0.84999997541308403)));
#10197=IFCINDEXEDPOLYCURVE(#10196,(IFCLINEINDEX((1,2,3,4,1))),$);
#10198=IFCARBITRARYPROFILEDEFWITHVOIDS(.AREA.,$,#10195,(#10197));
#10199=IFCCARTESIANPOINT((0.49673396348953247,0.05000000074505806,0.));
#10200=IFCDIRECTION((0.,-1.,0.));
#10201=IFCDIRECTION((1.,0.,0.));
#10202=IFCAXIS2PLACEMENT3D(#10199,#10200,#10201);
#10203=IFCDIRECTION((0.,0.,-1.));
#10204=IFCEXTRUDEDAREASOLID(#10198,#10202,#10203,0.040000000968575478);
#10205=IFCCARTESIANPOINTLIST2D(((0.,0.),(0.56242195330560207,0.),(0.56242195330560207,0.84999997541308403),(0.,0.84999997541308403)));
#10206=IFCINDEXEDPOLYCURVE(#10205,(IFCLINEINDEX((1,2,3,4,1))),$);
#10207=IFCCARTESIANPOINTLIST2D(((0.035000000149011612,0.035000000149011612),(0.52742195315659046,0.035000000149011612),(0.52742195315659046,0.81499997526407242),(0.035000000149011612,0.81499997526407242)));
#10208=IFCINDEXEDPOLYCURVE(#10207,(IFCLINEINDEX((1,2,3,4,1))),$);
#10209=IFCARBITRARYPROFILEDEFWITHVOIDS(.AREA.,$,#10206,(#10208));
#10210=IFCCARTESIANPOINT((0.49673396348953247,0.090000001713633537,0.02500000037252903));
#10211=IFCDIRECTION((0.,-1.,0.));
#10212=IFCDIRECTION((1.,0.,0.));
#10213=IFCAXIS2PLACEMENT3D(#10210,#10211,#10212);
#10214=IFCDIRECTION((0.,0.,-1.));
#10215=IFCEXTRUDEDAREASOLID(#10209,#10213,#10214,0.035000000149011612);
#10216=IFCINDEXEDPOLYCURVE(#10217,(IFCLINEINDEX((1,2,3,4,1))),$);
#10217=IFCCARTESIANPOINTLIST2D(((0.035000000149011612,0.035000000149011612),(0.52742195315659046,0.035000000149011612),(0.52742195315659046,0.81499997526407242),(0.035000000149011612,0.81499997526407242)));
#10218=IFCARBITRARYCLOSEDPROFILEDEF(.AREA.,$,#10216);
#10219=IFCCARTESIANPOINT((0.49673396348953247,0.10250000178813934,0.02500000037252903));
#10220=IFCDIRECTION((0.,-1.,0.));
#10221=IFCDIRECTION((1.,0.,0.));
#10222=IFCAXIS2PLACEMENT3D(#10219,#10220,#10221);
#10223=IFCDIRECTION((0.,0.,-1.));
#10224=IFCEXTRUDEDAREASOLID(#10218,#10222,#10223,0.01);
#10225=IFCSHAPEREPRESENTATION(#11,'Body','SweptSolid',(#10153,#10164,#10175,#10184,#10193,#10204,#10215,#10224));
#10226=IFCSHAPEREPRESENTATION(#11,'Body','SweptSolid',(#10153,#10164,#10193,#10204));
#10227=IFCSHAPEASPECT((#10226),'Lining',$,.T.,#10086);
#10228=IFCSHAPEREPRESENTATION(#11,'Body','SweptSolid',(#10175,#10215));
#10229=IFCSHAPEASPECT((#10228),'Framing',$,.T.,#10086);
#10230=IFCSHAPEREPRESENTATION(#11,'Body','SweptSolid',(#10184,#10224));
#10231=IFCSHAPEASPECT((#10230),'Glazing',$,.T.,#10086);
#10232=IFCCARTESIANPOINTLIST2D(((0.05000000074505806,0.05000000074505806),(0.47173396311700344,0.05000000074505806)));
#10233=IFCINDEXEDPOLYCURVE(#10232,$,$);
#10234=IFCCARTESIANPOINTLIST2D(((0.,0.10000000149011612),(0.02500000037252903,0.10000000149011612),(0.02500000037252903,0.090000001713633537),(0.05000000074505806,0.090000001713633537),(0.05000000074505806,0.05000000074505806),(0.,0.05000000074505806)));
#10235=IFCINDEXEDPOLYCURVE(#10234,(IFCLINEINDEX((1,2,3,4,5,6,1))),$);
#10236=IFCCARTESIANPOINTLIST2D(((0.49673396348953247,0.10000000149011612),(0.49673396348953247,0.10000000149011612),(0.49673396348953247,0.090000001713633537),(0.47173396311700344,0.090000001713633537),(0.47173396311700344,0.05000000074505806),(0.49673396348953247,0.05000000074505806)));
#10237=IFCINDEXEDPOLYCURVE(#10236,$,$);
#10238=IFCCARTESIANPOINTLIST2D(((0.02500000037252903,0.090000001713633537),(0.060000000521540642,0.090000001713633537),(0.060000000521540642,0.12500000186264515),(0.02500000037252903,0.12500000186264515)));
#10239=IFCINDEXEDPOLYCURVE(#10238,(IFCLINEINDEX((1,2,3,4,1))),$);
#10240=IFCINDEXEDPOLYCURVE(#10241,(IFCLINEINDEX((1,2,3,4,1))),$);
#10241=IFCCARTESIANPOINTLIST2D(((0.49673396348953247,0.090000001713633537),(0.46173396334052086,0.090000001713633537),(0.46173396334052086,0.12500000186264515),(0.49673396348953247,0.12500000186264515)));
#10242=IFCCARTESIANPOINTLIST2D(((0.060000000521540642,0.090000001713633537),(0.46173396334052086,0.090000001713633537)));
#10243=IFCINDEXEDPOLYCURVE(#10242,$,$);
#10244=IFCINDEXEDPOLYCURVE(#10245,$,$);
#10245=IFCCARTESIANPOINTLIST2D(((0.060000000521540642,0.12500000186264515),(0.46173396334052086,0.12500000186264515)));
#10246=IFCINDEXEDPOLYCURVE(#10247,$,$);
#10247=IFCCARTESIANPOINTLIST2D(((0.060000000521540642,0.10750000178813934),(0.46173396334052086,0.10750000178813934)));
#10248=IFCCARTESIANPOINTLIST2D(((0.5217339638620615,0.05000000074505806),(1.0341559164226055,0.05000000074505806)));
#10249=IFCINDEXEDPOLYCURVE(#10248,$,$);
#10250=IFCCARTESIANPOINTLIST2D(((0.49673396348953247,0.10000000149011612),(0.49673396348953247,0.10000000149011612),(0.49673396348953247,0.090000001713633537),(0.5217339638620615,0.090000001713633537),(0.5217339638620615,0.05000000074505806),(0.49673396348953247,0.05000000074505806)));
#10251=IFCINDEXEDPOLYCURVE(#10250,$,$);
#10252=IFCCARTESIANPOINTLIST2D(((1.0841559171676636,0.10000000149011612),(1.0591559167951345,0.10000000149011612),(1.0591559167951345,0.090000001713633537),(1.0341559164226055,0.090000001713633537),(1.0341559164226055,0.05000000074505806),(1.0841559171676636,0.05000000074505806)));
#10253=IFCINDEXEDPOLYCURVE(#10252,(IFCLINEINDEX((1,2,3,4,5,6,1))),$);
#10254=IFCCARTESIANPOINTLIST2D(((0.49673396348953247,0.090000001713633537),(0.53173396363854408,0.090000001713633537),(0.53173396363854408,0.12500000186264515),(0.49673396348953247,0.12500000186264515)));
#10255=IFCINDEXEDPOLYCURVE(#10254,(IFCLINEINDEX((1,2,3,4,1))),$);
#10256=IFCINDEXEDPOLYCURVE(#10257,(IFCLINEINDEX((1,2,3,4,1))),$);
#10257=IFCCARTESIANPOINTLIST2D(((1.0591559167951345,0.090000001713633537),(1.0241559166461229,0.090000001713633537),(1.0241559166461229,0.12500000186264515),(1.0591559167951345,0.12500000186264515)));
#10258=IFCCARTESIANPOINTLIST2D(((0.53173396363854408,0.090000001713633537),(1.0241559166461229,0.090000001713633537)));
#10259=IFCINDEXEDPOLYCURVE(#10258,$,$);
#10260=IFCINDEXEDPOLYCURVE(#10261,$,$);
#10261=IFCCARTESIANPOINTLIST2D(((0.53173396363854408,0.12500000186264515),(1.0241559166461229,0.12500000186264515)));
#10262=IFCINDEXEDPOLYCURVE(#10263,$,$);
#10263=IFCCARTESIANPOINTLIST2D(((0.53173396363854408,0.10750000178813934),(1.0241559166461229,0.10750000178813934)));
#10264=IFCSHAPEREPRESENTATION(#24,'Body','Curve2D',(#10233,#10235,#10237,#10239,#10240,#10243,#10244,#10246,#10249,#10251,#10253,#10255,#10256,#10259,#10260,#10262));
#10265=IFCCARTESIANPOINTLIST2D(((0.,0.),(1.0841559171676636,0.),(1.0841559171676636,0.89999997615814209),(0.,0.89999997615814209)));
#10266=IFCINDEXEDPOLYCURVE(#10265,(IFCLINEINDEX((1,2,3,4,1))),$);
#10267=IFCARBITRARYCLOSEDPROFILEDEF(.AREA.,$,#10266);
#10268=IFCCARTESIANPOINT((0.,-0.60000002384185791,0.));
#10269=IFCDIRECTION((0.,-1.,0.));
#10270=IFCDIRECTION((1.,0.,0.));
#10271=IFCAXIS2PLACEMENT3D(#10268,#10269,#10270);
#10272=IFCDIRECTION((0.,0.,-1.));
#10273=IFCEXTRUDEDAREASOLID(#10267,#10271,#10272,1.2);
#10274=IFCSHAPEREPRESENTATION(#11,'Body','SweptSolid',(#10273));
#10290=IFCWINDOWTYPE('3l1E6tVFf7l9_NX1FSpyO6',$,'Bedroom 1 - 2F',$,$,(#10291),(#10293,#10301,#10349),$,$,.WINDOW.,.SINGLE_PANEL.,$,$);
#10291=IFCPROPERTYSET('2XgT940ADDWhfHblHQg074',$,'BBIM_Window',$,(#10292));
#10292=IFCPROPERTYSINGLEVALUE('Data',$,IFCTEXT('{"window_type": "SINGLE_PANEL", "overall_height": 0.8999999761581421, "overall_width": 0.8179734945297241, "lining_properties": {"lining_depth": 0.05000000074505806, "lining_thickness": 0.05000000074505806, "lining_offset": 0.05000000074505806, "lining_to_panel_offset_x": 0.02500000037252903, "lining_to_panel_offset_y": 0.02500000037252903}, "panel_properties": {"frame_depth": [0.03500000014901161, 0.03500000014901161, 0.03500000014901161], "frame_thickness": [0.03500000014901161, 0.03500000014901161, 0.03500000014901161]}}'),$);
#10293=IFCREPRESENTATIONMAP(#10294,#10438);
#10294=IFCAXIS2PLACEMENT3D(#10295,#10296,#10297);
#10295=IFCCARTESIANPOINT((0.,0.,0.));
#10296=IFCDIRECTION((0.,0.,1.));
#10297=IFCDIRECTION((1.,0.,0.));
#10301=IFCREPRESENTATIONMAP(#10302,#10481);
#10302=IFCAXIS2PLACEMENT3D(#10303,#10304,#10305);
#10303=IFCCARTESIANPOINT((0.,0.,0.));
#10304=IFCDIRECTION((0.,0.,1.));
#10305=IFCDIRECTION((1.,0.,0.));
#10349=IFCREPRESENTATIONMAP(#10350,#10504);
#10350=IFCAXIS2PLACEMENT3D(#10351,#10352,#10353);
#10351=IFCCARTESIANPOINT((0.,0.,0.));
#10352=IFCDIRECTION((0.,0.,1.));
#10353=IFCDIRECTION((1.,0.,0.));
#10371=IFCWINDOW('1XaeQmCZT8euVvi1rGjSC2',$,'Window',$,$,#11500,#10380,$,0.89999997615814209,0.81797349452972412,$,.SINGLE_PANEL.,$);
#10372=IFCRELDEFINESBYTYPE('0viqTLHoL38vMjVMgtQNed',$,$,$,(#10371),#10290);
#10373=IFCCARTESIANPOINT((0.,0.,0.));
#10374=IFCDIRECTION((1.,0.,0.));
#10375=IFCDIRECTION((0.,1.,0.));
#10376=IFCDIRECTION((0.,0.,1.));
#10377=IFCCARTESIANTRANSFORMATIONOPERATOR3D(#10374,#10375,#10373,1.,#10376);
#10378=IFCMAPPEDITEM(#10293,#10377);
#10379=IFCSHAPEREPRESENTATION(#18,'Profile','MappedRepresentation',(#10378));
#10380=IFCPRODUCTDEFINITIONSHAPE($,$,(#10379,#10387,#10394));
#10381=IFCCARTESIANPOINT((0.,0.,0.));
#10382=IFCDIRECTION((1.,0.,0.));
#10383=IFCDIRECTION((0.,1.,0.));
#10384=IFCDIRECTION((0.,0.,1.));
#10385=IFCCARTESIANTRANSFORMATIONOPERATOR3D(#10382,#10383,#10381,1.,#10384);
#10386=IFCMAPPEDITEM(#10301,#10385);
#10387=IFCSHAPEREPRESENTATION(#11,'Body','MappedRepresentation',(#10386));
#10388=IFCCARTESIANPOINT((0.,0.,0.));
#10389=IFCDIRECTION((1.,0.,0.));
#10390=IFCDIRECTION((0.,1.,0.));
#10391=IFCDIRECTION((0.,0.,1.));
#10392=IFCCARTESIANTRANSFORMATIONOPERATOR3D(#10389,#10390,#10388,1.,#10391);
#10393=IFCMAPPEDITEM(#10349,#10392);
#10394=IFCSHAPEREPRESENTATION(#24,'Body','MappedRepresentation',(#10393));
#10395=IFCOPENINGELEMENT('0ISXqimbrF7OOu8KNSa6mr',$,'Opening',$,$,#10764,#10423,$,.OPENING.);
#10411=IFCCARTESIANPOINT((0.,0.,0.));
#10412=IFCDIRECTION((1.,0.,0.));
#10413=IFCDIRECTION((0.,0.,1.));
#10414=IFCAXIS2PLACEMENT3D(#10411,#10413,#10412);
#10415=IFCREPRESENTATIONMAP(#10414,#10514);
#10416=IFCCARTESIANPOINT((0.,0.,0.));
#10417=IFCDIRECTION((1.,0.,0.));
#10418=IFCDIRECTION((0.,1.,0.));
#10419=IFCDIRECTION((0.,0.,1.));
#10420=IFCCARTESIANTRANSFORMATIONOPERATOR3D(#10417,#10418,#10416,1.,#10419);
#10421=IFCMAPPEDITEM(#10415,#10420);
#10422=IFCSHAPEREPRESENTATION(#11,'Body','MappedRepresentation',(#10421));
#10423=IFCPRODUCTDEFINITIONSHAPE($,$,(#10422));
#10424=IFCRELVOIDSELEMENT('1YE0knFVr0MeMWjW6nesbe',$,$,$,#6156,#10395);
#10430=IFCRELFILLSELEMENT('05pY64zUr8LgUI6v$KwSUd',$,$,$,#10395,#10371);
#10436=IFCCARTESIANPOINTLIST3D(((0.,0.,0.),(0.81797349452972412,0.,0.),(0.81797349452972412,0.,0.89999997615814209),(0.,0.,0.89999997615814209)));
#10437=IFCINDEXEDPOLYCURVE(#10436,(IFCLINEINDEX((1,2,3,4,1))),$);
#10438=IFCSHAPEREPRESENTATION(#18,'Profile','Curve3D',(#10437));
#10439=IFCCARTESIANPOINTLIST2D(((0.,0.),(0.81797349452972412,0.),(0.81797349452972412,0.89999997615814209),(0.,0.89999997615814209)));
#10440=IFCINDEXEDPOLYCURVE(#10439,(IFCLINEINDEX((1,2,3,4,1))),$);
#10441=IFCCARTESIANPOINTLIST2D(((0.02500000037252903,0.02500000037252903),(0.79297349415719509,0.02500000037252903),(0.79297349415719509,0.87499997578561306),(0.02500000037252903,0.87499997578561306)));
#10442=IFCINDEXEDPOLYCURVE(#10441,(IFCLINEINDEX((1,2,3,4,1))),$);
#10443=IFCARBITRARYPROFILEDEFWITHVOIDS(.AREA.,$,#10440,(#10442));
#10444=IFCCARTESIANPOINT((0.,0.090000001713633537,0.));
#10445=IFCDIRECTION((0.,-1.,0.));
#10446=IFCDIRECTION((1.,0.,0.));
#10447=IFCAXIS2PLACEMENT3D(#10444,#10445,#10446);
#10448=IFCDIRECTION((0.,0.,-1.));
#10449=IFCEXTRUDEDAREASOLID(#10443,#10447,#10448,0.0099999997764825821);
#10450=IFCCARTESIANPOINTLIST2D(((0.,0.),(0.81797349452972412,0.),(0.81797349452972412,0.89999997615814209),(0.,0.89999997615814209)));
#10451=IFCINDEXEDPOLYCURVE(#10450,(IFCLINEINDEX((1,2,3,4,1))),$);
#10452=IFCCARTESIANPOINTLIST2D(((0.05000000074505806,0.05000000074505806),(0.76797349378466606,0.05000000074505806),(0.76797349378466606,0.84999997541308403),(0.05000000074505806,0.84999997541308403)));
#10453=IFCINDEXEDPOLYCURVE(#10452,(IFCLINEINDEX((1,2,3,4,1))),$);
#10454=IFCARBITRARYPROFILEDEFWITHVOIDS(.AREA.,$,#10451,(#10453));
#10455=IFCCARTESIANPOINT((0.,0.05000000074505806,0.));
#10456=IFCDIRECTION((0.,-1.,0.));
#10457=IFCDIRECTION((1.,0.,0.));
#10458=IFCAXIS2PLACEMENT3D(#10455,#10456,#10457);
#10459=IFCDIRECTION((0.,0.,-1.));
#10460=IFCEXTRUDEDAREASOLID(#10454,#10458,#10459,0.040000000968575478);
#10461=IFCCARTESIANPOINTLIST2D(((0.,0.),(0.76797349378466606,0.),(0.76797349378466606,0.84999997541308403),(0.,0.84999997541308403)));
#10462=IFCINDEXEDPOLYCURVE(#10461,(IFCLINEINDEX((1,2,3,4,1))),$);
#10463=IFCCARTESIANPOINTLIST2D(((0.035000000149011612,0.035000000149011612),(0.73297349363565445,0.035000000149011612),(0.73297349363565445,0.81499997526407242),(0.035000000149011612,0.81499997526407242)));
#10464=IFCINDEXEDPOLYCURVE(#10463,(IFCLINEINDEX((1,2,3,4,1))),$);
#10465=IFCARBITRARYPROFILEDEFWITHVOIDS(.AREA.,$,#10462,(#10464));
#10466=IFCCARTESIANPOINT((0.02500000037252903,0.090000001713633537,0.02500000037252903));
#10467=IFCDIRECTION((0.,-1.,0.));
#10468=IFCDIRECTION((1.,0.,0.));
#10469=IFCAXIS2PLACEMENT3D(#10466,#10467,#10468);
#10470=IFCDIRECTION((0.,0.,-1.));
#10471=IFCEXTRUDEDAREASOLID(#10465,#10469,#10470,0.035000000149011612);
#10472=IFCINDEXEDPOLYCURVE(#10473,(IFCLINEINDEX((1,2,3,4,1))),$);
#10473=IFCCARTESIANPOINTLIST2D(((0.035000000149011612,0.035000000149011612),(0.73297349363565445,0.035000000149011612),(0.73297349363565445,0.81499997526407242),(0.035000000149011612,0.81499997526407242)));
#10474=IFCARBITRARYCLOSEDPROFILEDEF(.AREA.,$,#10472);
#10475=IFCCARTESIANPOINT((0.02500000037252903,0.10250000178813934,0.02500000037252903));
#10476=IFCDIRECTION((0.,-1.,0.));
#10477=IFCDIRECTION((1.,0.,0.));
#10478=IFCAXIS2PLACEMENT3D(#10475,#10476,#10477);
#10479=IFCDIRECTION((0.,0.,-1.));
#10480=IFCEXTRUDEDAREASOLID(#10474,#10478,#10479,0.01);
#10481=IFCSHAPEREPRESENTATION(#11,'Body','SweptSolid',(#10449,#10460,#10471,#10480));
#10482=IFCSHAPEREPRESENTATION(#11,'Body','SweptSolid',(#10449,#10460));
#10483=IFCSHAPEASPECT((#10482),'Lining',$,.T.,#10380);
#10484=IFCSHAPEREPRESENTATION(#11,'Body','SweptSolid',(#10471));
#10485=IFCSHAPEASPECT((#10484),'Framing',$,.T.,#10380);
#10486=IFCSHAPEREPRESENTATION(#11,'Body','SweptSolid',(#10480));
#10487=IFCSHAPEASPECT((#10486),'Glazing',$,.T.,#10380);
#10488=IFCCARTESIANPOINTLIST2D(((0.05000000074505806,0.05000000074505806),(0.76797349378466606,0.05000000074505806)));
#10489=IFCINDEXEDPOLYCURVE(#10488,$,$);
#10490=IFCCARTESIANPOINTLIST2D(((0.,0.10000000149011612),(0.02500000037252903,0.10000000149011612),(0.02500000037252903,0.090000001713633537),(0.05000000074505806,0.090000001713633537),(0.05000000074505806,0.05000000074505806),(0.,0.05000000074505806)));
#10491=IFCINDEXEDPOLYCURVE(#10490,(IFCLINEINDEX((1,2,3,4,5,6,1))),$);
#10492=IFCCARTESIANPOINTLIST2D(((0.81797349452972412,0.10000000149011612),(0.79297349415719509,0.10000000149011612),(0.79297349415719509,0.090000001713633537),(0.76797349378466606,0.090000001713633537),(0.76797349378466606,0.05000000074505806),(0.81797349452972412,0.05000000074505806)));
#10493=IFCINDEXEDPOLYCURVE(#10492,(IFCLINEINDEX((1,2,3,4,5,6,1))),$);
#10494=IFCCARTESIANPOINTLIST2D(((0.02500000037252903,0.090000001713633537),(0.060000000521540642,0.090000001713633537),(0.060000000521540642,0.12500000186264515),(0.02500000037252903,0.12500000186264515)));
#10495=IFCINDEXEDPOLYCURVE(#10494,(IFCLINEINDEX((1,2,3,4,1))),$);
#10496=IFCINDEXEDPOLYCURVE(#10497,(IFCLINEINDEX((1,2,3,4,1))),$);
#10497=IFCCARTESIANPOINTLIST2D(((0.79297349415719509,0.090000001713633537),(0.75797349400818348,0.090000001713633537),(0.75797349400818348,0.12500000186264515),(0.79297349415719509,0.12500000186264515)));
#10498=IFCCARTESIANPOINTLIST2D(((0.060000000521540642,0.090000001713633537),(0.75797349400818348,0.090000001713633537)));
#10499=IFCINDEXEDPOLYCURVE(#10498,$,$);
#10500=IFCINDEXEDPOLYCURVE(#10501,$,$);
#10501=IFCCARTESIANPOINTLIST2D(((0.060000000521540642,0.12500000186264515),(0.75797349400818348,0.12500000186264515)));
#10502=IFCINDEXEDPOLYCURVE(#10503,$,$);
#10503=IFCCARTESIANPOINTLIST2D(((0.060000000521540642,0.10750000178813934),(0.75797349400818348,0.10750000178813934)));
#10504=IFCSHAPEREPRESENTATION(#24,'Body','Curve2D',(#10489,#10491,#10493,#10495,#10496,#10499,#10500,#10502));
#10505=IFCCARTESIANPOINTLIST2D(((0.,0.),(0.81797349452972412,0.),(0.81797349452972412,0.89999997615814209),(0.,0.89999997615814209)));
#10506=IFCINDEXEDPOLYCURVE(#10505,(IFCLINEINDEX((1,2,3,4,1))),$);
#10507=IFCARBITRARYCLOSEDPROFILEDEF(.AREA.,$,#10506);
#10508=IFCCARTESIANPOINT((0.,-0.60000002384185791,0.));
#10509=IFCDIRECTION((0.,-1.,0.));
#10510=IFCDIRECTION((1.,0.,0.));
#10511=IFCAXIS2PLACEMENT3D(#10508,#10509,#10510);
#10512=IFCDIRECTION((0.,0.,-1.));
#10513=IFCEXTRUDEDAREASOLID(#10507,#10511,#10512,1.2);
#10514=IFCSHAPEREPRESENTATION(#11,'Body','SweptSolid',(#10513));
#10530=IFCWINDOWTYPE('2Vz3o68RD3ChfimFYaUlx7',$,'Masters Bedroom - 2F',$,$,(#10531),(#10533,#10541,#10589),$,$,.WINDOW.,.SINGLE_PANEL.,$,$);
#10531=IFCPROPERTYSET('3hM7w2Vln2G9GDMhkMFaz8',$,'BBIM_Window',$,(#10532));
#10532=IFCPROPERTYSINGLEVALUE('Data',$,IFCTEXT('{"window_type": "SINGLE_PANEL", "overall_height": 0.8999999761581421, "overall_width": 0.8179734945297241, "lining_properties": {"lining_depth": 0.05000000074505806, "lining_thickness": 0.05000000074505806, "lining_offset": 0.05000000074505806, "lining_to_panel_offset_x": 0.02500000037252903, "lining_to_panel_offset_y": 0.02500000037252903}, "panel_properties": {"frame_depth": [0.03500000014901161, 0.03500000014901161, 0.03500000014901161], "frame_thickness": [0.03500000014901161, 0.03500000014901161, 0.03500000014901161]}}'),$);
#10533=IFCREPRESENTATIONMAP(#10534,#10538);
#10534=IFCAXIS2PLACEMENT3D(#10535,#10536,#10537);
#10535=IFCCARTESIANPOINT((0.,0.,0.));
#10536=IFCDIRECTION((0.,0.,1.));
#10537=IFCDIRECTION((1.,0.,0.));
#10538=IFCSHAPEREPRESENTATION(#18,'Profile','Curve3D',(#10539));
#10539=IFCINDEXEDPOLYCURVE(#10540,(IFCLINEINDEX((1,2,3,4,1))),$);
#10540=IFCCARTESIANPOINTLIST3D(((0.,0.,0.),(0.81797349452972412,0.,0.),(0.81797349452972412,0.,0.89999997615814209),(0.,0.,0.89999997615814209)));
#10541=IFCREPRESENTATIONMAP(#10542,#10546);
#10542=IFCAXIS2PLACEMENT3D(#10543,#10544,#10545);
#10543=IFCCARTESIANPOINT((0.,0.,0.));
#10544=IFCDIRECTION((0.,0.,1.));
#10545=IFCDIRECTION((1.,0.,0.));
#10546=IFCSHAPEREPRESENTATION(#11,'Body','SweptSolid',(#10547,#10558,#10569,#10580));
#10547=IFCEXTRUDEDAREASOLID(#10548,#10553,#10557,0.0099999997764825821);
#10548=IFCARBITRARYPROFILEDEFWITHVOIDS(.AREA.,$,#10549,(#10551));
#10549=IFCINDEXEDPOLYCURVE(#10550,(IFCLINEINDEX((1,2,3,4,1))),$);
#10550=IFCCARTESIANPOINTLIST2D(((0.,0.),(0.81797349452972412,0.),(0.81797349452972412,0.89999997615814209),(0.,0.89999997615814209)));
#10551=IFCINDEXEDPOLYCURVE(#10552,(IFCLINEINDEX((1,2,3,4,1))),$);
#10552=IFCCARTESIANPOINTLIST2D(((0.02500000037252903,0.02500000037252903),(0.79297349415719509,0.02500000037252903),(0.79297349415719509,0.87499997578561306),(0.02500000037252903,0.87499997578561306)));
#10553=IFCAXIS2PLACEMENT3D(#10554,#10555,#10556);
#10554=IFCCARTESIANPOINT((0.,0.090000001713633537,0.));
#10555=IFCDIRECTION((0.,-1.,0.));
#10556=IFCDIRECTION((1.,0.,0.));
#10557=IFCDIRECTION((0.,0.,-1.));
#10558=IFCEXTRUDEDAREASOLID(#10559,#10564,#10568,0.040000000968575478);
#10559=IFCARBITRARYPROFILEDEFWITHVOIDS(.AREA.,$,#10560,(#10562));
#10560=IFCINDEXEDPOLYCURVE(#10561,(IFCLINEINDEX((1,2,3,4,1))),$);
#10561=IFCCARTESIANPOINTLIST2D(((0.,0.),(0.81797349452972412,0.),(0.81797349452972412,0.89999997615814209),(0.,0.89999997615814209)));
#10562=IFCINDEXEDPOLYCURVE(#10563,(IFCLINEINDEX((1,2,3,4,1))),$);
#10563=IFCCARTESIANPOINTLIST2D(((0.05000000074505806,0.05000000074505806),(0.76797349378466606,0.05000000074505806),(0.76797349378466606,0.84999997541308403),(0.05000000074505806,0.84999997541308403)));
#10564=IFCAXIS2PLACEMENT3D(#10565,#10566,#10567);
#10565=IFCCARTESIANPOINT((0.,0.05000000074505806,0.));
#10566=IFCDIRECTION((0.,-1.,0.));
#10567=IFCDIRECTION((1.,0.,0.));
#10568=IFCDIRECTION((0.,0.,-1.));
#10569=IFCEXTRUDEDAREASOLID(#10570,#10575,#10579,0.035000000149011612);
#10570=IFCARBITRARYPROFILEDEFWITHVOIDS(.AREA.,$,#10571,(#10573));
#10571=IFCINDEXEDPOLYCURVE(#10572,(IFCLINEINDEX((1,2,3,4,1))),$);
#10572=IFCCARTESIANPOINTLIST2D(((0.,0.),(0.76797349378466606,0.),(0.76797349378466606,0.84999997541308403),(0.,0.84999997541308403)));
#10573=IFCINDEXEDPOLYCURVE(#10574,(IFCLINEINDEX((1,2,3,4,1))),$);
#10574=IFCCARTESIANPOINTLIST2D(((0.035000000149011612,0.035000000149011612),(0.73297349363565445,0.035000000149011612),(0.73297349363565445,0.81499997526407242),(0.035000000149011612,0.81499997526407242)));
#10575=IFCAXIS2PLACEMENT3D(#10576,#10577,#10578);
#10576=IFCCARTESIANPOINT((0.02500000037252903,0.090000001713633537,0.02500000037252903));
#10577=IFCDIRECTION((0.,-1.,0.));
#10578=IFCDIRECTION((1.,0.,0.));
#10579=IFCDIRECTION((0.,0.,-1.));
#10580=IFCEXTRUDEDAREASOLID(#10581,#10584,#10588,0.01);
#10581=IFCARBITRARYCLOSEDPROFILEDEF(.AREA.,$,#10582);
#10582=IFCINDEXEDPOLYCURVE(#10583,(IFCLINEINDEX((1,2,3,4,1))),$);
#10583=IFCCARTESIANPOINTLIST2D(((0.035000000149011612,0.035000000149011612),(0.73297349363565445,0.035000000149011612),(0.73297349363565445,0.81499997526407242),(0.035000000149011612,0.81499997526407242)));
#10584=IFCAXIS2PLACEMENT3D(#10585,#10586,#10587);
#10585=IFCCARTESIANPOINT((0.02500000037252903,0.10250000178813934,0.02500000037252903));
#10586=IFCDIRECTION((0.,-1.,0.));
#10587=IFCDIRECTION((1.,0.,0.));
#10588=IFCDIRECTION((0.,0.,-1.));
#10589=IFCREPRESENTATIONMAP(#10590,#10594);
#10590=IFCAXIS2PLACEMENT3D(#10591,#10592,#10593);
#10591=IFCCARTESIANPOINT((0.,0.,0.));
#10592=IFCDIRECTION((0.,0.,1.));
#10593=IFCDIRECTION((1.,0.,0.));
#10594=IFCSHAPEREPRESENTATION(#24,'Body','Curve2D',(#10595,#10597,#10599,#10601,#10603,#10605,#10607,#10609));
#10595=IFCINDEXEDPOLYCURVE(#10596,$,$);
#10596=IFCCARTESIANPOINTLIST2D(((0.05000000074505806,0.05000000074505806),(0.76797349378466606,0.05000000074505806)));
#10597=IFCINDEXEDPOLYCURVE(#10598,(IFCLINEINDEX((1,2,3,4,5,6,1))),$);
#10598=IFCCARTESIANPOINTLIST2D(((0.,0.10000000149011612),(0.02500000037252903,0.10000000149011612),(0.02500000037252903,0.090000001713633537),(0.05000000074505806,0.090000001713633537),(0.05000000074505806,0.05000000074505806),(0.,0.05000000074505806)));
#10599=IFCINDEXEDPOLYCURVE(#10600,(IFCLINEINDEX((1,2,3,4,5,6,1))),$);
#10600=IFCCARTESIANPOINTLIST2D(((0.81797349452972412,0.10000000149011612),(0.79297349415719509,0.10000000149011612),(0.79297349415719509,0.090000001713633537),(0.76797349378466606,0.090000001713633537),(0.76797349378466606,0.05000000074505806),(0.81797349452972412,0.05000000074505806)));
#10601=IFCINDEXEDPOLYCURVE(#10602,(IFCLINEINDEX((1,2,3,4,1))),$);
#10602=IFCCARTESIANPOINTLIST2D(((0.02500000037252903,0.090000001713633537),(0.060000000521540642,0.090000001713633537),(0.060000000521540642,0.12500000186264515),(0.02500000037252903,0.12500000186264515)));
#10603=IFCINDEXEDPOLYCURVE(#10604,(IFCLINEINDEX((1,2,3,4,1))),$);
#10604=IFCCARTESIANPOINTLIST2D(((0.79297349415719509,0.090000001713633537),(0.75797349400818348,0.090000001713633537),(0.75797349400818348,0.12500000186264515),(0.79297349415719509,0.12500000186264515)));
#10605=IFCINDEXEDPOLYCURVE(#10606,$,$);
#10606=IFCCARTESIANPOINTLIST2D(((0.060000000521540642,0.090000001713633537),(0.75797349400818348,0.090000001713633537)));
#10607=IFCINDEXEDPOLYCURVE(#10608,$,$);
#10608=IFCCARTESIANPOINTLIST2D(((0.060000000521540642,0.12500000186264515),(0.75797349400818348,0.12500000186264515)));
#10609=IFCINDEXEDPOLYCURVE(#10610,$,$);
#10610=IFCCARTESIANPOINTLIST2D(((0.060000000521540642,0.10750000178813934),(0.75797349400818348,0.10750000178813934)));
#10611=IFCWINDOW('3eD3znF7H1ABVLUciV8cpK',$,'Window',$,$,#11505,#10620,$,0.89999997615814209,0.81797349452972412,$,$,$);
#10612=IFCRELDEFINESBYTYPE('2U37as_qn0CRIIMCBefDXE',$,$,$,(#10676,#10611),#10530);
#10613=IFCCARTESIANPOINT((0.,0.,0.));
#10614=IFCDIRECTION((1.,0.,0.));
#10615=IFCDIRECTION((0.,1.,0.));
#10616=IFCDIRECTION((0.,0.,1.));
#10617=IFCCARTESIANTRANSFORMATIONOPERATOR3D(#10614,#10615,#10613,1.,#10616);
#10618=IFCMAPPEDITEM(#10533,#10617);
#10619=IFCSHAPEREPRESENTATION(#18,'Profile','MappedRepresentation',(#10618));
#10620=IFCPRODUCTDEFINITIONSHAPE($,$,(#10619,#10627,#10634));
#10621=IFCCARTESIANPOINT((0.,0.,0.));
#10622=IFCDIRECTION((1.,0.,0.));
#10623=IFCDIRECTION((0.,1.,0.));
#10624=IFCDIRECTION((0.,0.,1.));
#10625=IFCCARTESIANTRANSFORMATIONOPERATOR3D(#10622,#10623,#10621,1.,#10624);
#10626=IFCMAPPEDITEM(#10541,#10625);
#10627=IFCSHAPEREPRESENTATION(#11,'Body','MappedRepresentation',(#10626));
#10628=IFCCARTESIANPOINT((0.,0.,0.));
#10629=IFCDIRECTION((1.,0.,0.));
#10630=IFCDIRECTION((0.,1.,0.));
#10631=IFCDIRECTION((0.,0.,1.));
#10632=IFCCARTESIANTRANSFORMATIONOPERATOR3D(#10629,#10630,#10628,1.,#10631);
#10633=IFCMAPPEDITEM(#10589,#10632);
#10634=IFCSHAPEREPRESENTATION(#24,'Body','MappedRepresentation',(#10633));
#10635=IFCOPENINGELEMENT('23E5Db3Wn3mPws7A3NXZZP',$,'Opening',$,$,#10734,#10663,$,.OPENING.);
#10641=IFCCARTESIANPOINTLIST2D(((0.,0.),(0.81797349452972412,0.),(0.81797349452972412,0.89999997615814209),(0.,0.89999997615814209)));
#10642=IFCINDEXEDPOLYCURVE(#10641,(IFCLINEINDEX((1,2,3,4,1))),$);
#10643=IFCARBITRARYCLOSEDPROFILEDEF(.AREA.,$,#10642);
#10644=IFCCARTESIANPOINT((0.,-0.60000002384185791,0.));
#10645=IFCDIRECTION((0.,-1.,0.));
#10646=IFCDIRECTION((1.,0.,0.));
#10647=IFCAXIS2PLACEMENT3D(#10644,#10645,#10646);
#10648=IFCDIRECTION((0.,0.,-1.));
#10649=IFCEXTRUDEDAREASOLID(#10643,#10647,#10648,1.2);
#10650=IFCSHAPEREPRESENTATION(#11,'Body','SweptSolid',(#10649));
#10651=IFCCARTESIANPOINT((0.,0.,0.));
#10652=IFCDIRECTION((1.,0.,0.));
#10653=IFCDIRECTION((0.,0.,1.));
#10654=IFCAXIS2PLACEMENT3D(#10651,#10653,#10652);
#10655=IFCREPRESENTATIONMAP(#10654,#10650);
#10656=IFCCARTESIANPOINT((0.,0.,0.));
#10657=IFCDIRECTION((1.,0.,0.));
#10658=IFCDIRECTION((0.,1.,0.));
#10659=IFCDIRECTION((0.,0.,1.));
#10660=IFCCARTESIANTRANSFORMATIONOPERATOR3D(#10657,#10658,#10656,1.,#10659);
#10661=IFCMAPPEDITEM(#10655,#10660);
#10662=IFCSHAPEREPRESENTATION(#11,'Body','MappedRepresentation',(#10661));
#10663=IFCPRODUCTDEFINITIONSHAPE($,$,(#10662));
#10664=IFCRELVOIDSELEMENT('3vLbFtDcbEc8P6jY51TBTt',$,$,$,#6156,#10635);
#10670=IFCRELFILLSELEMENT('0djW0ZmHL8mhrv7oXMvnre',$,$,$,#10635,#10611);
#10676=IFCWINDOW('3jKSZIVyjEpBT_ciT6hNPD',$,'Window',$,$,#11510,#10684,$,0.89999997615814209,0.81797349452972412,$,$,$);
#10677=IFCCARTESIANPOINT((0.,0.,0.));
#10678=IFCDIRECTION((1.,0.,0.));
#10679=IFCDIRECTION((0.,1.,0.));
#10680=IFCDIRECTION((0.,0.,1.));
#10681=IFCCARTESIANTRANSFORMATIONOPERATOR3D(#10678,#10679,#10677,1.,#10680);
#10682=IFCMAPPEDITEM(#10533,#10681);
#10683=IFCSHAPEREPRESENTATION(#18,'Profile','MappedRepresentation',(#10682));
#10684=IFCPRODUCTDEFINITIONSHAPE($,$,(#10683,#10691,#10698));
#10685=IFCCARTESIANPOINT((0.,0.,0.));
#10686=IFCDIRECTION((1.,0.,0.));
#10687=IFCDIRECTION((0.,1.,0.));
#10688=IFCDIRECTION((0.,0.,1.));
#10689=IFCCARTESIANTRANSFORMATIONOPERATOR3D(#10686,#10687,#10685,1.,#10688);
#10690=IFCMAPPEDITEM(#10541,#10689);
#10691=IFCSHAPEREPRESENTATION(#11,'Body','MappedRepresentation',(#10690));
#10692=IFCCARTESIANPOINT((0.,0.,0.));
#10693=IFCDIRECTION((1.,0.,0.));
#10694=IFCDIRECTION((0.,1.,0.));
#10695=IFCDIRECTION((0.,0.,1.));
#10696=IFCCARTESIANTRANSFORMATIONOPERATOR3D(#10693,#10694,#10692,1.,#10695);
#10697=IFCMAPPEDITEM(#10589,#10696);
#10698=IFCSHAPEREPRESENTATION(#24,'Body','MappedRepresentation',(#10697));
#10699=IFCOPENINGELEMENT('1$NsfZbJD43e$eX7XjxYfE',$,'Opening',$,$,#10749,#10712,$,.OPENING.);
#10705=IFCCARTESIANPOINT((0.,0.,0.));
#10706=IFCDIRECTION((1.,0.,0.));
#10707=IFCDIRECTION((0.,1.,0.));
#10708=IFCDIRECTION((0.,0.,1.));
#10709=IFCCARTESIANTRANSFORMATIONOPERATOR3D(#10706,#10707,#10705,1.,#10708);
#10710=IFCMAPPEDITEM(#10655,#10709);
#10711=IFCSHAPEREPRESENTATION(#11,'Body','MappedRepresentation',(#10710));
#10712=IFCPRODUCTDEFINITIONSHAPE($,$,(#10711));
#10713=IFCRELVOIDSELEMENT('2g96zQBx5FQu0xeNdVbZpA',$,$,$,#6156,#10699);
#10719=IFCRELFILLSELEMENT('0kjhUbnr95zhdQTiAC78Dc',$,$,$,#10699,#10676);
#10730=IFCCARTESIANPOINT((3.4739455501146841,6.913987853351955E-07,1.));
#10731=IFCDIRECTION((0.,0.,1.));
#10732=IFCDIRECTION((0.99999999999999289,1.1920928244535129E-07,0.));
#10733=IFCAXIS2PLACEMENT3D(#10730,#10731,#10732);
#10734=IFCLOCALPLACEMENT(#6547,#10733);
#10745=IFCCARTESIANPOINT((5.9992491523333404,9.7758082162613391E-07,1.));
#10746=IFCDIRECTION((0.,0.,1.));
#10747=IFCDIRECTION((0.99999999999999289,1.1920928244535129E-07,0.));
#10748=IFCAXIS2PLACEMENT3D(#10745,#10746,#10747);
#10749=IFCLOCALPLACEMENT(#6547,#10748);
#10760=IFCCARTESIANPOINT((1.4250182429857476,3.6925133883869421E-07,1.));
#10761=IFCDIRECTION((0.,0.,1.));
#10762=IFCDIRECTION((0.99999999999999289,1.1920928244535129E-07,0.));
#10763=IFCAXIS2PLACEMENT3D(#10760,#10761,#10762);
#10764=IFCLOCALPLACEMENT(#6547,#10763);
#10775=IFCCARTESIANPOINT((0.56584413349642726,-2.5648932311383987E-07,1.));
#10776=IFCDIRECTION((0.,0.,1.));
#10777=IFCDIRECTION((0.99999999999997158,-2.3841857910149749E-07,0.));
#10778=IFCAXIS2PLACEMENT3D(#10775,#10776,#10777);
#10779=IFCLOCALPLACEMENT(#6142,#10778);
#10785=IFCDOORTYPE('16pNNZLDD8zh6Q$7Q6uT5$',$,'Masters Bedroom Balcony - 2F',$,$,(#10786),(#10788,#10796,#10874),$,$,.DOOR.,.SINGLE_SWING_LEFT.,$,$);
#10786=IFCPROPERTYSET('3I_HPvbsX23ez3a59Y0V1K',$,'BBIM_Door',$,(#10787));
#10787=IFCPROPERTYSINGLEVALUE('Data',$,IFCTEXT('{"door_type": "SINGLE_SWING_LEFT", "overall_height": 2.0, "overall_width": 0.7902012467384338, "lining_properties": {"lining_depth": 0.05000000074505806, "lining_thickness": 0.05000000074505806, "lining_offset": 0.0, "lining_to_panel_offset_x": 0.02500000037252903, "lining_to_panel_offset_y": 0.02500000037252903, "transom_thickness": 0.0, "casing_thickness": 0.07500000298023224, "casing_depth": 0.004999999888241291, "threshold_thickness": 0.02500000037252903, "threshold_depth": 0.10000000149011612, "threshold_offset": 0.0}, "panel_properties": {"panel_depth": 0.03500000014901161, "panel_width_ratio": 1.0}}'),$);
#10788=IFCREPRESENTATIONMAP(#10789,#10793);
#10789=IFCAXIS2PLACEMENT3D(#10790,#10791,#10792);
#10790=IFCCARTESIANPOINT((0.,0.,0.));
#10791=IFCDIRECTION((0.,0.,1.));
#10792=IFCDIRECTION((1.,0.,0.));
#10793=IFCSHAPEREPRESENTATION(#18,'Profile','Curve3D',(#10794));
#10794=IFCINDEXEDPOLYCURVE(#10795,(IFCLINEINDEX((1,2,3,4,1))),$);
#10795=IFCCARTESIANPOINTLIST3D(((0.,0.,0.),(0.79020124673843384,0.,0.),(0.79020124673843384,0.,2.),(0.,0.,2.)));
#10796=IFCREPRESENTATIONMAP(#10797,#10801);
#10797=IFCAXIS2PLACEMENT3D(#10798,#10799,#10800);
#10798=IFCCARTESIANPOINT((0.,0.,0.));
#10799=IFCDIRECTION((0.,0.,1.));
#10800=IFCDIRECTION((1.,0.,0.));
#10801=IFCSHAPEREPRESENTATION(#11,'Body','SweptSolid',(#10802,#10811,#10820,#10829,#10838,#10847,#10856,#10865));
#10802=IFCEXTRUDEDAREASOLID(#10803,#10806,#10810,0.02500000037252903);
#10803=IFCARBITRARYCLOSEDPROFILEDEF(.AREA.,$,#10804);
#10804=IFCINDEXEDPOLYCURVE(#10805,(IFCLINEINDEX((1,2,3,4,5,6,7,8,1))),$);
#10805=IFCCARTESIANPOINTLIST2D(((0.,0.),(0.,2.),(0.79020124673843384,2.),(0.79020124673843384,0.),(0.76520124636590481,0.),(0.76520124636590481,1.974999999627471),(0.02500000037252903,1.974999999627471),(0.02500000037252903,0.)));
#10806=IFCAXIS2PLACEMENT3D(#10807,#10808,#10809);
#10807=IFCCARTESIANPOINT((0.,0.02500000037252903,0.));
#10808=IFCDIRECTION((0.,-1.,0.));
#10809=IFCDIRECTION((1.,0.,0.));
#10810=IFCDIRECTION((0.,0.,-1.));
#10811=IFCEXTRUDEDAREASOLID(#10812,#10815,#10819,0.02500000037252903);
#10812=IFCARBITRARYCLOSEDPROFILEDEF(.AREA.,$,#10813);
#10813=IFCINDEXEDPOLYCURVE(#10814,(IFCLINEINDEX((1,2,3,4,5,6,7,8,1))),$);
#10814=IFCCARTESIANPOINTLIST2D(((0.,0.),(0.,2.),(0.79020124673843384,2.),(0.79020124673843384,0.),(0.74020124599337578,0.),(0.74020124599337578,1.9499999992549419),(0.05000000074505806,1.9499999992549419),(0.05000000074505806,0.)));
#10815=IFCAXIS2PLACEMENT3D(#10816,#10817,#10818);
#10816=IFCCARTESIANPOINT((0.,0.,0.));
#10817=IFCDIRECTION((0.,-1.,0.));
#10818=IFCDIRECTION((1.,0.,0.));
#10819=IFCDIRECTION((0.,0.,-1.));
#10820=IFCEXTRUDEDAREASOLID(#10821,#10824,#10828,1.9499999992549419);
#10821=IFCARBITRARYCLOSEDPROFILEDEF(.AREA.,$,#10822);
#10822=IFCINDEXEDPOLYCURVE(#10823,(IFCLINEINDEX((1,2,3,4,1))),$);
#10823=IFCCARTESIANPOINTLIST2D(((0.,0.),(0.74020124599337578,0.),(0.74020124599337578,0.035000000149011612),(0.,0.035000000149011612)));
#10824=IFCAXIS2PLACEMENT3D(#10825,#10826,#10827);
#10825=IFCCARTESIANPOINT((0.02500000037252903,0.02500000037252903,0.02500000037252903));
#10826=IFCDIRECTION((0.,0.,1.));
#10827=IFCDIRECTION((1.,0.,0.));
#10828=IFCDIRECTION((0.,0.,1.));
#10829=IFCEXTRUDEDAREASOLID(#10830,#10833,#10837,0.02);
#10830=IFCARBITRARYCLOSEDPROFILEDEF(.AREA.,$,#10831);
#10831=IFCINDEXEDPOLYCURVE(#10832,(IFCLINEINDEX((1,2,3,4,5,6,1))),$);
#10832=IFCCARTESIANPOINTLIST2D(((0.,0.),(0.,-0.040000000000000001),(-0.11999999999999988,-0.040000000000000001),(-0.11999999999999988,-0.02),(-0.020000000000000018,-0.02),(-0.020000000000000018,0.)));
#10833=IFCAXIS2PLACEMENT3D(#10834,#10835,#10836);
#10834=IFCCARTESIANPOINT((0.71520124636590476,0.02500000037252903,1.015000000372529));
#10835=IFCDIRECTION((0.,0.,1.));
#10836=IFCDIRECTION((1.,0.,0.));
#10837=IFCDIRECTION((0.,0.,1.));
#10838=IFCEXTRUDEDAREASOLID(#10839,#10842,#10846,0.02);
#10839=IFCARBITRARYCLOSEDPROFILEDEF(.AREA.,$,#10840);
#10840=IFCINDEXEDPOLYCURVE(#10841,(IFCLINEINDEX((1,2,3,4,5,6,1))),$);
#10841=IFCCARTESIANPOINTLIST2D(((0.,0.),(0.,0.040000000000000008),(-0.11999999999999988,0.040000000000000008),(-0.11999999999999988,0.020000000000000004),(-0.020000000000000018,0.020000000000000004),(-0.020000000000000018,0.)));
#10842=IFCAXIS2PLACEMENT3D(#10843,#10844,#10845);
#10843=IFCCARTESIANPOINT((0.71520124636590476,0.060000000521540642,1.015000000372529));
#10844=IFCDIRECTION((0.,0.,1.));
#10845=IFCDIRECTION((1.,0.,0.));
#10846=IFCDIRECTION((0.,0.,1.));
#10847=IFCEXTRUDEDAREASOLID(#10848,#10851,#10855,0.02500000037252903);
#10848=IFCARBITRARYCLOSEDPROFILEDEF(.AREA.,$,#10849);
#10849=IFCINDEXEDPOLYCURVE(#10850,(IFCLINEINDEX((1,2,3,4,1))),$);
#10850=IFCCARTESIANPOINTLIST2D(((0.,0.),(0.69020124524831772,0.),(0.69020124524831772,0.10000000149011612),(0.,0.10000000149011612)));
#10851=IFCAXIS2PLACEMENT3D(#10852,#10853,#10854);
#10852=IFCCARTESIANPOINT((0.05000000074505806,0.,0.));
#10853=IFCDIRECTION((0.,0.,1.));
#10854=IFCDIRECTION((1.,0.,0.));
#10855=IFCDIRECTION((0.,0.,1.));
#10856=IFCEXTRUDEDAREASOLID(#10857,#10860,#10864,0.004999999888241291);
#10857=IFCARBITRARYCLOSEDPROFILEDEF(.AREA.,$,#10858);
#10858=IFCINDEXEDPOLYCURVE(#10859,(IFCLINEINDEX((1,2,3,4,5,6,7,8,1))),$);
#10859=IFCCARTESIANPOINTLIST2D(((0.,0.),(0.,2.0250000022351742),(0.8402012512087822,2.0250000022351742),(0.8402012512087822,0.),(0.76520124822854996,0.),(0.76520124822854996,1.9499999992549419),(0.075000002980232239,1.9499999992549419),(0.075000002980232239,0.)));
#10860=IFCAXIS2PLACEMENT3D(#10861,#10862,#10863);
#10861=IFCCARTESIANPOINT((-0.025000002235174179,-0.004999999888241291,0.));
#10862=IFCDIRECTION((0.,-1.,0.));
#10863=IFCDIRECTION((1.,0.,0.));
#10864=IFCDIRECTION((0.,0.,-1.));
#10865=IFCEXTRUDEDAREASOLID(#10866,#10869,#10873,0.004999999888241291);
#10866=IFCARBITRARYCLOSEDPROFILEDEF(.AREA.,$,#10867);
#10867=IFCINDEXEDPOLYCURVE(#10868,(IFCLINEINDEX((1,2,3,4,5,6,7,8,1))),$);
#10868=IFCCARTESIANPOINTLIST2D(((0.,0.),(0.,2.0250000022351742),(0.8402012512087822,2.0250000022351742),(0.8402012512087822,0.),(0.79020124860107899,0.),(0.79020124860107899,1.974999999627471),(0.050000002607703209,1.974999999627471),(0.050000002607703209,0.)));
#10869=IFCAXIS2PLACEMENT3D(#10870,#10871,#10872);
#10870=IFCCARTESIANPOINT((-0.025000002235174179,0.05000000074505806,0.));
#10871=IFCDIRECTION((0.,-1.,0.));
#10872=IFCDIRECTION((1.,0.,0.));
#10873=IFCDIRECTION((0.,0.,-1.));
#10874=IFCREPRESENTATIONMAP(#10875,#10879);
#10875=IFCAXIS2PLACEMENT3D(#10876,#10877,#10878);
#10876=IFCCARTESIANPOINT((0.,0.,0.));
#10877=IFCDIRECTION((0.,0.,1.));
#10878=IFCDIRECTION((1.,0.,0.));
#10879=IFCSHAPEREPRESENTATION(#24,'Body','Curve2D',(#10880,#10882,#10884,#10891));
#10880=IFCINDEXEDPOLYCURVE(#10881,(IFCLINEINDEX((1,2,3,4,5,6,1))),$);
#10881=IFCCARTESIANPOINTLIST2D(((0.,0.),(0.,0.05000000074505806),(0.02500000037252903,0.05000000074505806),(0.02500000037252903,0.02500000037252903),(0.05000000074505806,0.02500000037252903),(0.05000000074505806,0.)));
#10882=IFCINDEXEDPOLYCURVE(#10883,(IFCLINEINDEX((1,2,3,4,5,6,1))),$);
#10883=IFCCARTESIANPOINTLIST2D(((0.79020124673843384,0.),(0.79020124673843384,0.05000000074505806),(0.76520124636590481,0.05000000074505806),(0.76520124636590481,0.02500000037252903),(0.74020124599337578,0.02500000037252903),(0.74020124599337578,0.)));
#10884=IFCTRIMMEDCURVE(#10885,(#10889),(#10890),.T.,.CARTESIAN.);
#10885=IFCELLIPSE(#10886,0.70520124584436417,0.74020124599337578);
#10886=IFCAXIS2PLACEMENT2D(#10887,#10888);
#10887=IFCCARTESIANPOINT((0.060000000521540642,0.05000000074505806));
#10888=IFCDIRECTION((1.,0.));
#10889=IFCCARTESIANPOINT((0.76520124636590481,0.05000000074505806));
#10890=IFCCARTESIANPOINT((0.060000000521540642,0.79020124673843384));
#10891=IFCINDEXEDPOLYCURVE(#10892,(IFCLINEINDEX((1,2,3,4,1))),$);
#10892=IFCCARTESIANPOINTLIST2D(((0.02500000037252903,0.05000000074505806),(0.060000000521540642,0.05000000074505806),(0.060000000521540642,0.79020124673843384),(0.02500000037252903,0.79020124673843384)));
#10958=IFCWINDOWTYPE('1nhPcMSSfECA38rq4Xl_lh',$,'Bedroom 2 -2F',$,$,(#10959),(#10961,#10969,#11055),$,$,.WINDOW.,.SINGLE_PANEL.,$,$);
#10959=IFCPROPERTYSET('2KmycIKMX1_f8tOzqYuM4Z',$,'BBIM_Window',$,(#10960));
#10960=IFCPROPERTYSINGLEVALUE('Data',$,IFCTEXT('{"window_type": "DOUBLE_PANEL_VERTICAL", "overall_height": 0.8999999761581421, "overall_width": 1.0841559171676636, "lining_properties": {"lining_depth": 0.05000000074505806, "lining_thickness": 0.05000000074505806, "lining_offset": 0.05000000074505806, "lining_to_panel_offset_x": 0.02500000037252903, "lining_to_panel_offset_y": 0.02500000037252903, "mullion_thickness": 0.05000000074505806, "first_mullion_offset": 0.49673396348953247}, "panel_properties": {"frame_depth": [0.03500000014901161, 0.03500000014901161, 0.03500000014901161], "frame_thickness": [0.03500000014901161, 0.03500000014901161, 0.03500000014901161]}}'),$);
#10961=IFCREPRESENTATIONMAP(#10962,#11175);
#10962=IFCAXIS2PLACEMENT3D(#10963,#10964,#10965);
#10963=IFCCARTESIANPOINT((0.,0.,0.));
#10964=IFCDIRECTION((0.,0.,1.));
#10965=IFCDIRECTION((1.,0.,0.));
#10969=IFCREPRESENTATIONMAP(#10970,#11256);
#10970=IFCAXIS2PLACEMENT3D(#10971,#10972,#10973);
#10971=IFCCARTESIANPOINT((0.,0.,0.));
#10972=IFCDIRECTION((0.,0.,1.));
#10973=IFCDIRECTION((1.,0.,0.));
#11055=IFCREPRESENTATIONMAP(#11056,#11295);
#11056=IFCAXIS2PLACEMENT3D(#11057,#11058,#11059);
#11057=IFCCARTESIANPOINT((0.,0.,0.));
#11058=IFCDIRECTION((0.,0.,1.));
#11059=IFCDIRECTION((1.,0.,0.));
#11093=IFCWINDOW('3FCoQy$t19hRT2GQgSBK9l',$,'Window',$,$,#11320,#11102,$,0.89999997615814209,1.0841559171676636,$,.DOUBLE_PANEL_VERTICAL.,$);
#11094=IFCRELDEFINESBYTYPE('1iDX3SRuT4OuiHh9siqTmy',$,$,$,(#11093),#10958);
#11095=IFCCARTESIANPOINT((0.,0.,0.));
#11096=IFCDIRECTION((1.,0.,0.));
#11097=IFCDIRECTION((0.,1.,0.));
#11098=IFCDIRECTION((0.,0.,1.));
#11099=IFCCARTESIANTRANSFORMATIONOPERATOR3D(#11096,#11097,#11095,1.,#11098);
#11100=IFCMAPPEDITEM(#10961,#11099);
#11101=IFCSHAPEREPRESENTATION(#18,'Profile','MappedRepresentation',(#11100));
#11102=IFCPRODUCTDEFINITIONSHAPE($,$,(#11101,#11109,#11116));
#11103=IFCCARTESIANPOINT((0.,0.,0.));
#11104=IFCDIRECTION((1.,0.,0.));
#11105=IFCDIRECTION((0.,1.,0.));
#11106=IFCDIRECTION((0.,0.,1.));
#11107=IFCCARTESIANTRANSFORMATIONOPERATOR3D(#11104,#11105,#11103,1.,#11106);
#11108=IFCMAPPEDITEM(#10969,#11107);
#11109=IFCSHAPEREPRESENTATION(#11,'Body','MappedRepresentation',(#11108));
#11110=IFCCARTESIANPOINT((0.,0.,0.));
#11111=IFCDIRECTION((1.,0.,0.));
#11112=IFCDIRECTION((0.,1.,0.));
#11113=IFCDIRECTION((0.,0.,1.));
#11114=IFCCARTESIANTRANSFORMATIONOPERATOR3D(#11111,#11112,#11110,1.,#11113);
#11115=IFCMAPPEDITEM(#11055,#11114);
#11116=IFCSHAPEREPRESENTATION(#24,'Body','MappedRepresentation',(#11115));
#11117=IFCOPENINGELEMENT('2LBBLy7XH1yejYvrTC2U8n',$,'Opening',$,$,#11315,#11145,$,.OPENING.);
#11133=IFCCARTESIANPOINT((0.,0.,0.));
#11134=IFCDIRECTION((1.,0.,0.));
#11135=IFCDIRECTION((0.,0.,1.));
#11136=IFCAXIS2PLACEMENT3D(#11133,#11135,#11134);
#11137=IFCREPRESENTATIONMAP(#11136,#11305);
#11138=IFCCARTESIANPOINT((0.,0.,0.));
#11139=IFCDIRECTION((1.,0.,0.));
#11140=IFCDIRECTION((0.,1.,0.));
#11141=IFCDIRECTION((0.,0.,1.));
#11142=IFCCARTESIANTRANSFORMATIONOPERATOR3D(#11139,#11140,#11138,1.,#11141);
#11143=IFCMAPPEDITEM(#11137,#11142);
#11144=IFCSHAPEREPRESENTATION(#11,'Body','MappedRepresentation',(#11143));
#11145=IFCPRODUCTDEFINITIONSHAPE($,$,(#11144));
#11146=IFCRELVOIDSELEMENT('1P6W3myUHFAwUFSVr87c1N',$,$,$,#6031,#11117);
#11152=IFCRELFILLSELEMENT('3lFHfjV_j9VREPFZJEgBeD',$,$,$,#11117,#11093);
#11173=IFCCARTESIANPOINTLIST3D(((0.,0.,0.),(1.0841559171676636,0.,0.),(1.0841559171676636,0.,0.89999997615814209),(0.,0.,0.89999997615814209)));
#11174=IFCINDEXEDPOLYCURVE(#11173,(IFCLINEINDEX((1,2,3,4,1))),$);
#11175=IFCSHAPEREPRESENTATION(#18,'Profile','Curve3D',(#11174));
#11176=IFCCARTESIANPOINTLIST2D(((0.49673396348953247,0.),(0.,0.),(0.,0.89999997615814209),(0.49673396348953247,0.89999997615814209),(0.49673396348953247,0.87499997578561306),(0.02500000037252903,0.87499997578561306),(0.02500000037252903,0.02500000037252903),(0.49673396348953247,0.02500000037252903)));
#11177=IFCINDEXEDPOLYCURVE(#11176,(IFCLINEINDEX((1,2,3,4,5,6,7,8,1))),$);
#11178=IFCARBITRARYCLOSEDPROFILEDEF(.AREA.,$,#11177);
#11179=IFCCARTESIANPOINT((0.,0.090000001713633537,0.));
#11180=IFCDIRECTION((0.,-1.,0.));
#11181=IFCDIRECTION((1.,0.,0.));
#11182=IFCAXIS2PLACEMENT3D(#11179,#11180,#11181);
#11183=IFCDIRECTION((0.,0.,-1.));
#11184=IFCEXTRUDEDAREASOLID(#11178,#11182,#11183,0.0099999997764825821);
#11185=IFCCARTESIANPOINTLIST2D(((0.,0.),(0.49673396348953247,0.),(0.49673396348953247,0.89999997615814209),(0.,0.89999997615814209)));
#11186=IFCINDEXEDPOLYCURVE(#11185,(IFCLINEINDEX((1,2,3,4,1))),$);
#11187=IFCCARTESIANPOINTLIST2D(((0.05000000074505806,0.05000000074505806),(0.47173396311700344,0.05000000074505806),(0.47173396311700344,0.84999997541308403),(0.05000000074505806,0.84999997541308403)));
#11188=IFCINDEXEDPOLYCURVE(#11187,(IFCLINEINDEX((1,2,3,4,1))),$);
#11189=IFCARBITRARYPROFILEDEFWITHVOIDS(.AREA.,$,#11186,(#11188));
#11190=IFCCARTESIANPOINT((0.,0.05000000074505806,0.));
#11191=IFCDIRECTION((0.,-1.,0.));
#11192=IFCDIRECTION((1.,0.,0.));
#11193=IFCAXIS2PLACEMENT3D(#11190,#11191,#11192);
#11194=IFCDIRECTION((0.,0.,-1.));
#11195=IFCEXTRUDEDAREASOLID(#11189,#11193,#11194,0.040000000968575478);
#11196=IFCCARTESIANPOINTLIST2D(((0.,0.),(0.47173396311700344,0.),(0.47173396311700344,0.84999997541308403),(0.,0.84999997541308403)));
#11197=IFCINDEXEDPOLYCURVE(#11196,(IFCLINEINDEX((1,2,3,4,1))),$);
#11198=IFCCARTESIANPOINTLIST2D(((0.035000000149011612,0.035000000149011612),(0.43673396296799183,0.035000000149011612),(0.43673396296799183,0.81499997526407242),(0.035000000149011612,0.81499997526407242)));
#11199=IFCINDEXEDPOLYCURVE(#11198,(IFCLINEINDEX((1,2,3,4,1))),$);
#11200=IFCARBITRARYPROFILEDEFWITHVOIDS(.AREA.,$,#11197,(#11199));
#11201=IFCCARTESIANPOINT((0.02500000037252903,0.090000001713633537,0.02500000037252903));
#11202=IFCDIRECTION((0.,-1.,0.));
#11203=IFCDIRECTION((1.,0.,0.));
#11204=IFCAXIS2PLACEMENT3D(#11201,#11202,#11203);
#11205=IFCDIRECTION((0.,0.,-1.));
#11206=IFCEXTRUDEDAREASOLID(#11200,#11204,#11205,0.035000000149011612);
#11207=IFCINDEXEDPOLYCURVE(#11208,(IFCLINEINDEX((1,2,3,4,1))),$);
#11208=IFCCARTESIANPOINTLIST2D(((0.035000000149011612,0.035000000149011612),(0.43673396296799183,0.035000000149011612),(0.43673396296799183,0.81499997526407242),(0.035000000149011612,0.81499997526407242)));
#11209=IFCARBITRARYCLOSEDPROFILEDEF(.AREA.,$,#11207);
#11210=IFCCARTESIANPOINT((0.02500000037252903,0.10250000178813934,0.02500000037252903));
#11211=IFCDIRECTION((0.,-1.,0.));
#11212=IFCDIRECTION((1.,0.,0.));
#11213=IFCAXIS2PLACEMENT3D(#11210,#11211,#11212);
#11214=IFCDIRECTION((0.,0.,-1.));
#11215=IFCEXTRUDEDAREASOLID(#11209,#11213,#11214,0.01);
#11216=IFCCARTESIANPOINTLIST2D(((0.,0.89999997615814209),(0.5874219536781311,0.89999997615814209),(0.5874219536781311,0.),(0.,0.),(0.,0.02500000037252903),(0.56242195330560207,0.02500000037252903),(0.56242195330560207,0.87499997578561306),(0.,0.87499997578561306)));
#11217=IFCINDEXEDPOLYCURVE(#11216,(IFCLINEINDEX((1,2,3,4,5,6,7,8,1))),$);
#11218=IFCARBITRARYCLOSEDPROFILEDEF(.AREA.,$,#11217);
#11219=IFCCARTESIANPOINT((0.49673396348953247,0.090000001713633537,0.));
#11220=IFCDIRECTION((0.,-1.,0.));
#11221=IFCDIRECTION((1.,0.,0.));
#11222=IFCAXIS2PLACEMENT3D(#11219,#11220,#11221);
#11223=IFCDIRECTION((0.,0.,-1.));
#11224=IFCEXTRUDEDAREASOLID(#11218,#11222,#11223,0.0099999997764825821);
#11225=IFCCARTESIANPOINTLIST2D(((0.,0.),(0.5874219536781311,0.),(0.5874219536781311,0.89999997615814209),(0.,0.89999997615814209)));
#11226=IFCINDEXEDPOLYCURVE(#11225,(IFCLINEINDEX((1,2,3,4,1))),$);
#11227=IFCCARTESIANPOINTLIST2D(((0.02500000037252903,0.05000000074505806),(0.53742195293307304,0.05000000074505806),(0.53742195293307304,0.84999997541308403),(0.02500000037252903,0.84999997541308403)));
#11228=IFCINDEXEDPOLYCURVE(#11227,(IFCLINEINDEX((1,2,3,4,1))),$);
#11229=IFCARBITRARYPROFILEDEFWITHVOIDS(.AREA.,$,#11226,(#11228));
#11230=IFCCARTESIANPOINT((0.49673396348953247,0.05000000074505806,0.));
#11231=IFCDIRECTION((0.,-1.,0.));
#11232=IFCDIRECTION((1.,0.,0.));
#11233=IFCAXIS2PLACEMENT3D(#11230,#11231,#11232);
#11234=IFCDIRECTION((0.,0.,-1.));
#11235=IFCEXTRUDEDAREASOLID(#11229,#11233,#11234,0.040000000968575478);
#11236=IFCCARTESIANPOINTLIST2D(((0.,0.),(0.56242195330560207,0.),(0.56242195330560207,0.84999997541308403),(0.,0.84999997541308403)));
#11237=IFCINDEXEDPOLYCURVE(#11236,(IFCLINEINDEX((1,2,3,4,1))),$);
#11238=IFCCARTESIANPOINTLIST2D(((0.035000000149011612,0.035000000149011612),(0.52742195315659046,0.035000000149011612),(0.52742195315659046,0.81499997526407242),(0.035000000149011612,0.81499997526407242)));
#11239=IFCINDEXEDPOLYCURVE(#11238,(IFCLINEINDEX((1,2,3,4,1))),$);
#11240=IFCARBITRARYPROFILEDEFWITHVOIDS(.AREA.,$,#11237,(#11239));
#11241=IFCCARTESIANPOINT((0.49673396348953247,0.090000001713633537,0.02500000037252903));
#11242=IFCDIRECTION((0.,-1.,0.));
#11243=IFCDIRECTION((1.,0.,0.));
#11244=IFCAXIS2PLACEMENT3D(#11241,#11242,#11243);
#11245=IFCDIRECTION((0.,0.,-1.));
#11246=IFCEXTRUDEDAREASOLID(#11240,#11244,#11245,0.035000000149011612);
#11247=IFCINDEXEDPOLYCURVE(#11248,(IFCLINEINDEX((1,2,3,4,1))),$);
#11248=IFCCARTESIANPOINTLIST2D(((0.035000000149011612,0.035000000149011612),(0.52742195315659046,0.035000000149011612),(0.52742195315659046,0.81499997526407242),(0.035000000149011612,0.81499997526407242)));
#11249=IFCARBITRARYCLOSEDPROFILEDEF(.AREA.,$,#11247);
#11250=IFCCARTESIANPOINT((0.49673396348953247,0.10250000178813934,0.02500000037252903));
#11251=IFCDIRECTION((0.,-1.,0.));
#11252=IFCDIRECTION((1.,0.,0.));
#11253=IFCAXIS2PLACEMENT3D(#11250,#11251,#11252);
#11254=IFCDIRECTION((0.,0.,-1.));
#11255=IFCEXTRUDEDAREASOLID(#11249,#11253,#11254,0.01);
#11256=IFCSHAPEREPRESENTATION(#11,'Body','SweptSolid',(#11184,#11195,#11206,#11215,#11224,#11235,#11246,#11255));
#11257=IFCSHAPEREPRESENTATION(#11,'Body','SweptSolid',(#11184,#11195,#11224,#11235));
#11258=IFCSHAPEASPECT((#11257),'Lining',$,.T.,#11102);
#11259=IFCSHAPEREPRESENTATION(#11,'Body','SweptSolid',(#11206,#11246));
#11260=IFCSHAPEASPECT((#11259),'Framing',$,.T.,#11102);
#11261=IFCSHAPEREPRESENTATION(#11,'Body','SweptSolid',(#11215,#11255));
#11262=IFCSHAPEASPECT((#11261),'Glazing',$,.T.,#11102);
#11263=IFCCARTESIANPOINTLIST2D(((0.05000000074505806,0.05000000074505806),(0.47173396311700344,0.05000000074505806)));
#11264=IFCINDEXEDPOLYCURVE(#11263,$,$);
#11265=IFCCARTESIANPOINTLIST2D(((0.,0.10000000149011612),(0.02500000037252903,0.10000000149011612),(0.02500000037252903,0.090000001713633537),(0.05000000074505806,0.090000001713633537),(0.05000000074505806,0.05000000074505806),(0.,0.05000000074505806)));
#11266=IFCINDEXEDPOLYCURVE(#11265,(IFCLINEINDEX((1,2,3,4,5,6,1))),$);
#11267=IFCCARTESIANPOINTLIST2D(((0.49673396348953247,0.10000000149011612),(0.49673396348953247,0.10000000149011612),(0.49673396348953247,0.090000001713633537),(0.47173396311700344,0.090000001713633537),(0.47173396311700344,0.05000000074505806),(0.49673396348953247,0.05000000074505806)));
#11268=IFCINDEXEDPOLYCURVE(#11267,$,$);
#11269=IFCCARTESIANPOINTLIST2D(((0.02500000037252903,0.090000001713633537),(0.060000000521540642,0.090000001713633537),(0.060000000521540642,0.12500000186264515),(0.02500000037252903,0.12500000186264515)));
#11270=IFCINDEXEDPOLYCURVE(#11269,(IFCLINEINDEX((1,2,3,4,1))),$);
#11271=IFCINDEXEDPOLYCURVE(#11272,(IFCLINEINDEX((1,2,3,4,1))),$);
#11272=IFCCARTESIANPOINTLIST2D(((0.49673396348953247,0.090000001713633537),(0.46173396334052086,0.090000001713633537),(0.46173396334052086,0.12500000186264515),(0.49673396348953247,0.12500000186264515)));
#11273=IFCCARTESIANPOINTLIST2D(((0.060000000521540642,0.090000001713633537),(0.46173396334052086,0.090000001713633537)));
#11274=IFCINDEXEDPOLYCURVE(#11273,$,$);
#11275=IFCINDEXEDPOLYCURVE(#11276,$,$);
#11276=IFCCARTESIANPOINTLIST2D(((0.060000000521540642,0.12500000186264515),(0.46173396334052086,0.12500000186264515)));
#11277=IFCINDEXEDPOLYCURVE(#11278,$,$);
#11278=IFCCARTESIANPOINTLIST2D(((0.060000000521540642,0.10750000178813934),(0.46173396334052086,0.10750000178813934)));
#11279=IFCCARTESIANPOINTLIST2D(((0.5217339638620615,0.05000000074505806),(1.0341559164226055,0.05000000074505806)));
#11280=IFCINDEXEDPOLYCURVE(#11279,$,$);
#11281=IFCCARTESIANPOINTLIST2D(((0.49673396348953247,0.10000000149011612),(0.49673396348953247,0.10000000149011612),(0.49673396348953247,0.090000001713633537),(0.5217339638620615,0.090000001713633537),(0.5217339638620615,0.05000000074505806),(0.49673396348953247,0.05000000074505806)));
#11282=IFCINDEXEDPOLYCURVE(#11281,$,$);
#11283=IFCCARTESIANPOINTLIST2D(((1.0841559171676636,0.10000000149011612),(1.0591559167951345,0.10000000149011612),(1.0591559167951345,0.090000001713633537),(1.0341559164226055,0.090000001713633537),(1.0341559164226055,0.05000000074505806),(1.0841559171676636,0.05000000074505806)));
#11284=IFCINDEXEDPOLYCURVE(#11283,(IFCLINEINDEX((1,2,3,4,5,6,1))),$);
#11285=IFCCARTESIANPOINTLIST2D(((0.49673396348953247,0.090000001713633537),(0.53173396363854408,0.090000001713633537),(0.53173396363854408,0.12500000186264515),(0.49673396348953247,0.12500000186264515)));
#11286=IFCINDEXEDPOLYCURVE(#11285,(IFCLINEINDEX((1,2,3,4,1))),$);
#11287=IFCINDEXEDPOLYCURVE(#11288,(IFCLINEINDEX((1,2,3,4,1))),$);
#11288=IFCCARTESIANPOINTLIST2D(((1.0591559167951345,0.090000001713633537),(1.0241559166461229,0.090000001713633537),(1.0241559166461229,0.12500000186264515),(1.0591559167951345,0.12500000186264515)));
#11289=IFCCARTESIANPOINTLIST2D(((0.53173396363854408,0.090000001713633537),(1.0241559166461229,0.090000001713633537)));
#11290=IFCINDEXEDPOLYCURVE(#11289,$,$);
#11291=IFCINDEXEDPOLYCURVE(#11292,$,$);
#11292=IFCCARTESIANPOINTLIST2D(((0.53173396363854408,0.12500000186264515),(1.0241559166461229,0.12500000186264515)));
#11293=IFCINDEXEDPOLYCURVE(#11294,$,$);
#11294=IFCCARTESIANPOINTLIST2D(((0.53173396363854408,0.10750000178813934),(1.0241559166461229,0.10750000178813934)));
#11295=IFCSHAPEREPRESENTATION(#24,'Body','Curve2D',(#11264,#11266,#11268,#11270,#11271,#11274,#11275,#11277,#11280,#11282,#11284,#11286,#11287,#11290,#11291,#11293));
#11296=IFCCARTESIANPOINTLIST2D(((0.,0.),(1.0841559171676636,0.),(1.0841559171676636,0.89999997615814209),(0.,0.89999997615814209)));
#11297=IFCINDEXEDPOLYCURVE(#11296,(IFCLINEINDEX((1,2,3,4,1))),$);
#11298=IFCARBITRARYCLOSEDPROFILEDEF(.AREA.,$,#11297);
#11299=IFCCARTESIANPOINT((0.,-0.60000002384185791,0.));
#11300=IFCDIRECTION((0.,-1.,0.));
#11301=IFCDIRECTION((1.,0.,0.));
#11302=IFCAXIS2PLACEMENT3D(#11299,#11300,#11301);
#11303=IFCDIRECTION((0.,0.,-1.));
#11304=IFCEXTRUDEDAREASOLID(#11298,#11302,#11303,1.2);
#11305=IFCSHAPEREPRESENTATION(#11,'Body','SweptSolid',(#11304));
#11311=IFCCARTESIANPOINT((0.30675544607760274,2.384185791015625E-07,1.));
#11312=IFCDIRECTION((0.,0.,1.));
#11313=IFCDIRECTION((0.99999999999997158,-2.3841857910155572E-07,0.));
#11314=IFCAXIS2PLACEMENT3D(#11311,#11312,#11313);
#11315=IFCLOCALPLACEMENT(#6728,#11314);
#11316=IFCCARTESIANPOINT((0.,0.,0.));
#11317=IFCDIRECTION((0.,0.,1.));
#11318=IFCDIRECTION((1.,0.,0.));
#11319=IFCAXIS2PLACEMENT3D(#11316,#11317,#11318);
#11320=IFCLOCALPLACEMENT(#11315,#11319);
#11401=IFCDOOR('14l8v6m$v5W8sbVQs1VVRe',$,'Door',$,$,#11490,#11410,$,2.,0.79020124673843384,$,$,$);
#11402=IFCRELDEFINESBYTYPE('1Xc67YeCPEIPSZQ1wKjCNK',$,$,$,(#11401),#10785);
#11403=IFCCARTESIANPOINT((0.,0.,0.));
#11404=IFCDIRECTION((1.,0.,0.));
#11405=IFCDIRECTION((0.,1.,0.));
#11406=IFCDIRECTION((0.,0.,1.));
#11407=IFCCARTESIANTRANSFORMATIONOPERATOR3D(#11404,#11405,#11403,1.,#11406);
#11408=IFCMAPPEDITEM(#10788,#11407);
#11409=IFCSHAPEREPRESENTATION(#18,'Profile','MappedRepresentation',(#11408));
#11410=IFCPRODUCTDEFINITIONSHAPE($,$,(#11409,#11417,#11424));
#11411=IFCCARTESIANPOINT((0.,0.,0.));
#11412=IFCDIRECTION((1.,0.,0.));
#11413=IFCDIRECTION((0.,1.,0.));
#11414=IFCDIRECTION((0.,0.,1.));
#11415=IFCCARTESIANTRANSFORMATIONOPERATOR3D(#11412,#11413,#11411,1.,#11414);
#11416=IFCMAPPEDITEM(#10796,#11415);
#11417=IFCSHAPEREPRESENTATION(#11,'Body','MappedRepresentation',(#11416));
#11418=IFCCARTESIANPOINT((0.,0.,0.));
#11419=IFCDIRECTION((1.,0.,0.));
#11420=IFCDIRECTION((0.,1.,0.));
#11421=IFCDIRECTION((0.,0.,1.));
#11422=IFCCARTESIANTRANSFORMATIONOPERATOR3D(#11419,#11420,#11418,1.,#11421);
#11423=IFCMAPPEDITEM(#10874,#11422);
#11424=IFCSHAPEREPRESENTATION(#24,'Body','MappedRepresentation',(#11423));
#11425=IFCOPENINGELEMENT('3Xlq3YwMXCsBn9cQnoM2gu',$,'Opening',$,$,#11475,#11453,$,.OPENING.);
#11431=IFCCARTESIANPOINTLIST2D(((0.,0.),(0.79020124673843384,0.),(0.79020124673843384,2.),(0.,2.)));
#11432=IFCINDEXEDPOLYCURVE(#11431,(IFCLINEINDEX((1,2,3,4,1))),$);
#11433=IFCARBITRARYCLOSEDPROFILEDEF(.AREA.,$,#11432);
#11434=IFCCARTESIANPOINT((0.,-0.60000002384185791,0.));
#11435=IFCDIRECTION((0.,-1.,0.));
#11436=IFCDIRECTION((1.,0.,0.));
#11437=IFCAXIS2PLACEMENT3D(#11434,#11435,#11436);
#11438=IFCDIRECTION((0.,0.,-1.));
#11439=IFCEXTRUDEDAREASOLID(#11433,#11437,#11438,1.2);
#11440=IFCSHAPEREPRESENTATION(#11,'Body','SweptSolid',(#11439));
#11441=IFCCARTESIANPOINT((0.,0.,0.));
#11442=IFCDIRECTION((1.,0.,0.));
#11443=IFCDIRECTION((0.,0.,1.));
#11444=IFCAXIS2PLACEMENT3D(#11441,#11443,#11442);
#11445=IFCREPRESENTATIONMAP(#11444,#11440);
#11446=IFCCARTESIANPOINT((0.,0.,0.));
#11447=IFCDIRECTION((1.,0.,0.));
#11448=IFCDIRECTION((0.,1.,0.));
#11449=IFCDIRECTION((0.,0.,1.));
#11450=IFCCARTESIANTRANSFORMATIONOPERATOR3D(#11447,#11448,#11446,1.,#11449);
#11451=IFCMAPPEDITEM(#11445,#11450);
#11452=IFCSHAPEREPRESENTATION(#11,'Body','MappedRepresentation',(#11451));
#11453=IFCPRODUCTDEFINITIONSHAPE($,$,(#11452));
#11454=IFCRELVOIDSELEMENT('01I1qEDo12mfb_LZDUFKq7',$,$,$,#6181,#11425);
#11460=IFCRELFILLSELEMENT('26d9LlG9LCohvbq47bgeNX',$,$,$,#11425,#11401);
#11471=IFCCARTESIANPOINT((1.4416651096040614,3.5762786865234375E-07,0.));
#11472=IFCDIRECTION((0.,0.,1.));
#11473=IFCDIRECTION((0.99999999999997158,-2.3841857910155572E-07,0.));
#11474=IFCAXIS2PLACEMENT3D(#11471,#11472,#11473);
#11475=IFCLOCALPLACEMENT(#6579,#11474);
#11481=IFCCARTESIANPOINT((0.,0.,6.));
#11482=IFCDIRECTION((0.,0.,1.));
#11483=IFCDIRECTION((1.,0.,0.));
#11484=IFCAXIS2PLACEMENT3D(#11481,#11482,#11483);
#11485=IFCLOCALPLACEMENT(#56,#11484);
#11486=IFCCARTESIANPOINT((0.,0.,0.));
#11487=IFCDIRECTION((0.,0.,1.));
#11488=IFCDIRECTION((1.,0.,0.));
#11489=IFCAXIS2PLACEMENT3D(#11486,#11487,#11488);
#11490=IFCLOCALPLACEMENT(#11475,#11489);
#11491=IFCCARTESIANPOINT((0.,0.,0.));
#11492=IFCDIRECTION((0.,0.,1.));
#11493=IFCDIRECTION((1.,0.,0.));
#11494=IFCAXIS2PLACEMENT3D(#11491,#11492,#11493);
#11495=IFCLOCALPLACEMENT(#10779,#11494);
#11496=IFCCARTESIANPOINT((8.8817841970012523E-16,0.,0.));
#11497=IFCDIRECTION((0.,0.,1.));
#11498=IFCDIRECTION((1.,0.,0.));
#11499=IFCAXIS2PLACEMENT3D(#11496,#11497,#11498);
#11500=IFCLOCALPLACEMENT(#10764,#11499);
#11501=IFCCARTESIANPOINT((8.8817841970012523E-16,0.,0.));
#11502=IFCDIRECTION((0.,0.,1.));
#11503=IFCDIRECTION((1.,0.,0.));
#11504=IFCAXIS2PLACEMENT3D(#11501,#11502,#11503);
#11505=IFCLOCALPLACEMENT(#10734,#11504);
#11506=IFCCARTESIANPOINT((9.4368957093138306E-16,0.,0.));
#11507=IFCDIRECTION((0.,0.,1.));
#11508=IFCDIRECTION((1.,0.,0.));
#11509=IFCAXIS2PLACEMENT3D(#11506,#11507,#11508);
#11510=IFCLOCALPLACEMENT(#10749,#11509);
#11511=IFCSLABTYPE('01VZAb8Dn8pOSA6W5POngg',$,'Slab Roof',$,$,(#11512),$,$,$,.FLOOR.);
#11512=IFCPROPERTYSET('1mjbGmYb96puojZJsPABai',$,'EPset_Parametric',$,(#11513));
#11513=IFCPROPERTYSINGLEVALUE('LayerSetDirection',$,IFCLABEL('AXIS3'),$);
#11514=IFCRELASSOCIATESMATERIAL('2aswIQsFj9ORNCW8bqYGDx',$,$,$,(#11511),#11515);
#11515=IFCMATERIALLAYERSET((#11516),$,$);
#11516=IFCMATERIALLAYER(#81,0.10000000000000001,$,$,$,$,$);
#11517=IFCSLAB('0eZjY_Zs5Cc8opJmS8XCmC',$,'Slab',$,$,#11526,#11533,$,$);
#11518=IFCRELCONTAINEDINSPATIALSTRUCTURE('2BAlmGoRXFcx5MiRp8Vjr$',$,$,$,(#11541,#11517),#8753);
#11519=IFCRELDEFINESBYTYPE('0Ih$O2Efn2kBjiuOwymb2d',$,$,$,(#11517),#11511);
#11520=IFCMATERIALLAYERSETUSAGE(#11515,.AXIS3.,.POSITIVE.,-0.10000000149011612,$);
#11521=IFCRELASSOCIATESMATERIAL('3llmcM9PPBRfDRn_1CD8CU',$,$,$,(#11517),#11520);
#11522=IFCCARTESIANPOINT((4.1863055229187012,-3.0573294162750244,0.));
#11523=IFCDIRECTION((0.,0.,1.));
#11524=IFCDIRECTION((1.,0.,0.));
#11525=IFCAXIS2PLACEMENT3D(#11522,#11523,#11524);
#11526=IFCLOCALPLACEMENT(#11485,#11525);
#11527=IFCCARTESIANPOINTLIST2D(((0.,0.),(9.5367431640625E-07,9.5699996948242188),(-3.9500010013580322,9.5699996948242188),(-3.9500010013580322,8.6197071075439453),(-7.4499773979187012,8.6197071075439453),(-7.4499778747558594,1.4699881076812744),(-3.9499773979187012,1.4699884653091431),(-3.9499773979187012,0.87001252174377441),(-2.1999773979187012,0.87001276016235352),(-2.1999773979187012,1.7404556274414062E-05),(0.,0.)));
#11528=IFCINDEXEDPOLYCURVE(#11527,$,$);
#11529=IFCDIRECTION((0.,0.,1.));
#11530=IFCARBITRARYCLOSEDPROFILEDEF(.AREA.,$,#11528);
#11531=IFCEXTRUDEDAREASOLID(#11530,#11540,#11529,0.10000000000000001);
#11532=IFCSHAPEREPRESENTATION(#11,'Body','SweptSolid',(#11531));
#11533=IFCPRODUCTDEFINITIONSHAPE($,$,(#11532));
#11534=IFCPROPERTYSET('2pFviHsiv9hP6dlfEuWyyL',$,'EPset_Parametric',$,(#11536));
#11535=IFCRELDEFINESBYPROPERTIES('0WrIy_jhT3Leei$LmsMZHD',$,$,$,(#11517),#11534);
#11536=IFCPROPERTYSINGLEVALUE('Engine',$,IFCLABEL('Bonsai.DumbLayer3'),$);
#11537=IFCCARTESIANPOINT((-0.,-0.,-0.10000000149011612));
#11538=IFCDIRECTION((0.,0.,1.));
#11539=IFCDIRECTION((1.,0.,0.));
#11540=IFCAXIS2PLACEMENT3D(#11537,#11538,#11539);
#11541=IFCROOF('2jxbkO7XDFJQJVHXlMzFwh',$,'Roof',$,$,#11567,#11550,$,$);
#11542=IFCRELDEFINESBYTYPE('2hIg84HmnFd8k9vYa5lVUA',$,$,$,(#11541),#5896);
#11543=IFCCARTESIANPOINT((0.,0.,0.));
#11544=IFCDIRECTION((1.,0.,0.));
#11545=IFCDIRECTION((0.,1.,0.));
#11546=IFCDIRECTION((0.,0.,1.));
#11547=IFCCARTESIANTRANSFORMATIONOPERATOR3D(#11544,#11545,#11543,1.,#11546);
#11548=IFCMAPPEDITEM(#5926,#11547);
#11549=IFCSHAPEREPRESENTATION(#11,'Body','MappedRepresentation',(#11548));
#11550=IFCPRODUCTDEFINITIONSHAPE($,$,(#11549,#11557));
#11551=IFCCARTESIANPOINT((0.,0.,0.));
#11552=IFCDIRECTION((1.,0.,0.));
#11553=IFCDIRECTION((0.,1.,0.));
#11554=IFCDIRECTION((0.,0.,1.));
#11555=IFCCARTESIANTRANSFORMATIONOPERATOR3D(#11552,#11553,#11551,1.,#11554);
#11556=IFCMAPPEDITEM(#5954,#11555);
#11557=IFCSHAPEREPRESENTATION(#13,'Box','MappedRepresentation',(#11556));
#11563=IFCCARTESIANPOINT((0.5539703369140625,1.7406175136566162,0.10154247283935547));
#11564=IFCDIRECTION((0.,0.,1.));
#11565=IFCDIRECTION((1.,0.,0.));
#11566=IFCAXIS2PLACEMENT3D(#11563,#11564,#11565);
#11567=IFCLOCALPLACEMENT(#11485,#11566);
ENDSEC;
END-ISO-10303-21;
